{
    "x": [
        4.5,
        3.75,
        2,
        2,
        1.5,
        1,
        1.5,
        1,
        1,
        1.5,
        1.5,
        1,
        1,
        1.5,
        1,
        0.75,
        0,
        0,
        0.0,
        0.0,
        0,
        0,
        0.0,
        0,
        0.0,
        0,
        0,
        0.75,
        0.75,
        0,
        0,
        0.75,
        0,
        0.75,
        1,
        1,
        1.5,
        0.75,
        0,
        1,
        1.5,
        1,
        1.5,
        1,
        1,
        2.25,
        1.5,
        1,
        1,
        1.5,
        1,
        0.75,
        0,
        0,
        0.75,
        0.75,
        0,
        0,
        0.75,
        1,
        1.5,
        1,
        1,
        2.25,
        3.75,
        4,
        5,
        6.75,
        9,
        12.0,
        12,
        12,
        12.75,
        22.5,
        23,
        25,
        29.25,
        32,
        35.25,
        38,
        40,
        42.0,
        48.0,
        49,
        51,
        54.0,
        57,
        60.0,
        62,
        63,
        64.5,
        69.75,
        70,
        71,
        72.75,
        73,
        75.0,
        76,
        77,
        78.0,
        80.25,
        80,
        80,
        81.0,
        80,
        79.5,
        77,
        76,
        75.75,
        72.75,
        71,
        70,
        67.5,
        64,
        60.75,
        57,
        55,
        54.0,
        45.75,
        43,
        42,
        39.0,
        35,
        32.25,
        28,
        26,
        24.75,
        20.25,
        19,
        18,
        15.75,
        13,
        12.0,
        10,
        9,
        9.0,
        9.0,
        9,
        9,
        10.5,
        12,
        13.5,
        15,
        17.25,
        21.75,
        24,
        26.25,
        31.5,
        34,
        37.5,
        42.75,
        45,
        48.75,
        54.0,
        56,
        59.25,
        64.5,
        66,
        68.25,
        72.0,
        74,
        76.5,
        81.0,
        82,
        84.0,
        87.0,
        88,
        89.25,
        91.5,
        91,
        92.25,
        99.0,
        96,
        94.5,
        96.0
    ],
    "y": [
        99.0,
        99.0,
        98,
        98,
        98.10810810810811,
        97,
        96.77027027027027,
        95,
        94,
        94.54054054054055,
        91.86486486486487,
        90,
        90,
        88.74324324324324,
        87,
        85.62162162162163,
        83,
        82,
        81.60810810810811,
        77.14864864864865,
        76,
        75,
        73.13513513513513,
        70,
        68.67567567567568,
        66,
        65,
        64.66216216216216,
        60.648648648648646,
        59,
        58,
        56.63513513513514,
        54,
        51.729729729729726,
        49,
        48,
        47.270270270270274,
        43.25675675675676,
        42,
        41,
        38.7972972972973,
        36,
        34.33783783783784,
        32,
        30,
        29.87837837837838,
        25.41891891891892,
        24,
        23,
        21.85135135135135,
        20,
        18.283783783783782,
        16,
        15,
        14.27027027027027,
        10.702702702702704,
        9,
        8,
        7.135135135135135,
        6,
        5.797297297297297,
        5,
        4,
        4.45945945945946,
        4.013513513513513,
        3,
        3,
        3.1216216216216215,
        2,
        1.7837837837837838,
        1,
        0,
        0.8918918918918919,
        1.337837837837838,
        1,
        1,
        0.8918918918918919,
        0,
        0.44594594594594594,
        0,
        0,
        0.0,
        1.7837837837837838,
        1,
        2,
        3.1216216216216215,
        3,
        4.45945945945946,
        5,
        5,
        6.6891891891891895,
        9.364864864864865,
        10,
        11,
        12.932432432432432,
        14,
        16.5,
        18,
        19,
        20.06756756756757,
        23.635135135135137,
        23,
        24,
        26.31081081081081,
        28,
        29.87837837837838,
        31,
        32,
        33.0,
        35.67567567567568,
        36,
        37,
        38.7972972972973,
        39,
        41.027027027027025,
        42,
        42,
        43.25675675675676,
        45.04054054054054,
        45,
        45,
        46.37837837837838,
        46,
        47.270270270270274,
        47,
        47,
        47.71621621621622,
        47.71621621621622,
        47,
        47,
        47.270270270270274,
        47,
        47.270270270270274,
        47,
        47,
        47.270270270270274,
        47.270270270270274,
        47,
        47,
        47.270270270270274,
        47,
        47.270270270270274,
        47,
        47.270270270270274,
        48.16216216216216,
        48,
        48.608108108108105,
        49.5,
        49,
        50.391891891891895,
        51.729729729729726,
        52,
        53.067567567567565,
        54.851351351351354,
        55,
        56.63513513513514,
        59.310810810810814,
        60,
        62.432432432432435,
        65.55405405405405,
        67,
        68.67567567567568,
        71.79729729729729,
        74,
        76.25675675675676,
        80.27027027027027,
        82,
        84.72972972972973,
        88.29729729729729,
        90,
        91.86486486486487,
        95.87837837837837,
        96,
        96.77027027027027,
        97.66216216216216
    ]
}