{
    "x": [
        5.775,
        4.95,
        4,
        4,
        4.125,
        4,
        4.125,
        4,
        4,
        4.125,
        4.95,
        4,
        4,
        4.125,
        4,
        4.95,
        4,
        4,
        4.95,
        4.95,
        4,
        4,
        4.95,
        4,
        4.95,
        2,
        1,
        0.0,
        4.125,
        4,
        4,
        4.125,
        4,
        4.125,
        3,
        3,
        3.3,
        3.3,
        2,
        2,
        2.475,
        2,
        1.65,
        1,
        1,
        1.65,
        1.65,
        1,
        1,
        1.65,
        1,
        0.825,
        0,
        0,
        0.825,
        0.0,
        0,
        0,
        0.825,
        2,
        3.3,
        4,
        5,
        6.6,
        11.55,
        12,
        14,
        17.325,
        20,
        23.1,
        26,
        27,
        29.7,
        34.65,
        36,
        39,
        43.725,
        47,
        50.325,
        53,
        54,
        56.925,
        63.525,
        64,
        66,
        69.3,
        71,
        74.25,
        77,
        78,
        80.025,
        83.325,
        83,
        84,
        86.625,
        87,
        88.275,
        88,
        88,
        88.275,
        86.625,
        86,
        87,
        88.275,
        83,
        79.2,
        76,
        75,
        74.25,
        68.475,
        66,
        64,
        61.05,
        57,
        53.625,
        49,
        46,
        44.55,
        37.125,
        35,
        33,
        29.7,
        25,
        21.45,
        18,
        16,
        15.675,
        11.55,
        10,
        10,
        9.075,
        9,
        9.075,
        9,
        9,
        9.9,
        13.2,
        14,
        15,
        18.15,
        21,
        23.925,
        27,
        28,
        30.525,
        37.95,
        39,
        41,
        45.375,
        49,
        52.8,
        56,
        60.225,
        67.65,
        70,
        73.425,
        78.375,
        80,
        83.325,
        85.8,
        87,
        89.1,
        96.525,
        94,
        93.225,
        95.7,
        95,
        95.7,
        96.525,
        96,
        97.35,
        98.175,
        98,
        99.0,
        99.0
    ],
    "y": [
        99.0,
        98.52857142857142,
        98,
        98,
        97.58571428571429,
        96,
        96.17142857142858,
        94,
        93,
        93.34285714285714,
        90.04285714285714,
        88,
        87,
        85.8,
        83,
        82.02857142857142,
        79,
        78,
        77.78571428571429,
        73.07142857142857,
        71,
        70,
        67.88571428571429,
        65,
        62.7,
        60,
        59,
        58.457142857142856,
        52.8,
        51,
        50,
        48.08571428571429,
        45,
        42.9,
        40,
        38,
        37.714285714285715,
        32.52857142857143,
        31,
        30,
        27.814285714285713,
        25,
        23.571428571428573,
        21,
        19,
        18.857142857142858,
        14.142857142857142,
        13,
        12,
        9.9,
        8,
        7.071428571428571,
        5,
        4,
        4.242857142857143,
        2.8285714285714287,
        2,
        2,
        1.8857142857142857,
        1,
        0.9428571428571428,
        0,
        0,
        0.4714285714285714,
        0.0,
        0,
        0,
        0.0,
        0,
        0.0,
        0,
        0,
        0.0,
        3.3,
        2,
        1,
        0.4714285714285714,
        0,
        1.4142857142857144,
        1,
        1,
        2.357142857142857,
        4.242857142857143,
        4,
        5,
        6.128571428571429,
        7,
        8.957142857142857,
        10,
        10,
        11.314285714285715,
        14.614285714285714,
        15,
        16,
        18.385714285714286,
        20,
        22.62857142857143,
        24,
        25,
        26.4,
        29.7,
        30,
        31,
        33.94285714285714,
        35,
        36.3,
        37,
        38,
        39.6,
        42.42857142857143,
        43,
        44,
        45.72857142857143,
        46,
        48.08571428571429,
        49,
        49,
        49.97142857142857,
        51.385714285714286,
        51,
        51,
        52.32857142857143,
        53,
        53.74285714285714,
        53,
        53,
        54.214285714285715,
        53.74285714285714,
        53,
        53,
        53.74285714285714,
        53,
        53.27142857142857,
        53,
        52,
        52.8,
        52.8,
        52,
        52,
        52.8,
        52,
        52.8,
        53,
        53,
        53.74285714285714,
        54.68571428571428,
        54,
        55,
        55.628571428571426,
        56,
        57.042857142857144,
        57,
        58.92857142857143,
        60.81428571428572,
        61,
        62.7,
        65.05714285714286,
        66,
        67.88571428571429,
        70.71428571428571,
        72,
        74.48571428571428,
        79.67142857142858,
        80,
        81.55714285714286,
        84.85714285714286,
        86,
        87.68571428571428,
        89.57142857142857,
        90,
        90.98571428571428,
        92.4,
        92,
        93.34285714285714,
        93.81428571428572
    ]
}