{
    "x": [
        2.25,
        2.25,
        1,
        1,
        1.5,
        1.5,
        1,
        1,
        1.5,
        1.5,
        1,
        1,
        1.5,
        1.5,
        1,
        1,
        1.5,
        2.25,
        2,
        2,
        2.25,
        2.25,
        2,
        2,
        2.25,
        2.25,
        2,
        2,
        3.0,
        3.0,
        3,
        3,
        3.75,
        3.75,
        3,
        3,
        3.75,
        3.75,
        3,
        3,
        3.0,
        3.0,
        2,
        1,
        1.5,
        0.75,
        0,
        0,
        0.75,
        0.75,
        0,
        0,
        0.0,
        0.75,
        1,
        1,
        1.5,
        3.0,
        4,
        5,
        6.0,
        10.5,
        13,
        14,
        16.5,
        23.25,
        26,
        28,
        30.0,
        36.75,
        40,
        41,
        43.5,
        51.0,
        55,
        57,
        59.25,
        64.5,
        67,
        68,
        70.5,
        77.25,
        80,
        81,
        83.25,
        87.75,
        90,
        91,
        93.0,
        96.75,
        97,
        97,
        98.25,
        99.0,
        98,
        98,
        98.25,
        95.25,
        93,
        92,
        91.5,
        86.25,
        83,
        81,
        80.25,
        73.5,
        69,
        67,
        66.0,
        58.5,
        54,
        52,
        51.0,
        45.0,
        41,
        39,
        37.5,
        30.75,
        27,
        25,
        24.0,
        18.0,
        15,
        14,
        13.5,
        10.5,
        10,
        10,
        10.5,
        12.0,
        13,
        14,
        15.0,
        19.5,
        22,
        23,
        25.5,
        31.5,
        34,
        35,
        37.5,
        44.25,
        47,
        49,
        51.0,
        57.0,
        59,
        60,
        62.25,
        67.5,
        69,
        70,
        72.0,
        76.5,
        78,
        79,
        80.25,
        84.0,
        85,
        87.0,
        89.25,
        91,
        93.0,
        94.5,
        95,
        96.0,
        96.75,
        97,
        97.5,
        98.25,
        98,
        98.25,
        98.25,
        95,
        93.0
    ],
    "y": [
        99.0,
        97.73076923076923,
        96,
        96,
        96.03846153846153,
        93.92307692307692,
        92,
        91,
        91.38461538461539,
        88.84615384615384,
        86,
        85,
        85.03846153846153,
        81.23076923076923,
        79,
        78,
        77.84615384615384,
        74.46153846153847,
        72,
        71,
        70.23076923076923,
        66.0,
        64,
        63,
        62.19230769230769,
        58.38461538461539,
        56,
        55,
        55.0,
        50.76923076923077,
        48,
        47,
        46.53846153846154,
        42.73076923076923,
        40,
        39,
        38.92307692307692,
        35.11538461538461,
        33,
        32,
        31.307692307692307,
        26.653846153846153,
        24,
        23,
        22.846153846153847,
        19.03846153846154,
        17,
        16,
        15.653846153846153,
        11.846153846153847,
        10,
        9,
        8.884615384615385,
        6.769230769230769,
        5,
        5,
        5.076923076923077,
        3.3846153846153846,
        3,
        2,
        2.9615384615384617,
        1.6923076923076923,
        1,
        0,
        0.4230769230769231,
        0.0,
        0,
        0,
        0.0,
        0.0,
        1,
        2,
        3.3846153846153846,
        0.8461538461538461,
        1,
        1,
        1.2692307692307692,
        2.9615384615384617,
        3,
        3,
        4.230769230769231,
        6.769230769230769,
        7,
        7,
        8.884615384615385,
        11.846153846153847,
        13,
        13,
        14.807692307692308,
        17.76923076923077,
        19,
        20,
        21.576923076923077,
        25.384615384615383,
        26,
        27,
        28.346153846153847,
        31.73076923076923,
        33,
        33,
        34.69230769230769,
        37.23076923076923,
        38,
        38,
        39.76923076923077,
        41.46153846153846,
        42,
        42,
        43.57692307692308,
        44.84615384615385,
        45,
        45,
        45.69230769230769,
        46.96153846153846,
        46,
        46,
        46.96153846153846,
        47.38461538461539,
        47,
        47,
        47.38461538461539,
        47.80769230769231,
        47,
        47,
        47.80769230769231,
        48.23076923076923,
        48,
        47,
        47.80769230769231,
        47.80769230769231,
        47,
        47,
        47.80769230769231,
        47.80769230769231,
        47,
        47,
        47.80769230769231,
        47.80769230769231,
        47,
        47,
        47.80769230769231,
        48.65384615384615,
        48,
        48,
        49.07692307692308,
        50.76923076923077,
        51,
        51,
        52.03846153846154,
        53.73076923076923,
        54,
        54,
        55.84615384615385,
        58.80769230769231,
        60,
        60,
        61.76923076923077,
        65.15384615384616,
        66,
        68.11538461538461,
        72.34615384615384,
        74,
        76.57692307692308,
        80.38461538461539,
        82,
        84.1923076923077,
        88.0,
        89,
        90.53846153846153,
        93.07692307692308,
        94,
        95.1923076923077,
        96.46153846153847,
        97,
        98.57692307692308
    ]
}