{
    "x": [
        90.75,
        91.5,
        90,
        89,
        87.0,
        87,
        87.0,
        89,
        90,
        92.25,
        91.5,
        91,
        91,
        91,
        92.25,
        89,
        87.0,
        89,
        90,
        92.25,
        92.25,
        92,
        92,
        93.0,
        93,
        93.75,
        93,
        93,
        93,
        93.75,
        93.75,
        93,
        94,
        94.5,
        94,
        94.5,
        95,
        95,
        96.0,
        95.25,
        95,
        95,
        95,
        95.25,
        95,
        95.25,
        94,
        94,
        94.5,
        90.0,
        91,
        92,
        95.25,
        92,
        90.0,
        91,
        93,
        94,
        96.75,
        96.0,
        96,
        97,
        98.25,
        98,
        98.25,
        98,
        98,
        98.25,
        99.0,
        99,
        99,
        99,
        99.0,
        99,
        99.0,
        99,
        99,
        99.0,
        99.0,
        99,
        99,
        99.0,
        98,
        98,
        98.25,
        98,
        98,
        98.25,
        96.75,
        96,
        96,
        96.75,
        96,
        96.75,
        96,
        95,
        95.25,
        95,
        95.25,
        94,
        94,
        94.5,
        93,
        93.0,
        92,
        92,
        92.25,
        90.75,
        89,
        89,
        88.5,
        87,
        87,
        86.25,
        84,
        83,
        83.25,
        81.0,
        81,
        82,
        84.75,
        79,
        73.5,
        71,
        70,
        69,
        69.75,
        66.0,
        64,
        63,
        60.75,
        59,
        57.75,
        55,
        53,
        52.5,
        48.0,
        46,
        45,
        43,
        42.75,
        39,
        36.75,
        34,
        33,
        32.25,
        27.75,
        26,
        25,
        24.0,
        22,
        20.25,
        18,
        17,
        17,
        16.5,
        14.25,
        13,
        12,
        11.25,
        10,
        9.0,
        8,
        7,
        7.5,
        0.0,
        1,
        1,
        2,
        4.5,
        3,
        2.25,
        1,
        1,
        1.5
    ],
    "y": [
        0.0,
        0.8354430379746836,
        1,
        2,
        3.3417721518987342,
        3,
        3.3417721518987342,
        2,
        2,
        2.088607594936709,
        4.594936708860759,
        4,
        4,
        4,
        4.594936708860759,
        6,
        8.354430379746836,
        8,
        8,
        8.772151898734178,
        10.443037974683545,
        10,
        11,
        12.531645569620252,
        13,
        14.620253164556962,
        15,
        15,
        15,
        16.70886075949367,
        19.21518987341772,
        19,
        20,
        21.303797468354432,
        22,
        23.39240506329114,
        24,
        24,
        25.063291139240505,
        27.569620253164558,
        27,
        27,
        28,
        30.075949367088608,
        31,
        32.164556962025316,
        33,
        33,
        34.25316455696203,
        37.177215189873415,
        37,
        37,
        37.59493670886076,
        39,
        40.51898734177215,
        40,
        40,
        40,
        41.35443037974684,
        43.0253164556962,
        43,
        43,
        44.278481012658226,
        45,
        45.949367088607595,
        46,
        46,
        47.620253164556964,
        49.29113924050633,
        49,
        49,
        49,
        50.12658227848101,
        51,
        52.21518987341772,
        53,
        53,
        54.30379746835443,
        56.392405063291136,
        56,
        57,
        58.48101265822785,
        59,
        59,
        60.9873417721519,
        62,
        62,
        63.49367088607595,
        65.58227848101266,
        65,
        66,
        68.0886075949367,
        69,
        70.59493670886076,
        71,
        71,
        72.68354430379746,
        73,
        75.18987341772151,
        75,
        76,
        77.27848101265823,
        78,
        79.36708860759494,
        80,
        80,
        81.45569620253164,
        83.54430379746836,
        83,
        84,
        86.0506329113924,
        86,
        87,
        88.13924050632912,
        89,
        89,
        90.22784810126582,
        93.15189873417721,
        93,
        93,
        93.15189873417721,
        94,
        95.65822784810126,
        96,
        96,
        96,
        96.9113924050633,
        98.16455696202532,
        98,
        98,
        98.16455696202532,
        98,
        99.0,
        98,
        98,
        98.16455696202532,
        98.58227848101266,
        98,
        98,
        98,
        98.16455696202532,
        97,
        97.32911392405063,
        97,
        97,
        97.74683544303798,
        95.65822784810126,
        95,
        95,
        94.82278481012658,
        93,
        92.73417721518987,
        91,
        91,
        91,
        91.0632911392405,
        89.81012658227849,
        88,
        88,
        87.72151898734177,
        86,
        86.0506329113924,
        85,
        84,
        83.9620253164557,
        84.37974683544304,
        83,
        82,
        82,
        80.62025316455696,
        79,
        78.53164556962025,
        77,
        77,
        77.27848101265823
    ]
}