{
    "x": [
        80.3,
        81.4,
        80,
        80,
        80,
        80,
        80,
        80.3,
        80,
        80,
        81.4,
        78,
        77,
        76,
        76,
        75.9,
        79,
        82.5,
        82,
        82,
        82,
        82,
        82.5,
        82,
        82,
        82.5,
        82,
        82,
        82,
        82,
        82,
        82.5,
        84.7,
        84,
        84,
        84,
        84,
        84,
        84.7,
        85,
        85,
        85,
        86.9,
        86,
        86,
        86,
        86.9,
        88,
        88,
        89.1,
        89,
        89,
        89,
        90.2,
        90,
        90,
        90,
        91.3,
        91,
        92,
        92,
        92,
        92,
        93.5,
        94.6,
        94,
        94,
        95,
        95,
        95,
        96.8,
        96,
        95,
        95.7,
        96,
        96,
        96,
        96,
        96.8,
        97,
        99.0,
        99,
        99,
        99,
        99,
        99.0,
        98,
        97,
        96.8,
        96,
        96,
        96,
        95,
        95,
        95.7,
        93.5,
        92,
        92,
        92,
        91,
        90,
        89.1,
        86,
        85,
        84,
        84.7,
        82,
        81,
        81,
        80.3,
        77,
        75,
        74.8,
        73,
        72,
        72,
        69.3,
        67,
        66,
        66,
        62.7,
        60,
        58,
        56,
        55,
        55,
        55.0,
        48.4,
        47,
        46,
        45,
        43,
        42,
        41.8,
        38,
        36,
        35.2,
        32,
        31,
        30,
        30,
        29.7,
        26,
        24.2,
        22,
        21,
        21,
        21,
        18.7,
        17,
        16,
        14.3,
        13,
        12,
        12,
        10,
        9,
        9.9,
        7.7,
        6,
        6,
        6,
        5,
        4,
        3.3,
        2,
        2,
        2,
        2.2,
        1,
        0,
        0,
        0.0,
        0,
        0.0
    ],
    "y": [
        0.0,
        2.020408163265306,
        2,
        2,
        3,
        3,
        3,
        4.040816326530612,
        4,
        4,
        5.051020408163265,
        6,
        6,
        6,
        6,
        7.576530612244898,
        8,
        9.091836734693878,
        9,
        9,
        9,
        10,
        12.627551020408163,
        13,
        14,
        15.658163265306122,
        16,
        16,
        17,
        17,
        17,
        18.68877551020408,
        21.214285714285715,
        21,
        21,
        21,
        22,
        22,
        23.739795918367346,
        25,
        26,
        26,
        27.78061224489796,
        29,
        29,
        30,
        31.821428571428573,
        33,
        34,
        35.357142857142854,
        36,
        36,
        37,
        38.892857142857146,
        39,
        39,
        40,
        41.923469387755105,
        42,
        43,
        44,
        44,
        44,
        45.45918367346939,
        49.5,
        49,
        50,
        51,
        52,
        53,
        54.045918367346935,
        56,
        57,
        58.59183673469388,
        60,
        60,
        60,
        61,
        62.12755102040816,
        63,
        65.66326530612245,
        66,
        66,
        66,
        67,
        69.70408163265306,
        70,
        72,
        74.75510204081633,
        75,
        75,
        76,
        77,
        77,
        78.79591836734694,
        82.83673469387755,
        82,
        82,
        83,
        84,
        85,
        86.37244897959184,
        88,
        88,
        88,
        89.90816326530613,
        91,
        91,
        92,
        93.4438775510204,
        94,
        94,
        95.96938775510205,
        95,
        95,
        96,
        97.48469387755102,
        97,
        97,
        97,
        98.49489795918367,
        98,
        98,
        98,
        98,
        98,
        99.0,
        98.49489795918367,
        98,
        98,
        98,
        98,
        98,
        98.49489795918367,
        97,
        97,
        97.48469387755102,
        96,
        96,
        96,
        96,
        96.47448979591837,
        94,
        93.4438775510204,
        92,
        92,
        92,
        92,
        90.91836734693878,
        89,
        89,
        88.39285714285714,
        87,
        86,
        86,
        85,
        84,
        84.85714285714286,
        81.8265306122449,
        80,
        80,
        80,
        80,
        79,
        79.30102040816327,
        78,
        77,
        76,
        76.77551020408163,
        76,
        75,
        75,
        75.26020408163265,
        75,
        74.75510204081633
    ]
}