{
    "x": [
        0.0,
        0.0,
        0,
        0,
        0.44,
        0,
        1.32,
        1,
        1,
        1.32,
        2.2,
        1,
        1,
        1.76,
        2,
        3.52,
        3,
        3,
        4.4,
        5.28,
        5,
        5,
        6.6,
        7,
        7.48,
        7,
        7,
        7.92,
        7.92,
        8,
        9,
        10.56,
        11,
        11.44,
        11,
        11,
        11.44,
        13.64,
        13,
        14,
        14.52,
        15,
        15.84,
        16,
        16,
        16.72,
        17.6,
        17,
        17,
        16.72,
        17,
        18.04,
        18,
        18,
        19.8,
        21.12,
        21,
        21,
        21.56,
        22,
        22.44,
        23,
        23,
        23.76,
        25.08,
        25,
        25,
        26.4,
        27,
        27.72,
        28,
        28,
        29.92,
        31.24,
        31,
        32,
        33.0,
        33,
        34.76,
        35,
        35,
        36.08,
        37.4,
        37,
        38,
        38.72,
        39,
        40.04,
        40,
        40,
        41.36,
        39.6,
        40,
        41,
        43.12,
        43,
        43.56,
        44,
        44,
        44.44,
        45.76,
        45,
        45,
        44.88,
        46,
        48.4,
        49,
        49,
        50.6,
        52.36,
        52,
        53,
        54.56,
        55,
        55.88,
        56,
        57,
        58.08,
        59.4,
        59,
        59,
        59.84,
        60,
        62.04,
        62,
        62,
        62.92,
        63.8,
        63,
        64,
        64.24,
        64,
        65.12,
        65,
        65,
        65.56,
        66.44,
        66,
        66,
        67.32,
        67,
        68.2,
        68,
        68,
        69.52,
        70.4,
        70,
        71,
        72.16,
        72,
        73.48,
        74,
        74,
        75.68,
        77.44,
        78,
        79.2,
        80.52,
        81,
        82.28,
        84.48,
        85,
        86.24,
        88.88,
        89,
        90.64,
        93.28,
        94,
        95.04,
        96.8,
        97,
        98.56,
        98.56,
        98,
        99.0
    ],
    "y": [
        99.0,
        97.14375,
        96,
        95,
        94.66875,
        92,
        90.3375,
        89,
        88,
        88.48125,
        84.15,
        83,
        82,
        81.05625,
        78,
        76.10625,
        73,
        72,
        71.775,
        66.825,
        65,
        64,
        62.49375,
        60,
        58.1625,
        55,
        54,
        53.2125,
        48.88125,
        47,
        46,
        43.3125,
        40,
        38.3625,
        36,
        35,
        34.65,
        28.4625,
        26,
        25,
        23.5125,
        21,
        18.5625,
        16,
        14,
        13.6125,
        9.9,
        9,
        9,
        8.6625,
        7,
        6.1875,
        4,
        3,
        3.09375,
        4.33125,
        4,
        5,
        6.1875,
        7,
        8.6625,
        9,
        10,
        11.1375,
        14.85,
        15,
        17,
        19.8,
        21,
        23.5125,
        25,
        26,
        27.84375,
        32.79375,
        33,
        34,
        36.50625,
        38,
        41.45625,
        43,
        44,
        46.40625,
        51.35625,
        52,
        53,
        55.06875,
        56,
        58.78125,
        60,
        60,
        61.25625,
        64.35,
        63,
        63,
        61.875,
        60,
        60.01875,
        59,
        58,
        58.1625,
        53.83125,
        52,
        52,
        50.7375,
        47,
        43.93125,
        41,
        39,
        38.98125,
        34.03125,
        32,
        31,
        28.4625,
        25,
        23.5125,
        20,
        18,
        17.94375,
        13.6125,
        12,
        12,
        10.51875,
        7,
        4.95,
        3,
        2,
        1.85625,
        0.0,
        0,
        0,
        0.0,
        0,
        0.0,
        0,
        0,
        1.2375,
        3.09375,
        3,
        4,
        6.1875,
        7,
        9.28125,
        11,
        11,
        12.99375,
        17.325,
        18,
        19,
        21.65625,
        23,
        25.36875,
        27,
        28,
        29.08125,
        33.4125,
        35,
        37.125,
        40.8375,
        43,
        45.7875,
        50.7375,
        53,
        56.30625,
        63.1125,
        65,
        68.68125,
        73.63125,
        76,
        78.58125,
        83.53125,
        85,
        86.625,
        88.48125,
        88,
        89.1
    ]
}