{
    "x": [
        0.0,
        0.0,
        0,
        0.88,
        1,
        1.32,
        1,
        1.32,
        1.76,
        1,
        2,
        3.08,
        3.96,
        4,
        4,
        4.4,
        5.72,
        5,
        6.16,
        6,
        7.04,
        7,
        7.92,
        8.8,
        8,
        9,
        10.12,
        10.56,
        11,
        11,
        11.88,
        14.08,
        14,
        14.52,
        14,
        15.4,
        17,
        19.36,
        18.92,
        18,
        19,
        20.24,
        20.68,
        21,
        21,
        21.56,
        23.76,
        23,
        23.76,
        23,
        24.2,
        24,
        24.64,
        26.4,
        26,
        26,
        27.28,
        28.6,
        29,
        29,
        29.92,
        31.24,
        31,
        32.12,
        32,
        33.44,
        34,
        34.76,
        36.96,
        36,
        37,
        37.84,
        39.6,
        40,
        40,
        41.36,
        42.68,
        43,
        44.44,
        45,
        46.64,
        47,
        47.52,
        47.96,
        48,
        49,
        50.6,
        50.6,
        51,
        51,
        51.92,
        52.36,
        52,
        53.24,
        53,
        54.56,
        55,
        55.44,
        57.64,
        57,
        58,
        59.4,
        61.16,
        62,
        62,
        62.92,
        64.24,
        65,
        66.44,
        67,
        67.76,
        68,
        69.96,
        70.84,
        70,
        71,
        71.72,
        71.72,
        73,
        73,
        74.36,
        73.92,
        74,
        75.24,
        75,
        76.12,
        76,
        76.56,
        77.44,
        77,
        77,
        78.32,
        79.64,
        80,
        80,
        80.52,
        81.84,
        82,
        83.16,
        82,
        82.28,
        83,
        84.48,
        87.12,
        86,
        86,
        86.24,
        87.56,
        88,
        88,
        88.88,
        89.76,
        89,
        90.2,
        90,
        91.08,
        91,
        92.4,
        94.16,
        94,
        94,
        95.04,
        95.04,
        94,
        93,
        93.72,
        96.36,
        96,
        96.36,
        97.68,
        97,
        98.12,
        98.56,
        98,
        99.0
    ],
    "y": [
        92.6470588235294,
        92.11764705882354,
        92,
        92.11764705882354,
        91,
        90.0,
        88,
        87.3529411764706,
        85.76470588235294,
        84,
        84,
        83.6470588235294,
        80.47058823529412,
        78,
        77,
        76.23529411764706,
        71.47058823529412,
        69,
        67.76470588235294,
        66,
        64.58823529411765,
        62,
        60.35294117647059,
        54.529411764705884,
        53,
        52,
        49.76470588235294,
        45.529411764705884,
        43,
        42,
        41.8235294117647,
        36.529411764705884,
        34,
        32.294117647058826,
        30,
        29.647058823529413,
        26,
        22.764705882352942,
        19.058823529411764,
        18,
        17,
        15.352941176470589,
        11.647058823529411,
        9,
        8,
        7.9411764705882355,
        4.764705882352941,
        3,
        3.176470588235294,
        3,
        4.764705882352941,
        4,
        4.235294117647059,
        5.823529411764706,
        6,
        7,
        8.470588235294118,
        11.647058823529411,
        12,
        13,
        14.294117647058824,
        19.058823529411764,
        20,
        22.235294117647058,
        24,
        25.941176470588236,
        28,
        30.176470588235293,
        34.411764705882355,
        34,
        35,
        37.05882352941177,
        41.8235294117647,
        43,
        44,
        46.05882352941177,
        50.8235294117647,
        53,
        56.64705882352941,
        57,
        58.76470588235294,
        60,
        61.411764705882355,
        65.6470588235294,
        64,
        64,
        63.529411764705884,
        62.470588235294116,
        61,
        60,
        60.35294117647059,
        57.705882352941174,
        56,
        55.05882352941177,
        53,
        51.88235294117647,
        49,
        47.64705882352941,
        42.88235294117647,
        41,
        41,
        39.705882352941174,
        34.411764705882355,
        32,
        31,
        30.176470588235293,
        26.470588235294116,
        23,
        19.58823529411765,
        18,
        16.941176470588236,
        14,
        11.647058823529411,
        7.411764705882353,
        6,
        5,
        4.235294117647059,
        1.588235294117647,
        0,
        0,
        0.0,
        0.5294117647058824,
        0,
        0.5294117647058824,
        1,
        2.6470588235294117,
        3,
        4.235294117647059,
        8.470588235294118,
        9,
        10,
        11.647058823529411,
        16.41176470588235,
        18,
        18,
        19.58823529411765,
        23.823529411764707,
        26,
        28.58823529411765,
        29,
        30.705882352941178,
        33,
        36.0,
        40.23529411764706,
        41,
        42,
        45.0,
        49.76470588235294,
        52,
        53,
        54.529411764705884,
        59.294117647058826,
        61,
        64.58823529411765,
        66,
        68.82352941176471,
        70,
        72.52941176470588,
        75.70588235294117,
        76,
        77,
        79.41176470588235,
        82.58823529411765,
        83,
        84,
        85.23529411764706,
        90.0,
        92,
        94.23529411764706,
        94.76470588235294,
        95,
        96.88235294117646,
        97.94117647058823,
        98,
        99.0
    ]
}