{
    "x": [
        2.64,
        2.64,
        2,
        2,
        2.64,
        2.64,
        3,
        3,
        3.96,
        4.84,
        6,
        7,
        8.36,
        6.6,
        6,
        6,
        7.04,
        8.36,
        9,
        9,
        9.68,
        11.44,
        11,
        11,
        12.32,
        13.2,
        13,
        13,
        14.08,
        15.4,
        15,
        15,
        16.28,
        17.16,
        16,
        16,
        16.72,
        19.8,
        20,
        21,
        22.0,
        25.08,
        24,
        24,
        24.64,
        25.52,
        25,
        25,
        26.4,
        27.28,
        27,
        27,
        28.16,
        29.04,
        30,
        31,
        32.12,
        30.8,
        31,
        31,
        31.68,
        33.44,
        33,
        33,
        34.32,
        36.08,
        36,
        36,
        36.96,
        38.28,
        38,
        38,
        39.6,
        41.8,
        42,
        42,
        42.24,
        43.12,
        45,
        46,
        47.08,
        45.32,
        45,
        45,
        46.2,
        46.2,
        46,
        46,
        47.08,
        48.84,
        48,
        47,
        47.52,
        49.28,
        51,
        52,
        54.12,
        55.88,
        56,
        56,
        57.64,
        59.84,
        60,
        60,
        61.6,
        63.8,
        64,
        65,
        66.0,
        67.76,
        69,
        69,
        70.4,
        72.16,
        74,
        75,
        77.0,
        75.24,
        75,
        75,
        76.12,
        76.56,
        38,
        19,
        0.0,
        77.88,
        78,
        78,
        78.76,
        79.64,
        80,
        80,
        80.52,
        81.4,
        81,
        81,
        82.28,
        83.6,
        84,
        84,
        84.48,
        85.8,
        84,
        83,
        83.6,
        87.12,
        87,
        87,
        87.56,
        88.88,
        89,
        89,
        89.76,
        91.08,
        91,
        91,
        91.96,
        68.2,
        80,
        93.28,
        97.24,
        95,
        94.16,
        95.04,
        95,
        95.92,
        95.92,
        95,
        95.92,
        96.36,
        96,
        95.92,
        96.36,
        97,
        99.0
    ],
    "y": [
        53.97096774193548,
        54.60967741935484,
        54,
        54,
        54.29032258064516,
        52.693548387096776,
        52,
        51,
        51.41612903225806,
        50.13870967741936,
        49,
        48,
        48.541935483870965,
        47.26451612903226,
        45,
        44,
        44.70967741935484,
        41.83548387096774,
        40,
        39,
        39.6,
        37.68387096774194,
        36,
        35,
        35.76774193548387,
        33.21290322580645,
        31,
        30,
        30.65806451612903,
        27.783870967741937,
        26,
        25,
        25.548387096774192,
        22.674193548387098,
        21,
        20,
        20.758064516129032,
        17.56451612903226,
        16,
        15,
        14.69032258064516,
        13.093548387096774,
        11,
        10,
        9.9,
        8.303225806451612,
        7,
        6,
        5.748387096774193,
        3.5129032258064514,
        2,
        2,
        2.235483870967742,
        2.235483870967742,
        2,
        2,
        2.8741935483870966,
        4.151612903225806,
        5,
        5,
        6.067741935483871,
        8.303225806451612,
        9,
        9,
        10.538709677419355,
        13.412903225806451,
        14,
        14,
        15.648387096774194,
        17.883870967741935,
        19,
        19,
        20.438709677419354,
        24.270967741935483,
        25,
        25,
        25.86774193548387,
        27.783870967741937,
        29,
        29,
        30.338709677419356,
        30.97741935483871,
        31,
        31,
        31.296774193548387,
        31.93548387096774,
        31,
        31,
        31.616129032258065,
        31.296774193548387,
        30,
        30,
        30.338709677419356,
        28.10322580645161,
        26,
        25,
        25.548387096774192,
        23.31290322580645,
        22,
        21,
        20.758064516129032,
        17.883870967741935,
        16,
        15,
        15.009677419354839,
        12.774193548387096,
        11,
        10,
        10.219354838709677,
        7.983870967741935,
        6,
        5,
        5.748387096774193,
        3.5129032258064514,
        2,
        2,
        2.235483870967742,
        0.3193548387096774,
        0,
        0,
        0.0,
        0.0,
        48,
        72,
        96.1258064516129,
        2.554838709677419,
        3,
        3,
        4.151612903225806,
        6.387096774193548,
        7,
        8,
        9.580645161290322,
        12.45483870967742,
        13,
        14,
        15.329032258064515,
        18.203225806451613,
        19,
        19,
        20.758064516129032,
        22.993548387096773,
        24,
        25,
        26.18709677419355,
        28.42258064516129,
        29,
        30,
        31.296774193548387,
        33.851612903225806,
        35,
        36,
        37.04516129032258,
        39.28064516129032,
        40,
        40,
        41.516129032258064,
        99.0,
        72,
        45.348387096774196,
        47.26451612903226,
        47,
        48.541935483870965,
        49.5,
        49,
        50.13870967741936,
        50.77741935483871,
        51,
        51.73548387096774,
        52.693548387096776,
        52,
        53.012903225806454,
        53.33225806451613,
        52,
        52.05483870967742
    ]
}