{
    "x": [
        2.5,
        0.0,
        0,
        1,
        2.5,
        2,
        2.5,
        2,
        2,
        3.0,
        4.0,
        4,
        4,
        5.0,
        5,
        6.0,
        6,
        6,
        7.5,
        8.5,
        8,
        9,
        9.5,
        10,
        10.5,
        11,
        11,
        11.5,
        13.5,
        13,
        14,
        15.0,
        15,
        16.5,
        17,
        17,
        17.5,
        19.5,
        19,
        20,
        21.5,
        22,
        22.5,
        23,
        23,
        24.5,
        25.5,
        25,
        26,
        26.5,
        27,
        27.5,
        28,
        28,
        29.5,
        27.0,
        27,
        28,
        29.0,
        29,
        29.5,
        30,
        30,
        30.5,
        31.5,
        31,
        32,
        33.0,
        33,
        34.5,
        35,
        35,
        36.5,
        38.0,
        38,
        38,
        39.5,
        40,
        41.5,
        42,
        42,
        43.0,
        44.5,
        44,
        44,
        45.0,
        45,
        46.0,
        46,
        46,
        47.0,
        48.0,
        48,
        48,
        49.0,
        50,
        51.0,
        51,
        51,
        52.5,
        56.5,
        56,
        56,
        56.0,
        57,
        58.5,
        59,
        60,
        61.0,
        62.5,
        63,
        64,
        65.5,
        66,
        67.5,
        68,
        68,
        69.5,
        71.0,
        71,
        72,
        73.0,
        74,
        75.0,
        75,
        75,
        76.0,
        76.5,
        76,
        76,
        77.0,
        77,
        78.0,
        77,
        76,
        76.0,
        79.5,
        79,
        80,
        81.0,
        81,
        82.0,
        82,
        82,
        83.0,
        84.0,
        84,
        84,
        85.0,
        85,
        86.0,
        86,
        86,
        87.0,
        88.0,
        88,
        88,
        88.5,
        90,
        92.5,
        93,
        93,
        93.5,
        92.0,
        92,
        93.5,
        96.5,
        96,
        96.0,
        96.0,
        97,
        99.0,
        97.0,
        97,
        97.0
    ],
    "y": [
        88.9746835443038,
        90.22784810126582,
        89,
        88,
        87.09493670886076,
        86,
        85.21518987341773,
        83,
        82,
        81.45569620253164,
        78.9493670886076,
        77,
        77,
        75.18987341772151,
        73,
        72.05696202531645,
        69,
        68,
        67.04430379746836,
        63.28481012658228,
        61,
        60,
        58.27215189873418,
        55,
        53.25949367088607,
        51,
        50,
        49.5,
        45.74050632911393,
        44,
        43,
        41.35443037974684,
        38,
        36.34177215189873,
        33,
        31,
        30.70253164556962,
        26.943037974683545,
        25,
        24,
        21.930379746835442,
        19,
        17.544303797468356,
        15,
        13,
        12.531645569620252,
        8.772151898734178,
        7,
        6,
        4.386075949367089,
        3,
        3.132911392405063,
        3,
        3,
        4.386075949367089,
        4.386075949367089,
        4,
        4,
        4.386075949367089,
        5,
        7.518987341772152,
        9,
        9,
        10.651898734177216,
        14.41139240506329,
        14,
        15,
        17.544303797468356,
        19,
        21.303797468354432,
        23,
        24,
        25.063291139240505,
        28.82278481012658,
        29,
        31,
        33.20886075949367,
        35,
        38.221518987341774,
        40,
        40,
        41.98101265822785,
        45.11392405063291,
        45,
        46,
        47.620253164556964,
        49,
        50.75316455696203,
        51,
        51,
        52.63291139240506,
        53.25949367088607,
        52,
        52,
        50.75316455696203,
        49,
        48.24683544303797,
        46,
        45,
        45.11392405063291,
        43.860759493670884,
        41,
        40,
        36.96835443037975,
        34,
        32.58227848101266,
        30,
        28,
        27.569620253164558,
        22.556962025316455,
        21,
        20,
        17.544303797468356,
        15,
        13.158227848101266,
        10,
        9,
        8.772151898734178,
        5.012658227848101,
        4,
        3,
        1.879746835443038,
        0,
        0.0,
        0,
        0,
        0.0,
        0.0,
        0,
        0,
        1.879746835443038,
        3,
        4.386075949367089,
        6,
        7,
        8.772151898734178,
        11.278481012658228,
        12,
        14,
        16.917721518987342,
        18,
        20.67721518987342,
        23,
        24,
        25.689873417721518,
        30.70253164556962,
        31,
        33,
        36.34177215189873,
        39,
        42.607594936708864,
        45,
        46,
        48.24683544303797,
        53.88607594936709,
        55,
        57,
        60.778481012658226,
        63,
        67.04430379746836,
        70,
        71,
        73.31012658227849,
        77.69620253164557,
        79,
        82.08227848101266,
        90.22784810126582,
        90,
        90.22784810126582,
        92.73417721518987,
        95,
        99.0,
        94.61392405063292,
        94,
        93.9873417721519
    ]
}