{
    "x": [
        51.48,
        49.995,
        49,
        49,
        48.015,
        46,
        45.54,
        43,
        42,
        41.58,
        40,
        38.61,
        37,
        36,
        34.65,
        32,
        30.195,
        28,
        27,
        26.235,
        22.275,
        21,
        21,
        20,
        18.315,
        16,
        14.85,
        13,
        12,
        12.375,
        9.405,
        8,
        8,
        8,
        6.93,
        6,
        5.445,
        4,
        3,
        3.465,
        2.475,
        1,
        1,
        0,
        0.0,
        0,
        0.0,
        0,
        0,
        1.485,
        1.98,
        1,
        2,
        2.475,
        2,
        2,
        2.475,
        3,
        4,
        5.445,
        6.93,
        7,
        8,
        9.9,
        10,
        10,
        11.88,
        13,
        14,
        15.84,
        20.79,
        21,
        22,
        24.75,
        26,
        28.71,
        29,
        31,
        32,
        34.155,
        39.6,
        40,
        42,
        44.55,
        47,
        49.5,
        51,
        51,
        52,
        53.46,
        59.4,
        60,
        61,
        63.855,
        66,
        68.805,
        71,
        72,
        72,
        73.755,
        78.21,
        79,
        80,
        83.16,
        84,
        86.625,
        88,
        88,
        89.595,
        91,
        93.06,
        93,
        93,
        94.545,
        95,
        96.03,
        96,
        96,
        96.525,
        97.515,
        97,
        97,
        97,
        98.01,
        98,
        99.0,
        97,
        96,
        96.03,
        97.515,
        97,
        97,
        97,
        96.525,
        95,
        95.04,
        94,
        93,
        93.555,
        92.07,
        91,
        91,
        90,
        90.09,
        88,
        86.625,
        85,
        84,
        84.15,
        80.685,
        80,
        80,
        79.695,
        77,
        75,
        72.27,
        70,
        69,
        68.31,
        64.845,
        63,
        63,
        61.38,
        59,
        58,
        57.915,
        55,
        54,
        53.955,
        50.985,
        50,
        50,
        49.5,
        48,
        47.025
    ],
    "y": [
        96.10526315789474,
        97.84210526315789,
        97,
        98,
        99.0,
        98,
        97.84210526315789,
        96,
        96,
        96.10526315789474,
        95,
        94.94736842105263,
        94,
        95,
        95.52631578947368,
        95,
        96.10526315789474,
        95,
        94,
        94.94736842105263,
        91.47368421052632,
        90,
        90,
        90,
        89.15789473684211,
        88,
        87.42105263157895,
        86,
        85,
        85.10526315789474,
        82.78947368421052,
        81,
        80,
        80,
        78.73684210526316,
        76,
        73.52631578947368,
        72,
        71,
        70.63157894736842,
        66.0,
        65,
        64,
        63,
        62.526315789473685,
        60,
        58.473684210526315,
        55,
        53,
        51.526315789473685,
        48.05263157894737,
        46,
        45,
        42.26315789473684,
        41,
        40,
        39.36842105263158,
        34,
        31,
        29.526315789473685,
        26.05263157894737,
        24,
        23,
        21.42105263157895,
        19,
        18,
        17.94736842105263,
        16,
        15,
        15.631578947368421,
        11.0,
        10,
        9,
        8.68421052631579,
        7,
        6.368421052631579,
        5,
        4,
        3,
        3.473684210526316,
        2.3157894736842106,
        1,
        1,
        0.5789473684210527,
        0,
        0.0,
        0,
        0,
        0,
        0.5789473684210527,
        0.0,
        0,
        0,
        0.5789473684210527,
        1,
        1.736842105263158,
        2,
        2,
        2,
        2.8947368421052633,
        5.2105263157894735,
        5,
        6,
        6.947368421052632,
        8,
        10.421052631578947,
        12,
        12,
        13.894736842105264,
        15,
        17.94736842105263,
        18,
        19,
        22.0,
        24,
        27.210526315789473,
        30,
        31,
        33.578947368421055,
        39.36842105263158,
        39,
        40,
        41,
        44.0,
        46,
        48.63157894736842,
        51,
        53,
        55.0,
        57.89473684210526,
        58,
        59,
        60,
        63.10526315789474,
        65,
        67.15789473684211,
        69,
        70,
        71.21052631578948,
        75.84210526315789,
        76,
        77,
        78,
        79.3157894736842,
        81,
        83.36842105263158,
        84,
        85,
        86.26315789473684,
        88.57894736842105,
        88,
        89,
        89.73684210526316,
        89,
        90,
        92.05263157894737,
        92,
        92,
        93.21052631578948,
        93.21052631578948,
        93,
        93,
        93.21052631578948,
        92,
        92,
        92.63157894736842,
        92,
        92,
        92.63157894736842,
        93.21052631578948,
        93,
        93,
        94.36842105263158,
        94,
        93.78947368421052
    ]
}