{
    "x": [
        54.945,
        51.48,
        50,
        50,
        49.5,
        48,
        46.53,
        44,
        43,
        43.065,
        40,
        38.61,
        37,
        36,
        33.66,
        31,
        29.7,
        26,
        24,
        22.77,
        21.285,
        20,
        20,
        19,
        18.315,
        16,
        14.85,
        12,
        11,
        10.89,
        7.92,
        6,
        6,
        6,
        5.94,
        5,
        4.95,
        3,
        2,
        2.97,
        2.475,
        2,
        3,
        3,
        4.455,
        3,
        1.98,
        0,
        0,
        0.0,
        1.98,
        2,
        3,
        4.95,
        4,
        4,
        4.455,
        5,
        5,
        5.94,
        5.94,
        5,
        6,
        7.92,
        9,
        9,
        10.89,
        13,
        14,
        15.345,
        17.82,
        18,
        20,
        22.275,
        23,
        24.75,
        25,
        27,
        28,
        30.195,
        34.65,
        35,
        36,
        38.61,
        41,
        43.56,
        45,
        45,
        46,
        48.015,
        53.46,
        54,
        55,
        57.915,
        60,
        62.865,
        65,
        66,
        66,
        67.32,
        71.775,
        72,
        74,
        76.725,
        78,
        80.19,
        81,
        81,
        82.17,
        84,
        87.615,
        88,
        89,
        90.585,
        91,
        92.565,
        93,
        93,
        94.545,
        96.03,
        96,
        96,
        96,
        97.02,
        97,
        98.505,
        98,
        98,
        99.0,
        99.0,
        99,
        99,
        99,
        99.0,
        98,
        97.02,
        96,
        96,
        96.03,
        94.05,
        93,
        93,
        92,
        92.565,
        91,
        89.595,
        87,
        86,
        86.13,
        83.16,
        82,
        81,
        79.695,
        78,
        78,
        76.725,
        75,
        74,
        73.755,
        70.29,
        69,
        69,
        67.815,
        66,
        65,
        65.34,
        64,
        63,
        63.36,
        61.38,
        60,
        60,
        59.4,
        58,
        57.915
    ],
    "y": [
        95.96319018404908,
        98.39263803680981,
        97,
        97,
        96.57055214723927,
        96,
        96.57055214723927,
        96,
        96,
        97.17791411042944,
        97,
        97.17791411042944,
        97,
        97,
        97.78527607361963,
        98,
        98.39263803680981,
        98,
        98,
        99.0,
        95.3558282208589,
        94,
        94,
        94,
        94.14110429447852,
        93,
        92.31901840490798,
        91,
        90,
        90.49693251533742,
        86.85276073619632,
        85,
        85,
        85,
        84.42331288343559,
        81,
        79.56441717791411,
        77,
        76,
        75.920245398773,
        71.66871165644172,
        70,
        69,
        67,
        66.80981595092024,
        64,
        61.95092024539877,
        60,
        59,
        58.306748466257666,
        52.23312883435583,
        50,
        49,
        46.76687116564417,
        45,
        44,
        42.515337423312886,
        39,
        38,
        37.04907975460123,
        33.40490797546012,
        31,
        30,
        28.54601226993865,
        26,
        25,
        24.29447852760736,
        21,
        19,
        18.828220858895705,
        16.39877300613497,
        15,
        14,
        12.14723926380368,
        10,
        9.717791411042946,
        8,
        7,
        6,
        6.07361963190184,
        4.858895705521473,
        3,
        3,
        3.03680981595092,
        2,
        1.822085889570552,
        1,
        0,
        0,
        0.6073619631901841,
        0.0,
        0,
        0,
        0.6073619631901841,
        1,
        1.822085889570552,
        2,
        2,
        2,
        3.03680981595092,
        3.644171779141104,
        3,
        4,
        6.07361963190184,
        6,
        7.288343558282208,
        9,
        10,
        11.539877300613497,
        12,
        13.969325153374234,
        14,
        15,
        17.006134969325153,
        19,
        21.257668711656443,
        23,
        24,
        25.50920245398773,
        30.368098159509202,
        30,
        31,
        32,
        34.012269938650306,
        36,
        38.87116564417178,
        41,
        42,
        43.73006134969325,
        47.374233128834355,
        48,
        48,
        49,
        52.23312883435583,
        54,
        57.0920245398773,
        59,
        60,
        62.558282208588956,
        66.20245398773007,
        67,
        68,
        69,
        70.45398773006134,
        72,
        74.70552147239263,
        76,
        76,
        77.74233128834356,
        81.38650306748467,
        82,
        83,
        85.03067484662577,
        85,
        86,
        88.06748466257669,
        88,
        88,
        89.88957055214723,
        91.71165644171779,
        91,
        92,
        93.53374233128834,
        94,
        94,
        94.74846625766871,
        94,
        94,
        94.74846625766871,
        94.74846625766871,
        94,
        94,
        94.74846625766871,
        94,
        94.14110429447852
    ]
}