{
    "x": [
        0.0,
        0.0,
        0,
        0,
        0.0,
        0,
        0.44,
        0,
        0,
        0.88,
        2.2,
        2,
        2,
        3.52,
        4,
        5.28,
        6,
        6,
        7.04,
        8.36,
        8,
        9,
        10.56,
        11,
        12.32,
        13,
        13,
        14.08,
        16.28,
        16,
        17,
        18.48,
        19,
        20.24,
        21,
        21,
        22.44,
        24.64,
        24,
        25,
        26.84,
        27,
        28.6,
        29,
        29,
        30.8,
        32.56,
        32,
        33,
        33.88,
        34,
        34.76,
        34,
        34,
        35.2,
        35.64,
        35,
        35,
        36,
        36.52,
        36,
        37.4,
        38,
        38,
        39.6,
        41.36,
        41,
        42,
        43.12,
        44,
        45.32,
        46,
        46,
        47.08,
        48.84,
        48,
        49,
        50.16,
        50,
        51.48,
        52,
        52,
        52.8,
        53.68,
        53,
        54,
        54.56,
        54,
        55.0,
        55,
        55,
        55.44,
        56.32,
        56,
        56,
        57.2,
        59,
        62.48,
        61,
        60,
        60.72,
        59.4,
        60,
        62,
        64.68,
        65,
        66.88,
        67,
        68,
        69.08,
        70.84,
        70,
        71,
        72.6,
        73,
        73,
        73.92,
        74,
        74,
        75.24,
        76.12,
        76,
        76,
        76.56,
        76,
        77.0,
        77,
        77,
        77.44,
        78.32,
        78,
        78,
        79.2,
        79,
        80.08,
        80,
        80,
        80.96,
        82.28,
        82,
        82,
        83.6,
        84,
        85.36,
        86,
        86,
        87.12,
        88.88,
        88,
        89,
        90.2,
        91,
        91.96,
        92,
        92,
        93.72,
        95.48,
        94,
        94,
        93.72,
        95,
        97.68,
        97,
        97,
        98.12,
        98.56,
        98,
        98,
        99.0,
        98,
        98.56,
        98,
        98,
        98,
        98.56
    ],
    "y": [
        9.45859872611465,
        9.45859872611465,
        9,
        10,
        10.719745222929935,
        11,
        12.611464968152866,
        13,
        13,
        14.503184713375797,
        16.394904458598727,
        16,
        17,
        18.286624203821656,
        19,
        20.808917197452228,
        23,
        24,
        25.222929936305732,
        29.636942675159236,
        30,
        31,
        33.4203821656051,
        35,
        37.8343949044586,
        40,
        41,
        42.87898089171974,
        48.554140127388536,
        49,
        51,
        54.22929936305732,
        56,
        59.27388535031847,
        61,
        62,
        64.31847133757962,
        70.62420382165605,
        72,
        74,
        77.56050955414013,
        80,
        83.86624203821655,
        86,
        87,
        88.91082802547771,
        92.69426751592357,
        92,
        93,
        94.5859872611465,
        95,
        97.10828025477707,
        98,
        98,
        99.0,
        99.0,
        98,
        98,
        98,
        97.10828025477707,
        95,
        93.32484076433121,
        90,
        89,
        88.28025477707007,
        82.60509554140127,
        80,
        79,
        76.92993630573248,
        73,
        70.62420382165605,
        66,
        64,
        63.05732484076433,
        56.12101910828026,
        54,
        53,
        50.445859872611464,
        48,
        46.031847133757964,
        44,
        43,
        42.2484076433121,
        40.35668789808917,
        39,
        39,
        39.095541401273884,
        39,
        40.35668789808917,
        41,
        41,
        42.2484076433121,
        46.031847133757964,
        47,
        48,
        50.445859872611464,
        53,
        56.12101910828026,
        57,
        58,
        59.27388535031847,
        66.8407643312102,
        66,
        67,
        68.10191082802548,
        70,
        72.51592356687898,
        75,
        76,
        77.56050955414013,
        82.60509554140127,
        83,
        84,
        86.38853503184713,
        88,
        89,
        90.171974522293,
        91,
        92,
        93.32484076433121,
        95.21656050955414,
        95,
        96,
        97.10828025477707,
        97,
        97.73885350318471,
        97,
        97,
        97.73885350318471,
        96.47770700636943,
        95,
        94,
        93.32484076433121,
        91,
        89.54140127388536,
        87,
        85,
        84.4968152866242,
        78.19108280254777,
        76,
        75,
        71.88535031847134,
        68,
        64.31847133757962,
        60,
        58,
        56.7515923566879,
        48.554140127388536,
        46,
        44,
        40.98726114649681,
        36,
        32.15923566878981,
        28,
        25,
        23.961783439490446,
        17.02547770700637,
        16,
        16,
        16.394904458598727,
        11,
        6.305732484076433,
        4,
        3,
        2.522292993630573,
        0.6305732484076433,
        0,
        0,
        0.0,
        0,
        0.6305732484076433,
        0,
        0,
        0,
        0.6305732484076433
    ]
}