{
    "x": [
        0.0,
        0.99,
        0,
        1,
        1,
        1.98,
        2,
        3.465,
        4,
        4,
        4,
        4.95,
        6.93,
        6,
        6,
        7,
        8.91,
        9,
        10.89,
        11,
        12,
        12,
        13.365,
        15.84,
        15,
        16,
        17,
        18.81,
        19,
        19,
        20.79,
        21,
        21,
        22.77,
        23,
        24.75,
        24,
        25,
        27.225,
        27,
        28,
        29.205,
        30,
        30,
        30,
        31.185,
        32.175,
        32,
        32,
        32,
        32.67,
        33,
        33.66,
        34,
        34,
        34,
        35.64,
        37.62,
        37,
        37,
        38,
        39.6,
        40,
        42.075,
        42,
        43,
        43,
        44.55,
        47.025,
        47,
        47,
        48,
        49.005,
        49,
        49,
        50.985,
        51,
        51,
        52.47,
        53,
        54.45,
        54,
        54,
        54.945,
        54,
        55,
        55.44,
        55,
        55,
        55,
        56.43,
        57.42,
        57,
        57,
        57,
        57.915,
        58,
        59.4,
        60,
        60,
        60,
        60.885,
        62.865,
        63,
        63,
        64,
        65.34,
        66,
        67.815,
        68,
        69,
        69,
        70.785,
        73.26,
        73,
        73,
        74,
        75.735,
        76,
        76,
        77.715,
        78,
        78,
        79.2,
        79,
        80.19,
        80,
        80,
        81.18,
        81,
        81,
        81.675,
        82,
        82,
        82,
        82.665,
        83.655,
        83,
        84,
        84,
        84.645,
        85,
        86.13,
        86,
        86,
        86,
        87.12,
        89.1,
        89,
        89,
        89,
        90.585,
        91,
        92.07,
        92,
        92,
        93.555,
        95.04,
        95,
        95,
        96.525,
        97,
        97.515,
        98,
        98,
        98.505,
        98.505,
        98,
        98,
        98.505,
        98,
        99.0,
        98,
        98,
        98.505
    ],
    "y": [
        10.490066225165563,
        11.801324503311259,
        12,
        13,
        13,
        14.42384105960265,
        15,
        17.04635761589404,
        18,
        18,
        19,
        20.32450331125828,
        24.91390728476821,
        25,
        26,
        27,
        30.158940397350992,
        33,
        36.05960264900662,
        37,
        39,
        40,
        42.615894039735096,
        48.51655629139073,
        49,
        50,
        52,
        55.728476821192054,
        59,
        61,
        63.59602649006622,
        67,
        68,
        70.80794701986756,
        73,
        76.70860927152317,
        77,
        79,
        82.6092715231788,
        83,
        85,
        87.8543046357616,
        90,
        91,
        91,
        92.44370860927152,
        95.06622516556291,
        94,
        94,
        93,
        93.75496688741723,
        92,
        91.13245033112582,
        88,
        87,
        87,
        86.54304635761589,
        79.33112582781457,
        77,
        76,
        75,
        72.11920529801324,
        68,
        64.25165562913908,
        61,
        59,
        57,
        55.728476821192054,
        47.86092715231788,
        46,
        45,
        43,
        39.99337748344371,
        36,
        34,
        33.437086092715234,
        30,
        28,
        27.5364238410596,
        25,
        24.258278145695364,
        23,
        23,
        22.94701986754967,
        22,
        22,
        22.94701986754967,
        24,
        25,
        25,
        26.225165562913908,
        30.158940397350992,
        31,
        32,
        33,
        35.40397350993378,
        38,
        40.64900662251656,
        43,
        44,
        45,
        47.205298013245034,
        53.76158940397351,
        55,
        56,
        57,
        60.317880794701985,
        63,
        66.87417218543047,
        68,
        70,
        71,
        73.43046357615894,
        79.98675496688742,
        80,
        81,
        83,
        86.54304635761589,
        88,
        89,
        91.13245033112582,
        93,
        94,
        95.72185430463576,
        97,
        98.34437086092716,
        98,
        98,
        99.0,
        98,
        98,
        97.03311258278146,
        95,
        94,
        93,
        93.75496688741723,
        88.50993377483444,
        86,
        85,
        83,
        81.95364238410596,
        78,
        74.74172185430463,
        70,
        69,
        68,
        66.21854304635761,
        57.03973509933775,
        54,
        53,
        52,
        47.86092715231788,
        43,
        38.682119205298015,
        34,
        32,
        30.814569536423843,
        22.94701986754967,
        20,
        19,
        15.735099337748345,
        12,
        9.178807947019868,
        6,
        5,
        4.589403973509934,
        1.3112582781456954,
        0,
        0,
        0.0,
        0,
        0.0,
        0,
        0,
        0.6556291390728477
    ]
}