{
    "x": [
        0.0,
        0.515625,
        0,
        1,
        1,
        1.546875,
        2,
        2.578125,
        3,
        3,
        3,
        3.609375,
        5.671875,
        5,
        5,
        6,
        7.734375,
        9,
        10.3125,
        10,
        11,
        11,
        12.375,
        15.46875,
        15,
        15,
        16,
        17.53125,
        18,
        18,
        19.59375,
        20,
        21,
        22.171875,
        23,
        24.75,
        25,
        26,
        27.84375,
        27,
        28,
        29.90625,
        31,
        31,
        31,
        32.484375,
        35.0625,
        35,
        35,
        35,
        36.09375,
        37,
        38.15625,
        38,
        38,
        38,
        39.703125,
        40.734375,
        40,
        40,
        41,
        41.765625,
        42,
        42.796875,
        42,
        43,
        43,
        44.859375,
        46.921875,
        46,
        47,
        48,
        49.5,
        50,
        50,
        51.046875,
        52,
        52,
        53.625,
        54,
        55.171875,
        55,
        56,
        57.234375,
        57,
        57,
        58.265625,
        58,
        58,
        58,
        58.78125,
        59.296875,
        59,
        60,
        60,
        60.84375,
        61,
        62.390625,
        63,
        63,
        63,
        63.9375,
        66.0,
        66,
        66,
        66,
        67.546875,
        68,
        70.125,
        70,
        71,
        71,
        72.703125,
        74.765625,
        74,
        74,
        75,
        76.828125,
        75,
        74,
        74.765625,
        77,
        78,
        80.4375,
        81,
        82.5,
        82,
        83,
        83.53125,
        83,
        84,
        84.5625,
        85,
        85,
        85,
        85.59375,
        87.140625,
        87,
        87,
        87,
        88.171875,
        88,
        89.71875,
        88,
        87,
        87,
        87.140625,
        91.78125,
        91,
        91,
        92,
        93.328125,
        93,
        94.359375,
        95,
        95,
        95.90625,
        96.9375,
        96,
        97,
        97.453125,
        97,
        98.484375,
        98,
        98,
        99.0,
        99.0,
        99,
        99,
        99.0,
        99,
        99.0,
        98,
        98,
        98.484375
    ],
    "y": [
        7.714285714285714,
        9.0,
        9,
        10,
        10,
        11.571428571428571,
        12,
        14.142857142857142,
        15,
        15,
        16,
        17.357142857142858,
        21.857142857142858,
        22,
        23,
        24,
        26.357142857142858,
        28,
        31.5,
        32,
        34,
        35,
        37.285714285714285,
        43.07142857142857,
        43,
        44,
        45,
        48.857142857142854,
        52,
        53,
        55.92857142857143,
        59,
        61,
        63.0,
        66,
        70.07142857142857,
        71,
        73,
        76.5,
        77,
        79,
        81.64285714285714,
        84,
        85,
        86,
        87.42857142857143,
        92.57142857142857,
        93,
        94,
        95,
        96.42857142857143,
        97,
        99.0,
        98,
        98,
        98,
        98.35714285714286,
        97.07142857142857,
        96,
        95,
        95,
        94.5,
        92,
        90.64285714285714,
        89,
        88,
        86,
        85.5,
        78.42857142857143,
        77,
        76,
        74,
        71.35714285714286,
        67,
        65,
        64.28571428571429,
        61,
        59,
        57.857142857142854,
        54,
        52.07142857142857,
        51,
        50,
        48.214285714285715,
        47,
        46,
        45.642857142857146,
        45,
        45,
        45,
        45.0,
        45.642857142857146,
        45,
        46,
        47,
        48.214285714285715,
        50,
        52.07142857142857,
        54,
        54,
        55,
        56.57142857142857,
        61.07142857142857,
        62,
        62,
        63,
        66.85714285714286,
        69,
        72.64285714285714,
        73,
        75,
        76,
        78.42857142857143,
        82.92857142857143,
        82,
        83,
        85,
        88.07142857142857,
        91,
        92,
        94.5,
        94,
        94,
        95.14285714285714,
        95,
        96.42857142857143,
        96,
        96,
        96.42857142857143,
        95,
        95,
        94.5,
        92,
        91,
        91,
        91.28571428571429,
        86.78571428571429,
        84,
        83,
        82,
        81.0,
        77,
        74.57142857142857,
        72,
        71,
        70,
        69.42857142857143,
        58.5,
        56,
        55,
        54,
        50.142857142857146,
        45,
        41.785714285714285,
        37,
        35,
        33.42857142857143,
        25.714285714285715,
        23,
        22,
        19.285714285714285,
        16,
        12.857142857142858,
        9,
        8,
        7.071428571428571,
        3.857142857142857,
        2,
        2,
        1.2857142857142858,
        0,
        0.6428571428571429,
        0,
        0,
        0.0
    ]
}