{
    "x": [
        0.0,
        0.45,
        0,
        0,
        1.35,
        1,
        2.25,
        2,
        3,
        3,
        4.05,
        5.4,
        5,
        6,
        6.75,
        6,
        7,
        8.55,
        9,
        9,
        9.9,
        12.15,
        12,
        12,
        13,
        14.85,
        16,
        17.55,
        18,
        18,
        19.8,
        20,
        21.6,
        21,
        22,
        23.85,
        25,
        27.0,
        28,
        28,
        28,
        29.25,
        31.5,
        31,
        32,
        33.75,
        34,
        35,
        36.0,
        36,
        36,
        37.8,
        38.7,
        38,
        39,
        39,
        39.6,
        40,
        40.5,
        40,
        40,
        41.4,
        42.3,
        42,
        42,
        42,
        43.2,
        43,
        44.1,
        44,
        44,
        44,
        45.45,
        46.8,
        46,
        47,
        48.15,
        48,
        49.05,
        49,
        49,
        49,
        50.4,
        52.2,
        52,
        52,
        53.55,
        53,
        54,
        54.45,
        54,
        54,
        54.9,
        55.35,
        55,
        55,
        56,
        56.7,
        57,
        58.05,
        58,
        58,
        59.85,
        60,
        61.65,
        61,
        62,
        63.9,
        65,
        66.15,
        67,
        67,
        67,
        68.4,
        70.65,
        70,
        71,
        72.45,
        73,
        73,
        74.25,
        74,
        74,
        75.6,
        76.5,
        76,
        76,
        76,
        77.4,
        77,
        78.3,
        78,
        78,
        79.65,
        80.55,
        80,
        80,
        81,
        81.9,
        82,
        83.25,
        83,
        83,
        83,
        84.15,
        85.95,
        85,
        86,
        87.75,
        88,
        89.55,
        89,
        90,
        90,
        90.9,
        93.15,
        93,
        93,
        94.5,
        94,
        95,
        95.85,
        96,
        96,
        97.65,
        98.55,
        98,
        98,
        98,
        99.0,
        99,
        99.0,
        99,
        99,
        99.0
    ],
    "y": [
        0.0,
        0.6226415094339622,
        0,
        1,
        1.8679245283018868,
        3,
        4.3584905660377355,
        4,
        5,
        5,
        6.226415094339623,
        9.339622641509434,
        10,
        11,
        13.075471698113208,
        14,
        15,
        18.056603773584907,
        20,
        21,
        23.037735849056602,
        28.0188679245283,
        29,
        29,
        30,
        33.0,
        35,
        38.60377358490566,
        41,
        42,
        44.83018867924528,
        47,
        51.056603773584904,
        52,
        53,
        56.660377358490564,
        59,
        62.264150943396224,
        65,
        65,
        66,
        67.86792452830188,
        73.47169811320755,
        74,
        76,
        79.0754716981132,
        82,
        83,
        85.30188679245283,
        87,
        88,
        90.28301886792453,
        95.26415094339623,
        95,
        96,
        96,
        97.75471698113208,
        98,
        99.0,
        98,
        98,
        98.37735849056604,
        95.26415094339623,
        94,
        94,
        93,
        91.52830188679245,
        89,
        86.54716981132076,
        84,
        83,
        82,
        82.18867924528301,
        75.9622641509434,
        73,
        72,
        69.73584905660377,
        66,
        63.509433962264154,
        61,
        60,
        58,
        57.283018867924525,
        52.301886792452834,
        51,
        50,
        47.943396226415096,
        46,
        46,
        44.83018867924528,
        44,
        43,
        43.58490566037736,
        44.20754716981132,
        44,
        44,
        45,
        46.698113207547166,
        48,
        49.81132075471698,
        51,
        52,
        53.54716981132076,
        55,
        57.283018867924525,
        58,
        60,
        62.886792452830186,
        65,
        67.86792452830188,
        70,
        70,
        71,
        72.84905660377359,
        77.20754716981132,
        78,
        79,
        80.94339622641509,
        82,
        83,
        84.67924528301887,
        86,
        86,
        87.79245283018868,
        89.66037735849056,
        89,
        89,
        89,
        90.28301886792453,
        89,
        89.66037735849056,
        88,
        87,
        87.16981132075472,
        84.05660377358491,
        83,
        82,
        81,
        79.69811320754717,
        77,
        74.71698113207547,
        71,
        70,
        69,
        69.11320754716981,
        62.886792452830186,
        60,
        59,
        56.660377358490564,
        52,
        49.18867924528302,
        47,
        45,
        43,
        42.339622641509436,
        34.867924528301884,
        32,
        31,
        28.641509433962263,
        26,
        25,
        22.41509433962264,
        19,
        18,
        17.433962264150942,
        13.075471698113208,
        12,
        11,
        11,
        10.584905660377359,
        10,
        9.962264150943396,
        9,
        9,
        9.962264150943396
    ]
}