{
    "x": [
        0.0,
        1.5,
        1,
        1,
        1.5,
        1,
        2.0,
        2,
        2,
        2.5,
        3.0,
        3,
        3,
        3.0,
        3,
        4.0,
        4,
        4,
        4.5,
        6.0,
        6,
        6,
        7.0,
        7,
        8.0,
        8,
        8,
        9.0,
        10.0,
        10,
        10,
        11.5,
        11,
        12.0,
        12,
        12,
        13.5,
        18.0,
        17,
        17,
        16.5,
        18,
        21.0,
        19,
        18,
        18.5,
        19.5,
        19,
        20,
        21.0,
        21,
        22.0,
        22,
        22,
        22.5,
        24.0,
        24,
        24,
        24.5,
        25,
        26.0,
        26,
        26,
        27.0,
        26.5,
        26,
        27,
        28.5,
        28,
        29.0,
        29,
        29,
        29.0,
        30.5,
        30,
        30,
        31.0,
        31,
        31.5,
        32,
        32,
        33.5,
        34.5,
        34,
        35,
        36.0,
        37,
        38.0,
        38,
        38,
        39.5,
        41.5,
        41,
        42,
        44.0,
        45,
        46.0,
        47,
        47,
        48.0,
        49.0,
        49,
        49,
        50.0,
        50,
        50.0,
        50,
        50,
        51.0,
        51.5,
        51,
        52,
        52.5,
        52,
        53.0,
        53,
        53,
        54.5,
        56.0,
        56,
        56,
        57.5,
        58,
        59.5,
        60,
        60,
        61.5,
        64.0,
        64,
        64,
        65.5,
        66,
        68.0,
        69,
        69,
        70.0,
        71.5,
        71,
        72,
        72.5,
        73,
        74.5,
        75,
        75.5,
        76.0,
        76,
        77.0,
        77.5,
        77,
        78.0,
        79.5,
        79,
        80.0,
        81.0,
        82,
        83.0,
        84.0,
        84,
        85.0,
        88.0,
        88,
        88.0,
        89.5,
        90,
        92.0,
        93.0,
        93,
        94.0,
        96.5,
        97,
        97.5,
        98.0,
        98,
        98.5,
        99.0
    ],
    "y": [
        12.057692307692308,
        13.326923076923077,
        13,
        14,
        15.23076923076923,
        15,
        15.865384615384615,
        16,
        16,
        17.134615384615383,
        17.76923076923077,
        17,
        18,
        19.673076923076923,
        20,
        21.576923076923077,
        23,
        24,
        25.384615384615383,
        26.01923076923077,
        26,
        27,
        28.557692307692307,
        30,
        31.73076923076923,
        33,
        33,
        34.90384615384615,
        38.71153846153846,
        39,
        40,
        42.51923076923077,
        44,
        45.69230769230769,
        47,
        48,
        49.5,
        51.40384615384615,
        52,
        54,
        57.11538461538461,
        58,
        59.65384615384615,
        62,
        63,
        65.36538461538461,
        69.8076923076923,
        70,
        72,
        74.25,
        75,
        77.42307692307692,
        79,
        80,
        81.86538461538461,
        85.03846153846153,
        86,
        87,
        90.11538461538461,
        91,
        92.65384615384616,
        94,
        95,
        96.46153846153847,
        99.0,
        98,
        98,
        98.36538461538461,
        98,
        99.0,
        98,
        97,
        97.09615384615384,
        95.1923076923077,
        94,
        93,
        92.01923076923077,
        90,
        88.21153846153847,
        86,
        85,
        84.40384615384616,
        79.32692307692308,
        78,
        77,
        74.88461538461539,
        72,
        69.17307692307692,
        66,
        64,
        62.82692307692308,
        57.75,
        55,
        54,
        52.03846153846154,
        49,
        46.96153846153846,
        44,
        43,
        42.51923076923077,
        38.71153846153846,
        37,
        37,
        36.17307692307692,
        34,
        33.63461538461539,
        33,
        33,
        33.0,
        34.90384615384615,
        34,
        35,
        35.53846153846154,
        36,
        38.07692307692308,
        39,
        40,
        41.88461538461539,
        46.32692307692308,
        47,
        48,
        51.40384615384615,
        53,
        55.21153846153846,
        57,
        58,
        59.65384615384615,
        66.0,
        67,
        68,
        71.07692307692308,
        73,
        76.15384615384616,
        78,
        79,
        81.23076923076923,
        85.03846153846153,
        85,
        86,
        88.21153846153847,
        89,
        91.38461538461539,
        92,
        93.92307692307692,
        93.92307692307692,
        93,
        93.28846153846153,
        92.01923076923077,
        90,
        88.21153846153847,
        85.67307692307692,
        82,
        79.96153846153847,
        74.25,
        71,
        68.53846153846153,
        62.19230769230769,
        59,
        55.84615384615385,
        48.23076923076923,
        45,
        43.15384615384615,
        36.17307692307692,
        32,
        29.192307692307693,
        21.576923076923077,
        19,
        17.76923076923077,
        11.423076923076923,
        8,
        6.346153846153846,
        3.173076923076923,
        1,
        0.6346153846153846,
        0.0
    ]
}