{
    "x": [
        0.0,
        0.45,
        0,
        0,
        1.35,
        1,
        2.25,
        3,
        3,
        3,
        4.05,
        5.4,
        5,
        6,
        7.2,
        8,
        9.45,
        10,
        10,
        10,
        11.25,
        13.95,
        13,
        14,
        15.75,
        17,
        18.45,
        19,
        20,
        20,
        21.15,
        23.4,
        23,
        24,
        25.65,
        27,
        28.35,
        29,
        29,
        29,
        30.15,
        31.95,
        31,
        32,
        33.75,
        34,
        35.1,
        36,
        36,
        36,
        36.9,
        38.25,
        38,
        38,
        39.6,
        40,
        40.95,
        41,
        41,
        41,
        42.75,
        44.1,
        44,
        45,
        45.9,
        46,
        46.8,
        47,
        47,
        47,
        48.6,
        49.95,
        49,
        50,
        51.3,
        52,
        53.1,
        53,
        53,
        53,
        54.0,
        54.45,
        54,
        54,
        55.35,
        55,
        55.8,
        56,
        56,
        56,
        56.7,
        57.6,
        57,
        58,
        58.5,
        59,
        60.3,
        61,
        61,
        61,
        62.55,
        64.8,
        64,
        65,
        66.6,
        67,
        68.4,
        69,
        69,
        69,
        70.65,
        72.9,
        72,
        72,
        72.0,
        76,
        80.55,
        79,
        78,
        78,
        78.75,
        79.65,
        79,
        80,
        80.55,
        81,
        81.45,
        81,
        81,
        81,
        82.35,
        83.25,
        83,
        83,
        84.15,
        84,
        85.05,
        85,
        85,
        85,
        85.5,
        86.4,
        86,
        87,
        88.2,
        88,
        89.1,
        89,
        89,
        89,
        90.0,
        91.35,
        91,
        91,
        92.25,
        93,
        94.05,
        94,
        94,
        94,
        94.95,
        95.85,
        95,
        96,
        97.65,
        97,
        97.65,
        97,
        97,
        97,
        98.1,
        98.55,
        98,
        98,
        99.0
    ],
    "y": [
        13.943661971830986,
        15.338028169014084,
        15,
        16,
        18.12676056338028,
        19,
        20.91549295774648,
        21,
        22,
        22,
        23.007042253521128,
        25.795774647887324,
        26,
        28,
        30.676056338028168,
        32,
        34.859154929577464,
        37,
        38,
        38,
        39.73943661971831,
        44.61971830985915,
        45,
        47,
        50.894366197183096,
        54,
        57.16901408450704,
        61,
        62,
        63,
        64.83802816901408,
        71.11267605633803,
        72,
        74,
        77.38732394366197,
        80,
        82.96478873239437,
        85,
        86,
        86,
        87.84507042253522,
        93.4225352112676,
        94,
        95,
        96.90845070422536,
        97,
        99.0,
        99,
        99,
        99,
        99.0,
        96.90845070422536,
        95,
        95,
        93.4225352112676,
        90,
        88.54225352112677,
        85,
        83,
        82,
        82.96478873239437,
        75.99295774647888,
        74,
        73,
        70.41549295774648,
        66,
        63.443661971830984,
        60,
        58,
        57,
        57.16901408450704,
        50.19718309859155,
        48,
        47,
        43.92253521126761,
        41,
        39.73943661971831,
        37,
        36,
        35,
        35.556338028169016,
        34.16197183098591,
        33,
        33,
        32.767605633802816,
        33,
        33.46478873239437,
        34,
        34,
        34,
        35.556338028169016,
        39.73943661971831,
        40,
        41,
        43.92253521126761,
        46,
        48.80281690140845,
        50,
        51,
        51,
        52.985915492957744,
        58.563380281690144,
        59,
        61,
        64.83802816901408,
        67,
        70.41549295774648,
        73,
        74,
        75,
        76.69014084507042,
        81.57042253521126,
        83,
        85,
        89.2394366197183,
        89,
        89.93661971830986,
        90,
        91,
        91,
        92.02816901408451,
        94.11971830985915,
        94,
        94,
        94.8169014084507,
        94,
        93.4225352112676,
        92,
        91,
        90,
        90.63380281690141,
        86.45070422535211,
        85,
        84,
        81.57042253521126,
        79,
        76.69014084507042,
        73,
        72,
        71,
        71.11267605633803,
        64.83802816901408,
        62,
        61,
        57.86619718309859,
        55,
        52.2887323943662,
        48,
        46,
        45,
        45.316901408450704,
        39.04225352112676,
        37,
        35,
        32.767605633802816,
        29,
        26.492957746478872,
        23,
        21,
        20,
        20.218309859154928,
        14.640845070422536,
        13,
        12,
        10.45774647887324,
        8,
        6.274647887323944,
        4,
        3,
        2,
        2.788732394366197,
        0.6971830985915493,
        0,
        0,
        0.0
    ]
}