{
    "x": [
        0.0,
        0.0,
        0,
        0,
        0.495,
        0,
        0,
        0.0,
        0,
        0,
        0.0,
        0,
        0.99,
        0,
        1,
        1.98,
        2,
        2,
        2.475,
        2,
        2,
        3.465,
        4.455,
        4,
        4,
        4,
        5.445,
        6,
        7.425,
        7,
        8,
        8,
        9.405,
        10.89,
        10,
        10,
        11,
        12.375,
        12,
        13.365,
        14,
        14,
        14,
        15.84,
        17.325,
        17,
        18,
        18,
        19.305,
        21,
        22.77,
        23,
        23,
        23,
        23.265,
        25.245,
        25,
        25,
        26.235,
        25,
        25,
        25.74,
        27,
        27,
        28.71,
        29,
        30.69,
        30,
        31,
        32.67,
        33,
        33,
        34.65,
        36,
        36,
        37.62,
        38.61,
        38,
        38,
        39,
        41.085,
        41,
        42.57,
        42,
        43,
        43,
        44.055,
        45.54,
        45,
        45,
        46,
        47.52,
        48,
        49.005,
        49,
        49,
        49,
        50.49,
        52.47,
        52,
        53,
        53,
        54.45,
        55,
        56.43,
        57,
        57,
        57,
        57.915,
        59.895,
        60,
        61,
        62.37,
        62,
        62,
        63.36,
        65,
        65,
        66.825,
        68,
        69.3,
        69,
        70,
        71.775,
        72,
        72,
        73.755,
        74,
        74,
        75.24,
        76.725,
        76,
        76,
        77,
        77.715,
        77,
        78.21,
        78,
        79,
        79,
        80.19,
        81.675,
        81,
        81,
        82,
        83.16,
        83,
        84.645,
        86,
        86,
        87,
        88.605,
        87.615,
        87,
        88,
        88,
        89.595,
        90,
        92.07,
        93,
        93,
        94.05,
        95.535,
        95,
        96,
        96.525,
        97,
        97.515,
        98,
        98,
        99.0,
        99.0,
        98,
        98,
        98.505
    ],
    "y": [
        5.424657534246576,
        6.102739726027397,
        6,
        6,
        7.458904109589041,
        7,
        7,
        8.136986301369863,
        9,
        9,
        10.849315068493151,
        12,
        14.23972602739726,
        14,
        15,
        16.95205479452055,
        18,
        19,
        21.02054794520548,
        23,
        24,
        25.767123287671232,
        31.86986301369863,
        31,
        32,
        34,
        37.294520547945204,
        40,
        42.71917808219178,
        44,
        46,
        47,
        49.5,
        55.602739726027394,
        57,
        58,
        59,
        63.06164383561644,
        66,
        69.84246575342466,
        73,
        73,
        74,
        76.62328767123287,
        84.08219178082192,
        85,
        86,
        87,
        89.5068493150685,
        90,
        91.54109589041096,
        94,
        95,
        96,
        97.64383561643835,
        99.0,
        99,
        99,
        99.0,
        97,
        96,
        94.93150684931507,
        94,
        94,
        94.25342465753425,
        91,
        89.5068493150685,
        87,
        86,
        84.08219178082192,
        81,
        79,
        77.97945205479452,
        75,
        73,
        72.55479452054794,
        64.41780821917808,
        63,
        62,
        61,
        57.636986301369866,
        54,
        50.85616438356164,
        49,
        48,
        47,
        46.10958904109589,
        42.04109589041096,
        41,
        40,
        40,
        39.32876712328767,
        38,
        38.65068493150685,
        38,
        38,
        38,
        38.65068493150685,
        40.68493150684932,
        41,
        43,
        44,
        45.43150684931507,
        48,
        50.85616438356164,
        53,
        54,
        55,
        56.95890410958904,
        61.705479452054796,
        63,
        65,
        69.84246575342466,
        70,
        71,
        73.23287671232876,
        77,
        79,
        81.36986301369863,
        84,
        86.79452054794521,
        87,
        89,
        91.54109589041096,
        93,
        94,
        96.28767123287672,
        97,
        97,
        98.32191780821918,
        99.0,
        98,
        98,
        98,
        97.64383561643835,
        95,
        94.25342465753425,
        93,
        92,
        91,
        90.18493150684931,
        84.76027397260275,
        82,
        81,
        81,
        78.65753424657534,
        75,
        71.87671232876713,
        67,
        66,
        65,
        63.73972602739726,
        56.28082191780822,
        53,
        51,
        49,
        47.465753424657535,
        44,
        40.68493150684932,
        36,
        33,
        31.86986301369863,
        24.410958904109588,
        22,
        20,
        16.95205479452055,
        13,
        10.17123287671233,
        8,
        7,
        6.102739726027397,
        2.712328767123288,
        1,
        1,
        0.0
    ]
}