{
    "x": [
        1.125,
        0,
        0.5625,
        0,
        0,
        0,
        0.0,
        0,
        0.5625,
        0,
        0,
        0,
        1.125,
        1.6875,
        1,
        1,
        1,
        2.25,
        2,
        2.8125,
        2,
        3,
        3,
        3.9375,
        5.0625,
        5,
        5,
        5,
        6.1875,
        6,
        6,
        7.3125,
        8,
        8,
        9.0,
        9,
        10.125,
        10,
        11,
        12.375,
        12,
        13,
        14.0625,
        14,
        14,
        14,
        15.75,
        17.4375,
        17,
        18,
        18,
        19.125,
        19,
        19.6875,
        20,
        20,
        20,
        21.375,
        22.5,
        22,
        22,
        23,
        23.625,
        24,
        25.3125,
        25,
        26,
        26,
        27.5625,
        30.375,
        30,
        30,
        31,
        32.625,
        34,
        34,
        35.4375,
        36,
        36,
        37.125,
        38,
        39.9375,
        40,
        41,
        42.1875,
        42,
        43,
        44.4375,
        44,
        44,
        44,
        45.0,
        46.6875,
        46,
        47,
        47,
        48.375,
        49,
        50.0625,
        50,
        50,
        50,
        51.1875,
        52.875,
        53,
        53,
        54,
        55.125,
        55,
        56.25,
        56,
        57,
        58,
        59.0625,
        61.3125,
        61,
        61,
        62,
        63.5625,
        64,
        64,
        65.8125,
        66,
        66,
        66.9375,
        67,
        68.625,
        68,
        69,
        70.875,
        70,
        71,
        72.0,
        72,
        72,
        72,
        73.6875,
        75.9375,
        76,
        77,
        77,
        78.1875,
        79,
        79.875,
        81,
        81,
        81,
        82.125,
        84.375,
        84,
        84,
        85,
        87.1875,
        88,
        89.4375,
        89,
        90,
        90,
        91.125,
        93.9375,
        93,
        94,
        95,
        96.1875,
        96,
        96,
        97.3125,
        97,
        97,
        98.4375,
        98,
        99.0,
        99,
        99,
        99.0
    ],
    "y": [
        0.0,
        0,
        1.3288590604026846,
        1,
        2,
        2,
        3.3221476510067114,
        3,
        4.651006711409396,
        4,
        4,
        4,
        5.315436241610739,
        7.973154362416107,
        8,
        9,
        10,
        12.624161073825503,
        14,
        17.2751677852349,
        18,
        19,
        20,
        21.261744966442954,
        25.91275167785235,
        25,
        26,
        28,
        30.563758389261746,
        34,
        35,
        37.87248322147651,
        41,
        43,
        45.18120805369127,
        48,
        52.48993288590604,
        54,
        56,
        59.79865771812081,
        61,
        63,
        67.10738255033557,
        70,
        71,
        72,
        73.75167785234899,
        78.40268456375838,
        79,
        81,
        82,
        84.38255033557047,
        86,
        88.36912751677852,
        89,
        89,
        90,
        91.02684563758389,
        91.02684563758389,
        90,
        90,
        90,
        90.36241610738254,
        88,
        87.04026845637584,
        85,
        84,
        83,
        82.38926174496645,
        76.40939597315436,
        75,
        74,
        73,
        71.09395973154362,
        67,
        65,
        63.785234899328856,
        60,
        58,
        57.14093959731544,
        54,
        51.8255033557047,
        50,
        49,
        46.51006711409396,
        45,
        44,
        42.52348993288591,
        41,
        40,
        40,
        40.53020134228188,
        39.86577181208054,
        40,
        41,
        41,
        42.52348993288591,
        44,
        45.84563758389262,
        47,
        47,
        48,
        49.83221476510067,
        56.47651006711409,
        57,
        58,
        59,
        62.45637583892618,
        65,
        69.1006711409396,
        70,
        72,
        73,
        75.74496644295301,
        82.38926174496645,
        82,
        83,
        85,
        88.36912751677852,
        91,
        92,
        93.68456375838926,
        95,
        96,
        97.00671140939598,
        97,
        98.33557046979865,
        98,
        98,
        99.0,
        98,
        97,
        96.34228187919463,
        94,
        93,
        93,
        93.02013422818791,
        87.70469798657719,
        85,
        84,
        82,
        81.06040268456375,
        77,
        74.41610738255034,
        69,
        68,
        67,
        65.11409395973155,
        56.47651006711409,
        53,
        52,
        51,
        47.1744966442953,
        43,
        39.20134228187919,
        36,
        34,
        32,
        30.563758389261746,
        22.590604026845636,
        21,
        20,
        19,
        15.946308724832214,
        12,
        10,
        9.966442953020135,
        7,
        6,
        5.97986577181208,
        5,
        4.651006711409396,
        4,
        4,
        4.651006711409396
    ]
}