{
    "x": [
        4.5,
        4.5,
        4,
        4.5,
        4.5,
        2,
        0.0,
        5.25,
        5,
        5.25,
        4,
        4.5,
        4,
        5.25,
        5.25,
        5,
        5.25,
        6.0,
        6,
        6.75,
        6.75,
        6,
        7,
        7.5,
        7.5,
        7,
        6.75,
        6.75,
        7,
        7.5,
        6.75,
        7,
        7,
        7.5,
        6.75,
        6,
        6.0,
        3.0,
        4,
        6.0,
        6.0,
        5,
        5.25,
        4,
        4.5,
        4,
        3.75,
        4.5,
        5,
        6.0,
        9.0,
        10,
        12.75,
        18.0,
        19,
        21,
        24.75,
        30.75,
        34,
        37.5,
        44.25,
        47,
        51.0,
        57.75,
        60,
        61,
        63.0,
        69.0,
        71,
        74.25,
        78.0,
        80,
        82.5,
        87.0,
        88,
        90.75,
        91,
        93.0,
        93,
        94.5,
        91.5,
        92,
        93.75,
        90.0,
        87,
        85.5,
        78.75,
        76,
        75,
        72.75,
        66.75,
        63,
        60.0,
        52.5,
        48,
        45.0,
        37.5,
        33,
        31,
        29.25,
        23.25,
        20,
        18.0,
        13.5,
        11,
        9.75,
        7.5,
        5,
        3.0,
        6,
        9.0,
        10,
        12.75,
        18.75,
        21,
        24.75,
        32.25,
        35,
        39.0,
        45.0,
        46,
        48,
        51.75,
        57.0,
        60,
        64.5,
        70.5,
        73,
        77.25,
        83.25,
        85,
        86,
        87.75,
        92.25,
        93,
        95.25,
        96.75,
        97,
        99.0,
        99.0,
        99,
        99.0,
        98,
        98.25,
        97,
        96.75,
        93.75,
        91,
        90.0,
        84.75,
        81,
        78.75,
        72.75,
        70,
        69,
        66.75,
        60.75,
        58,
        55.5,
        50.25,
        47,
        44.25,
        38.25,
        35,
        34,
        33.0,
        27.0,
        24,
        21.75,
        18.0,
        15,
        13.5,
        9.75,
        9,
        8.25
    ],
    "y": [
        96.4396551724138,
        96.01293103448276,
        95,
        94.73275862068965,
        92.59913793103448,
        92,
        91.74568965517241,
        87.90517241379311,
        86,
        84.49137931034483,
        82,
        81.07758620689656,
        79,
        77.66379310344827,
        73.82327586206897,
        71,
        69.98275862068965,
        66.14224137931035,
        64,
        62.30172413793103,
        58.46120689655172,
        57,
        56,
        54.62068965517241,
        51.206896551724135,
        49,
        46.939655172413794,
        42.672413793103445,
        40,
        38.831896551724135,
        34.564655172413794,
        32,
        31,
        30.29741379310345,
        26.45689655172414,
        24,
        22.61637931034483,
        20.482758620689655,
        17,
        15.362068965517242,
        11.948275862068966,
        10,
        8.107758620689655,
        7,
        5.974137931034483,
        4,
        3.8405172413793105,
        2.1336206896551726,
        1,
        1.2801724137931034,
        0.4267241379310345,
        0,
        0.0,
        0.0,
        0,
        0,
        0.0,
        0.4267241379310345,
        0,
        0.4267241379310345,
        0.853448275862069,
        1,
        1.2801724137931034,
        2.1336206896551726,
        2,
        2,
        3.8405172413793105,
        5.120689655172414,
        5,
        6.827586206896552,
        8.961206896551724,
        10,
        11.094827586206897,
        14.081896551724139,
        15,
        17.06896551724138,
        18,
        20.482758620689655,
        22,
        24.323275862068964,
        29.017241379310345,
        30,
        31.57758620689655,
        34.991379310344826,
        36,
        38.4051724137931,
        40.53879310344828,
        40,
        41,
        42.24568965517241,
        43.525862068965516,
        43,
        44.37931034482759,
        45.65948275862069,
        46,
        46.51293103448276,
        47.366379310344826,
        47,
        47,
        47.793103448275865,
        48.2198275862069,
        48,
        48.64655172413793,
        49.07327586206897,
        49,
        49.5,
        49.5,
        50,
        50.7801724137931,
        50,
        49.5,
        49,
        49.5,
        49.07327586206897,
        49,
        49.07327586206897,
        49.07327586206897,
        49,
        49.92672413793103,
        49.92672413793103,
        49,
        50,
        50.35344827586207,
        51.206896551724135,
        51,
        52.060344827586206,
        52.91379310344828,
        53,
        53.76724137931034,
        54.62068965517241,
        55,
        55,
        55.900862068965516,
        58.03448275862069,
        59,
        60.168103448275865,
        63.1551724137931,
        64,
        66.14224137931035,
        68.70258620689656,
        70,
        72.11637931034483,
        73,
        75.53017241379311,
        77,
        78.51724137931035,
        81.50431034482759,
        82,
        84.0646551724138,
        86.625,
        87,
        89.1853448275862,
        90.89224137931035,
        90,
        91,
        92.17241379310344,
        93.87931034482759,
        94,
        94.73275862068965,
        95.58620689655173,
        95,
        96.01293103448276,
        96.4396551724138,
        96,
        96,
        96.86637931034483,
        97.29310344827586,
        97,
        97.71982758620689,
        98.14655172413794,
        98,
        98.57327586206897,
        98.57327586206897,
        98,
        99.0
    ]
}