{
    "x": [
        7.5,
        6.75,
        6,
        6.0,
        5,
        5.25,
        4,
        4.5,
        0.0,
        1,
        2,
        4.5,
        4.5,
        4,
        4,
        4.5,
        4.5,
        2,
        0.0,
        0,
        0.0,
        1,
        3.75,
        3.75,
        3,
        4,
        5.25,
        6.0,
        6,
        6,
        6.0,
        6.75,
        7,
        7.5,
        7,
        7.5,
        7,
        8.25,
        8.25,
        8,
        8,
        8.25,
        9.0,
        8,
        8,
        8.25,
        9.0,
        9,
        9.0,
        10,
        11.25,
        12,
        13.5,
        17.25,
        18,
        19,
        21.75,
        27.0,
        30,
        31,
        33.0,
        39.0,
        42,
        45.0,
        48,
        51.0,
        54,
        57.0,
        63.0,
        64,
        66,
        69.75,
        76.5,
        79,
        80,
        82.5,
        87.0,
        88,
        90.0,
        90,
        91.5,
        92,
        93.0,
        93.0,
        93,
        93,
        93.0,
        89.25,
        87,
        85,
        84.75,
        78.0,
        73,
        69.75,
        65,
        61.5,
        57,
        53.25,
        45.0,
        42,
        40,
        35.25,
        27.75,
        23,
        21,
        19.5,
        13.5,
        10,
        8.25,
        6,
        4.5,
        3,
        3.0,
        3.75,
        3,
        4,
        6.0,
        10.5,
        13,
        14,
        16.5,
        24.0,
        27,
        31.5,
        35,
        39.75,
        44,
        48.75,
        57.75,
        59,
        61,
        64.5,
        72.0,
        75,
        77,
        79.5,
        86.25,
        88,
        91.5,
        93,
        95.25,
        96,
        98.25,
        99.0,
        99,
        99,
        99.0,
        98.25,
        94,
        92,
        91.5,
        93.75,
        91,
        89.25,
        84.75,
        81,
        77.25,
        69.75,
        65,
        60.75,
        51.75,
        45,
        39.0,
        34.5,
        30,
        26.25,
        18.75,
        16,
        13.5,
        9.0,
        7,
        6.0,
        3.0,
        3,
        3.0
    ],
    "y": [
        99.0,
        98.11607142857143,
        97,
        96.79017857142857,
        95,
        94.13839285714286,
        92,
        90.60267857142857,
        87.95089285714286,
        86,
        85,
        82.20535714285714,
        77.34375,
        75,
        73,
        72.92410714285714,
        68.0625,
        66,
        64.52678571428571,
        62,
        59.66517857142857,
        57,
        54.80357142857143,
        50.38392857142857,
        49,
        48,
        46.848214285714285,
        42.42857142857143,
        40,
        39,
        38.892857142857146,
        34.473214285714285,
        32,
        31.379464285714285,
        29,
        27.401785714285715,
        25,
        23.424107142857142,
        20.330357142857142,
        19,
        18,
        16.352678571428573,
        12.816964285714286,
        11,
        10,
        9.723214285714286,
        6.629464285714286,
        5,
        3.9776785714285716,
        3,
        2.2098214285714284,
        1,
        1.3258928571428572,
        0.4419642857142857,
        0,
        0,
        0.4419642857142857,
        0.0,
        0,
        0,
        0.0,
        0.0,
        0,
        0.4419642857142857,
        0,
        0.8839285714285714,
        1,
        1.7678571428571428,
        2.2098214285714284,
        2,
        3,
        3.9776785714285716,
        4.861607142857143,
        5,
        6,
        7.071428571428571,
        9.28125,
        10,
        11.933035714285714,
        13,
        15.026785714285714,
        16,
        18.5625,
        22.098214285714285,
        22,
        23,
        25.633928571428573,
        28.727678571428573,
        30,
        30,
        31.379464285714285,
        34.03125,
        34,
        35.799107142857146,
        36,
        38.00892857142857,
        38,
        39.33482142857143,
        40.660714285714285,
        40,
        41,
        41.544642857142854,
        42.870535714285715,
        43,
        43,
        43.754464285714285,
        44.19642857142857,
        44,
        44.638392857142854,
        44,
        45.080357142857146,
        45,
        45.52232142857143,
        45.52232142857143,
        45,
        45,
        45.080357142857146,
        45.080357142857146,
        45,
        45,
        45.080357142857146,
        45.080357142857146,
        45,
        45.080357142857146,
        45,
        45.964285714285715,
        46,
        46.40625,
        47.29017857142857,
        47,
        47,
        47.732142857142854,
        49.5,
        49,
        49,
        50.38392857142857,
        52.151785714285715,
        53,
        54.361607142857146,
        55,
        57.455357142857146,
        58,
        60.107142857142854,
        64.08482142857143,
        64,
        65,
        67.62053571428571,
        70.71428571428571,
        72,
        73,
        74.69196428571429,
        77.34375,
        78,
        80.4375,
        83.53125,
        84,
        86.18303571428571,
        88.39285714285714,
        89,
        90.60267857142857,
        92.37053571428571,
        94,
        95.90625,
        95.02232142857143,
        95,
        96.34821428571429,
        96.79017857142857,
        96,
        96.79017857142857,
        97.67410714285714,
        97,
        97.67410714285714,
        97.67410714285714,
        97,
        98.11607142857143
    ]
}