{
    "x": [
        6.75,
        6.0,
        6,
        6.0,
        5.25,
        5,
        5.25,
        2,
        0.0,
        0,
        0.0,
        4.5,
        4,
        3.75,
        4.5,
        4,
        4,
        5.25,
        1.5,
        2,
        3.0,
        8.25,
        8,
        8,
        8.25,
        9.0,
        9,
        9.75,
        6.0,
        7,
        9.75,
        10,
        10.5,
        10,
        10.5,
        10.5,
        8,
        6.0,
        9.75,
        9,
        9,
        9.0,
        9.75,
        9,
        9.0,
        9.0,
        8,
        8,
        8.25,
        6.0,
        7,
        9.75,
        12.75,
        15,
        18.0,
        20,
        23.25,
        25,
        28.5,
        36.0,
        39,
        43.5,
        50.25,
        51,
        53,
        57.0,
        62.25,
        65,
        68.25,
        74.25,
        76,
        77,
        79.5,
        84.0,
        86,
        88.5,
        91.5,
        92,
        93.0,
        93,
        93.75,
        91,
        88.5,
        90.75,
        88,
        86.25,
        81.0,
        79,
        78,
        75.0,
        67.5,
        63,
        60.0,
        53.25,
        49,
        47,
        45.75,
        37.5,
        33,
        29.25,
        21.0,
        18,
        15.0,
        12,
        9.75,
        9,
        8.25,
        8.25,
        9,
        9.75,
        13.5,
        14,
        15,
        18.0,
        24.75,
        27,
        30.0,
        35.25,
        38,
        39,
        41.25,
        45.75,
        48,
        51.75,
        57.0,
        60,
        63.0,
        65,
        68.25,
        70,
        73.5,
        78.0,
        80,
        82.5,
        82.5,
        84,
        86,
        90.75,
        93.0,
        94,
        95.25,
        97.5,
        96,
        95,
        94.5,
        99.0,
        98,
        98.25,
        96.0,
        94,
        92.25,
        89,
        87.0,
        84,
        81.0,
        75.0,
        72,
        69.0,
        61.5,
        59,
        57,
        53.25,
        45.75,
        41,
        37.5,
        30.75,
        27,
        25,
        23.25,
        18.0,
        15,
        13.5,
        9.75,
        8,
        6.75
    ],
    "y": [
        98.18181818181819,
        96.95454545454545,
        96,
        95.72727272727273,
        93.27272727272727,
        91,
        90.0,
        88,
        87.54545454545455,
        85,
        83.86363636363636,
        78.54545454545455,
        76,
        74.45454545454545,
        70.36363636363636,
        69,
        68,
        66.68181818181819,
        63.40909090909091,
        61,
        59.72727272727273,
        54.81818181818182,
        52,
        51,
        50.72727272727273,
        46.63636363636363,
        44,
        42.13636363636363,
        38.45454545454545,
        36,
        33.54545454545455,
        31,
        29.454545454545453,
        27,
        25.772727272727273,
        22.09090909090909,
        21,
        20.045454545454547,
        15.545454545454545,
        15,
        15,
        15.954545454545455,
        10.227272727272727,
        8,
        7.363636363636363,
        5.318181818181818,
        4,
        4,
        4.5,
        4.909090909090909,
        3,
        2.8636363636363638,
        3.272727272727273,
        2,
        2.4545454545454546,
        2,
        1.6363636363636365,
        2,
        4.090909090909091,
        0.0,
        0,
        0.4090909090909091,
        0.0,
        0,
        0,
        0.4090909090909091,
        0.8181818181818182,
        1,
        2.0454545454545454,
        3.272727272727273,
        4,
        4,
        5.318181818181818,
        7.7727272727272725,
        9,
        11.045454545454545,
        13.909090909090908,
        15,
        17.181818181818183,
        18,
        20.045454545454547,
        22,
        24.954545454545453,
        26.181818181818183,
        27,
        29.045454545454547,
        31.90909090909091,
        32,
        33,
        34.36363636363637,
        36.40909090909091,
        37,
        38.04545454545455,
        39.27272727272727,
        39,
        39,
        40.5,
        41.31818181818182,
        41,
        42.13636363636363,
        42.54545454545455,
        42,
        42.95454545454545,
        43,
        43.36363636363637,
        43,
        43.77272727272727,
        43.77272727272727,
        43,
        43.36363636363637,
        42.95454545454545,
        42,
        42,
        42.54545454545455,
        42.95454545454545,
        42,
        42.95454545454545,
        43.36363636363637,
        43,
        43,
        43.77272727272727,
        44.18181818181818,
        44,
        45.0,
        46.22727272727273,
        46,
        47.45454545454545,
        48,
        48.68181818181818,
        49,
        50.31818181818182,
        51.95454545454545,
        52,
        53.59090909090909,
        56.86363636363637,
        56,
        57,
        58.5,
        61.36363636363637,
        63,
        64.63636363636364,
        68.31818181818181,
        70,
        71,
        72.0,
        75.27272727272727,
        76,
        78.54545454545455,
        81.81818181818181,
        83,
        84.27272727272727,
        85,
        86.72727272727273,
        87,
        89.18181818181819,
        91.22727272727273,
        91,
        92.45454545454545,
        94.5,
        94,
        94,
        95.31818181818181,
        96.95454545454545,
        97,
        97.77272727272727,
        97.77272727272727,
        97,
        97,
        98.18181818181819,
        98.5909090909091,
        98,
        99.0,
        98.5909090909091,
        98,
        98.5909090909091
    ]
}