{
    "x": [
        5.4,
        5.4,
        4.2,
        3.0,
        2,
        2.4,
        1.2,
        1.2,
        0.6,
        0,
        0.0,
        0.0,
        0.0,
        0.0,
        0,
        1.8,
        2.4,
        4.2,
        6.0,
        7,
        8.4,
        10.8,
        14.4,
        18.0,
        20,
        22.2,
        27.0,
        31.8,
        36.6,
        39,
        42.0,
        46.8,
        52.2,
        56.4,
        58,
        61.2,
        65.4,
        70.2,
        73.8,
        75,
        78.0,
        80.4,
        84.0,
        86.4,
        87,
        88.8,
        90.6,
        92.4,
        92.4,
        93,
        93.6,
        94.2,
        94.2,
        94.2,
        94,
        94.2,
        93.6,
        93.0,
        92.4,
        92,
        91.8,
        91.2,
        91.2,
        91.2,
        90,
        90.6,
        91.2,
        91.2,
        90.6,
        90,
        90.6,
        91.2,
        91.2,
        92.4,
        92,
        92.4,
        93.0,
        93.0,
        93.6,
        94,
        94.8,
        95.4,
        96.6,
        97.8,
        98,
        99.0,
        99.0,
        99.0,
        99.0,
        99,
        99.0,
        97.8,
        96.6,
        93.0,
        91,
        89.4,
        82.8,
        75.0,
        67.8,
        63,
        58.8,
        50.4,
        43.8,
        39.0,
        37,
        35.4,
        32.4,
        30.6,
        29.4,
        29,
        29.4,
        29.4,
        31.2,
        33.6,
        35,
        36.6,
        39.0,
        41.4,
        42.0,
        42,
        42.0,
        40.2,
        37.8,
        36.0,
        33,
        30.0,
        32.4,
        31.8,
        31.2,
        30,
        30.6,
        30.6,
        30.0,
        30.6,
        30,
        31.2,
        33.0,
        34.8,
        37.8,
        39,
        40.8,
        43.8,
        47.4,
        52.8,
        55,
        57.6,
        62.4,
        65.4,
        67.2,
        67,
        68.4,
        68.4,
        68.4,
        67.8,
        65,
        63.6,
        66.6,
        65.4,
        63.6,
        58.8,
        60.0,
        58.8,
        57.6,
        57.6,
        56.4,
        56.4,
        52.8,
        56.4,
        57.0,
        57.6,
        58.8,
        58.8,
        59.4,
        59.4,
        58.8
    ],
    "y": [
        24.876923076923077,
        24.876923076923077,
        25.384615384615383,
        26.4,
        27,
        28.43076923076923,
        30.96923076923077,
        34.52307692307692,
        37.56923076923077,
        39,
        42.13846153846154,
        46.2,
        51.276923076923076,
        55.84615384615385,
        58,
        61.43076923076923,
        65.49230769230769,
        70.06153846153846,
        74.12307692307692,
        75,
        77.67692307692307,
        81.73846153846154,
        85.29230769230769,
        88.84615384615384,
        90,
        91.8923076923077,
        94.43076923076923,
        95.95384615384616,
        97.98461538461538,
        98,
        99.0,
        99.0,
        97.98461538461538,
        96.46153846153847,
        95,
        95.44615384615385,
        93.41538461538461,
        91.38461538461539,
        88.84615384615384,
        87,
        86.3076923076923,
        82.24615384615385,
        78.6923076923077,
        74.12307692307692,
        71,
        69.55384615384615,
        65.49230769230769,
        60.92307692307692,
        56.353846153846156,
        53,
        50.76923076923077,
        45.69230769230769,
        40.61538461538461,
        36.04615384615385,
        34,
        32.49230769230769,
        29.446153846153845,
        26.907692307692308,
        26.4,
        26,
        26.907692307692308,
        27.923076923076923,
        29.953846153846154,
        32.49230769230769,
        33,
        35.03076923076923,
        38.07692307692308,
        41.12307692307692,
        44.16923076923077,
        45,
        47.723076923076924,
        50.76923076923077,
        53.815384615384616,
        57.36923076923077,
        59,
        60.92307692307692,
        64.98461538461538,
        69.04615384615384,
        73.1076923076923,
        75,
        77.67692307692307,
        81.73846153846154,
        85.8,
        89.35384615384615,
        90,
        92.4,
        94.93846153846154,
        96.96923076923076,
        97.47692307692307,
        97,
        97.47692307692307,
        96.96923076923076,
        95.44615384615385,
        92.4,
        90,
        87.83076923076923,
        81.73846153846154,
        73.1076923076923,
        63.46153846153846,
        57,
        51.276923076923076,
        39.09230769230769,
        27.923076923076923,
        18.276923076923076,
        14,
        11.676923076923076,
        6.6,
        3.5538461538461537,
        1.523076923076923,
        1,
        1.0153846153846153,
        0.5076923076923077,
        0.5076923076923077,
        0.0,
        0,
        0.0,
        1.0153846153846153,
        2.5384615384615383,
        5.076923076923077,
        6,
        7.615384615384615,
        10.153846153846153,
        11.676923076923076,
        12.184615384615384,
        12,
        12.184615384615384,
        11.676923076923076,
        10.153846153846153,
        8.63076923076923,
        7,
        7.107692307692307,
        5.076923076923077,
        4.569230769230769,
        3.5538461538461537,
        3,
        3.046153846153846,
        2.5384615384615383,
        2.0307692307692307,
        2.0307692307692307,
        1,
        1.523076923076923,
        1.523076923076923,
        2.0307692307692307,
        2.5384615384615383,
        2,
        2.5384615384615383,
        3.046153846153846,
        3.5538461538461537,
        4.061538461538461,
        4,
        5.076923076923077,
        6.092307692307692,
        7.615384615384615,
        8.63076923076923,
        10,
        13.2,
        12.184615384615384,
        14.215384615384615,
        15.738461538461538,
        19.29230769230769,
        16.246153846153845,
        15.738461538461538,
        14.723076923076922,
        13.2,
        11.676923076923076,
        9.138461538461538,
        11.676923076923076,
        6.092307692307692,
        5.076923076923077,
        4.061538461538461,
        3.5538461538461537,
        2.5384615384615383,
        2.5384615384615383,
        3.046153846153846,
        3.046153846153846
    ]
}