{
    "x": [
        5.4,
        5.4,
        5,
        4.8,
        3.6,
        3,
        2.4,
        1.8,
        1,
        1.2,
        0.6,
        0,
        0.0,
        0.6,
        0,
        0.6,
        1.8,
        2,
        2.4,
        4.2,
        4,
        5.4,
        7.2,
        8,
        9.0,
        11.4,
        12,
        14.4,
        18.6,
        20,
        22.2,
        26.4,
        29,
        31.8,
        40.2,
        40,
        41.4,
        46.2,
        48,
        51.0,
        55.2,
        57,
        59.4,
        63.6,
        66,
        68.4,
        67.2,
        70,
        74.4,
        76.8,
        78,
        79.8,
        82.2,
        83,
        84.6,
        86.4,
        87,
        87.6,
        88.8,
        89,
        90.0,
        90.0,
        90,
        90.6,
        90.6,
        90,
        90.6,
        90.6,
        90,
        90.6,
        90.6,
        88,
        86.4,
        90.0,
        89,
        89.4,
        90.0,
        90,
        90.0,
        90.0,
        90,
        90.6,
        91.2,
        91,
        91.2,
        91.8,
        92,
        92.4,
        93.0,
        93,
        93.0,
        94.2,
        92,
        91.2,
        96.6,
        96,
        97.2,
        97.8,
        97,
        97.8,
        98.4,
        98,
        99.0,
        97.8,
        97,
        96.6,
        94.2,
        92,
        91.2,
        85.2,
        83,
        81.0,
        70.2,
        65,
        60.6,
        52.8,
        48,
        45.0,
        39.0,
        37,
        36.0,
        33.6,
        33,
        32.4,
        31.8,
        32,
        33.0,
        34.8,
        36,
        37.2,
        39.6,
        40,
        42.0,
        42.6,
        42,
        41.4,
        39.0,
        37,
        36.0,
        32.4,
        30.0,
        29.4,
        30.0,
        30.6,
        30.6,
        30.6,
        31.2,
        32.4,
        34.8,
        39.0,
        43.8,
        48.6,
        53.4,
        58.8,
        63.0,
        66.6,
        67.8,
        69.0,
        69.0,
        68.4,
        66.6,
        65.4,
        63.0,
        60.6,
        59.4,
        58.8,
        58.8,
        59.4,
        60.0,
        60.6,
        62.4,
        60.0,
        64.2,
        64.2,
        64.2
    ],
    "y": [
        23.39010989010989,
        23.934065934065934,
        24,
        25.021978021978022,
        26.653846153846153,
        28,
        29.373626373626372,
        32.637362637362635,
        34,
        35.9010989010989,
        40.252747252747255,
        42,
        44.06043956043956,
        48.41208791208791,
        50,
        52.76373626373626,
        57.11538461538461,
        59,
        60.92307692307692,
        65.27472527472527,
        67,
        69.62637362637362,
        73.43406593406593,
        75,
        77.24175824175825,
        81.04945054945055,
        83,
        85.4010989010989,
        88.66483516483517,
        90,
        91.92857142857143,
        94.1043956043956,
        95,
        96.28021978021978,
        95.73626373626374,
        97,
        98.45604395604396,
        99.0,
        99,
        99.0,
        99.0,
        98,
        97.91208791208791,
        96.82417582417582,
        95,
        94.1043956043956,
        94.64835164835165,
        91,
        89.20879120879121,
        85.4010989010989,
        83,
        81.5934065934066,
        77.78571428571429,
        75,
        73.43406593406593,
        69.08241758241758,
        66,
        64.18681318681318,
        59.29120879120879,
        57,
        54.93956043956044,
        50.043956043956044,
        47,
        45.69230769230769,
        40.7967032967033,
        38,
        36.989010989010985,
        33.18131868131868,
        31,
        30.46153846153846,
        27.74175824175824,
        28,
        28.285714285714285,
        27.197802197802197,
        28,
        29.373626373626372,
        32.637362637362635,
        34,
        36.989010989010985,
        41.34065934065934,
        43,
        45.69230769230769,
        50.58791208791209,
        53,
        55.48351648351648,
        60.379120879120876,
        62,
        64.73076923076923,
        68.53846153846153,
        70,
        72.89010989010988,
        76.6978021978022,
        79,
        82.13736263736264,
        84.85714285714286,
        86,
        88.12087912087912,
        91.92857142857143,
        93,
        95.1923076923077,
        96.82417582417582,
        97,
        97.91208791208791,
        97.91208791208791,
        97,
        96.82417582417582,
        93.56043956043956,
        91,
        88.66483516483517,
        81.5934065934066,
        76,
        71.8021978021978,
        61.467032967032964,
        55,
        50.043956043956044,
        38.07692307692308,
        32,
        26.10989010989011,
        16.318681318681318,
        12,
        9.247252747252746,
        4.895604395604396,
        3,
        2.71978021978022,
        1.6318681318681318,
        1,
        0.5439560439560439,
        0.0,
        0,
        0.0,
        1.0879120879120878,
        2,
        3.2637362637362637,
        5.43956043956044,
        6,
        8.159340659340659,
        10.87912087912088,
        11,
        12.510989010989011,
        11.967032967032967,
        10.87912087912088,
        8.703296703296703,
        7.071428571428571,
        5.43956043956044,
        4.895604395604396,
        4.351648351648351,
        4.351648351648351,
        3.8076923076923075,
        3.2637362637362637,
        2.1758241758241756,
        1.0879120879120878,
        1.0879120879120878,
        0.5439560439560439,
        0.5439560439560439,
        0.0,
        0.0,
        1.0879120879120878,
        2.1758241758241756,
        4.351648351648351,
        6.527472527472527,
        9.247252747252746,
        11.423076923076923,
        13.054945054945055,
        13.054945054945055,
        12.510989010989011,
        9.791208791208792,
        6.527472527472527,
        3.8076923076923075,
        1.0879120879120878,
        0.0,
        0.0,
        1.6318681318681318,
        0.0,
        0.5439560439560439,
        0.5439560439560439
    ]
}