{
    "x": [
        3.0,
        3,
        3.0,
        3.0,
        2.4,
        1,
        1.2,
        0.0,
        0.0,
        0.0,
        0,
        0.0,
        0.0,
        1.2,
        1.8,
        2,
        3.0,
        4.2,
        4.8,
        6.0,
        6,
        7.2,
        8.4,
        10.8,
        13.8,
        15,
        17.4,
        22.2,
        27.6,
        33.6,
        36,
        39.6,
        46.2,
        51.6,
        57.6,
        60,
        63.0,
        67.2,
        72.0,
        75.6,
        77,
        78.6,
        86.4,
        84.0,
        86.4,
        87,
        88.2,
        89.4,
        91.2,
        91.8,
        92,
        93.0,
        93.0,
        93.0,
        93.0,
        93,
        93.0,
        93.0,
        92.4,
        91.8,
        91,
        91.2,
        91.2,
        91.2,
        91.2,
        90,
        90.6,
        90.6,
        90.0,
        91.8,
        91,
        91.8,
        93.0,
        93.0,
        93.6,
        93,
        94.2,
        94.8,
        95.4,
        96.0,
        96,
        96.6,
        97.8,
        98.4,
        98.4,
        98,
        99.0,
        99.0,
        98.4,
        97.8,
        97,
        96.6,
        95.4,
        93.6,
        91.2,
        89,
        87.0,
        81.0,
        78.6,
        73.8,
        71,
        68.4,
        63.0,
        58.2,
        53.4,
        51,
        48.6,
        45.0,
        40.8,
        37.8,
        36,
        34.8,
        32.4,
        28.8,
        27.6,
        27,
        28.2,
        29.4,
        31.2,
        34.2,
        35,
        37.2,
        39.0,
        38.4,
        36.0,
        35,
        34.2,
        31.2,
        29.4,
        27.6,
        26,
        25.8,
        25.8,
        30.0,
        27.6,
        28,
        28.8,
        31.2,
        33.6,
        36.0,
        37,
        39.6,
        43.2,
        46.8,
        51.0,
        52,
        54.6,
        58.8,
        61.2,
        64.8,
        66,
        67.8,
        71.4,
        74.4,
        75.0,
        75,
        75.0,
        73.2,
        70.8,
        67.8,
        66,
        65.4,
        63.6,
        63.6,
        64.2,
        64,
        65.4,
        65.4,
        67.8,
        67.2,
        66,
        66.6,
        67.8,
        67.2,
        66.6
    ],
    "y": [
        22.43349753694581,
        22,
        22.92118226600985,
        23.896551724137932,
        25.84729064039409,
        26,
        27.310344827586206,
        30.236453201970445,
        33.16256157635468,
        36.576354679802954,
        38,
        40.477832512315274,
        44.86699507389162,
        49.25615763546798,
        53.1576354679803,
        55,
        58.03448275862069,
        62.91133004926108,
        67.30049261083744,
        72.17733990147784,
        74,
        76.56650246305419,
        80.95566502463055,
        85.83251231527093,
        89.24630541871922,
        91,
        93.14778325123153,
        96.07389162561576,
        97.53694581280789,
        98.51231527093596,
        98,
        99.0,
        98.51231527093596,
        98.02463054187191,
        96.5615763546798,
        95,
        94.61083743842364,
        92.66009852216749,
        90.22167487684729,
        86.80788177339902,
        85,
        83.39408866995073,
        79.00492610837438,
        74.12807881773399,
        69.2512315270936,
        66,
        63.399014778325125,
        57.05911330049261,
        51.206896551724135,
        45.354679802955665,
        42,
        39.50246305418719,
        34.13793103448276,
        29.261083743842363,
        25.84729064039409,
        24,
        23.896551724137932,
        22.92118226600985,
        23.408866995073893,
        24.87192118226601,
        25,
        26.822660098522167,
        28.773399014778324,
        31.699507389162562,
        35.11330049261084,
        37,
        39.01477832512315,
        42.916256157635466,
        47.30541871921182,
        52.18226600985221,
        54,
        56.57142857142857,
        60.47290640394089,
        64.3743842364532,
        68.27586206896552,
        70,
        72.17733990147784,
        76.07881773399015,
        80.4679802955665,
        84.85714285714286,
        86,
        88.27093596059113,
        90.70935960591133,
        92.66009852216749,
        94.61083743842364,
        95,
        95.58620689655173,
        96.5615763546798,
        97.53694581280789,
        97.04926108374384,
        96,
        96.5615763546798,
        94.61083743842364,
        92.17241379310344,
        88.75862068965517,
        86,
        83.88177339901478,
        75.5911330049261,
        72.66502463054188,
        65.83743842364532,
        62,
        58.522167487684726,
        51.69458128078818,
        44.86699507389162,
        39.01477832512315,
        36,
        33.65024630541872,
        28.285714285714285,
        23.896551724137932,
        19.507389162561577,
        17,
        16.0935960591133,
        11.704433497536947,
        8.77832512315271,
        5.364532019704433,
        4,
        2.9261083743842367,
        0.4876847290640394,
        0.0,
        0.4876847290640394,
        1,
        2.438423645320197,
        5.364532019704433,
        8.29064039408867,
        10.729064039408867,
        11,
        12.192118226600986,
        12.192118226600986,
        11.216748768472906,
        14.630541871921181,
        11,
        7.802955665024631,
        5.852216748768473,
        0.9753694581280788,
        2.9261083743842367,
        2,
        2.438423645320197,
        1.9507389162561577,
        1.9507389162561577,
        1.4630541871921183,
        1,
        1.4630541871921183,
        1.4630541871921183,
        0.9753694581280788,
        0.4876847290640394,
        0,
        0.0,
        0.4876847290640394,
        0.4876847290640394,
        0.9753694581280788,
        1,
        2.9261083743842367,
        5.852216748768473,
        8.77832512315271,
        12.192118226600986,
        13,
        15.605911330049262,
        17.55665024630542,
        18.04433497536946,
        17.06896551724138,
        16,
        15.605911330049262,
        12.679802955665025,
        9.753694581280788,
        6.827586206896552,
        5,
        4.876847290640394,
        3.413793103448276,
        2.9261083743842367,
        2.438423645320197,
        2,
        2.438423645320197,
        2.438423645320197,
        2.9261083743842367,
        2.438423645320197
    ]
}