{
    "x": [
        0.0,
        0.6,
        0,
        0,
        1.2,
        2,
        3.6,
        3,
        2,
        2.4,
        9.0,
        9,
        10,
        12.0,
        13,
        15.6,
        17,
        18,
        19.8,
        24.0,
        25,
        26,
        28.8,
        31,
        33.6,
        35,
        36,
        37.2,
        42.0,
        43,
        44,
        46.2,
        48,
        50.4,
        52,
        53,
        54.0,
        58.2,
        59,
        60,
        61.8,
        63,
        65.4,
        66,
        67,
        68.4,
        72.0,
        72,
        73,
        74.4,
        75,
        77.4,
        78,
        79,
        80.4,
        82.8,
        83,
        84,
        85.8,
        87,
        88.2,
        89,
        90,
        91.2,
        93.6,
        93,
        94,
        95.4,
        93,
        92.4,
        95,
        96,
        97.8,
        98.4,
        98,
        98,
        99.0,
        99,
        99.0,
        99,
        99,
        99.0,
        99.0,
        98,
        98,
        98.4,
        98,
        98.4,
        98,
        97,
        97.8,
        97.2,
        96,
        96,
        96.0,
        95,
        95.4,
        95,
        94,
        94.8,
        94.2,
        93,
        93,
        93.6,
        93,
        93.0,
        92,
        92,
        92.4,
        90.6,
        89,
        89,
        88.8,
        88,
        88.8,
        88,
        87,
        87.6,
        87.6,
        87,
        87,
        87.0,
        86,
        85.8,
        84,
        84,
        84.0,
        81.6,
        81,
        81,
        80.4,
        79,
        78.6,
        77,
        76,
        76.2,
        73.8,
        72,
        72,
        70.8,
        69,
        67.8,
        66,
        65,
        64.2,
        60.6,
        59,
        59,
        57.6,
        57,
        57.0,
        53,
        49.2,
        45.6,
        44,
        42.6,
        39.0,
        37,
        35.4,
        31.8,
        30,
        28.8,
        25.2,
        23,
        22.2,
        19.2,
        17,
        16.2,
        14.4,
        13,
        12.6,
        10.8,
        10,
        9.6,
        9.0
    ],
    "y": [
        0.0,
        0.678082191780822,
        0,
        1,
        2.712328767123288,
        3,
        4.7465753424657535,
        7,
        8,
        10.17123287671233,
        8.815068493150685,
        9,
        10,
        11.527397260273972,
        13,
        14.917808219178083,
        16,
        17,
        18.986301369863014,
        23.732876712328768,
        24,
        25,
        26.445205479452056,
        28,
        29.835616438356166,
        31,
        32,
        33.9041095890411,
        38.65068493150685,
        39,
        40,
        42.71917808219178,
        44,
        46.10958904109589,
        47,
        48,
        49.5,
        53.56849315068493,
        54,
        55,
        57.636986301369866,
        59,
        61.02739726027397,
        62,
        63,
        64.41780821917808,
        67.13013698630137,
        67,
        68,
        70.52054794520548,
        72,
        73.91095890410959,
        75,
        76,
        77.3013698630137,
        80.6917808219178,
        81,
        82,
        83.4041095890411,
        84,
        86.11643835616438,
        87,
        88,
        89.5068493150685,
        92.21917808219177,
        92,
        93,
        94.25342465753425,
        95,
        96.96575342465754,
        96,
        96,
        96.96575342465754,
        98.32191780821918,
        98,
        98,
        98.32191780821918,
        97,
        97.64383561643835,
        96,
        96,
        96.28767123287672,
        92.21917808219177,
        90,
        89,
        86.79452054794521,
        83,
        80.01369863013699,
        75,
        73,
        71.1986301369863,
        61.705479452054796,
        58,
        56,
        50.85616438356164,
        46,
        41.363013698630134,
        36,
        33,
        31.19178082191781,
        23.054794520547944,
        21,
        19,
        15.595890410958905,
        12,
        9.493150684931507,
        7,
        5,
        4.7465753424657535,
        2.712328767123288,
        1,
        1,
        0.678082191780822,
        0,
        0.0,
        0,
        0,
        0.0,
        0.678082191780822,
        0,
        1,
        2.0342465753424657,
        3,
        4.068493150684931,
        5,
        5,
        6.780821917808219,
        10.17123287671233,
        10,
        11,
        13.561643835616438,
        15,
        16.95205479452055,
        18,
        19,
        21.02054794520548,
        25.767123287671232,
        26,
        27,
        29.835616438356166,
        32,
        34.582191780821915,
        36,
        37,
        39.32876712328767,
        44.75342465753425,
        45,
        47,
        49.5,
        53,
        56.95890410958904,
        57,
        58.31506849315068,
        62.38356164383562,
        64,
        66.45205479452055,
        71.1986301369863,
        72,
        73.91095890410959,
        77.3013698630137,
        78,
        80.6917808219178,
        83.4041095890411,
        85,
        86.79452054794521,
        88.82876712328768,
        89,
        90.86301369863014,
        92.8972602739726,
        93,
        94.93150684931507,
        96.96575342465754,
        97,
        99.0,
        99.0
    ]
}