{
    "x": [
        0.0,
        1.98,
        2,
        3,
        4.95,
        6,
        7.92,
        9,
        10,
        11.88,
        15.345,
        16,
        17,
        19.8,
        22,
        24.255,
        26,
        27,
        29.205,
        34.65,
        35,
        37,
        40.59,
        43,
        46.53,
        49,
        50,
        52.47,
        55,
        58.41,
        59,
        61,
        63.855,
        66,
        69.3,
        71,
        72,
        74.25,
        78.705,
        79,
        80,
        82.665,
        84,
        86.13,
        87,
        88,
        89.1,
        92.07,
        92,
        93,
        94.545,
        95,
        96.03,
        96,
        96,
        96.03,
        94.545,
        93,
        92,
        91,
        88.11,
        89,
        90.09,
        88,
        87,
        87.12,
        83.16,
        82,
        81,
        79.695,
        77,
        75.735,
        73,
        72,
        71.28,
        66.825,
        65,
        64,
        62.865,
        60,
        58.41,
        55,
        54,
        53.46,
        48.015,
        46,
        45,
        45,
        43.065,
        41,
        39.105,
        37,
        36,
        35.145,
        31.68,
        29,
        28,
        24.75,
        24,
        24.255,
        22,
        21,
        21.285,
        18.315,
        17,
        17,
        15.84,
        14,
        13.365,
        12,
        12,
        12.375,
        5.94,
        6,
        8,
        9,
        11.385,
        11,
        12.375,
        13,
        13,
        14.355,
        17.325,
        18,
        19,
        20.79,
        23,
        25.245,
        27,
        28,
        29.205,
        33.66,
        34,
        35,
        38.115,
        40,
        42.075,
        44,
        45,
        46.53,
        50.49,
        51,
        52,
        54.45,
        55,
        56,
        59.4,
        61,
        62,
        63.855,
        68.31,
        69,
        70,
        72.765,
        74,
        77.22,
        79,
        80,
        81.675,
        86.13,
        87,
        88,
        90.09,
        92,
        94.05,
        95,
        96,
        97.02,
        98.505,
        98,
        98,
        99.0,
        99,
        99,
        99.0
    ],
    "y": [
        2.2247191011235956,
        2.7808988764044944,
        2,
        2,
        2.7808988764044944,
        2,
        1.6685393258426966,
        1,
        0,
        0.5561797752808989,
        1.1123595505617978,
        1,
        1,
        1.6685393258426966,
        1,
        1.6685393258426966,
        1,
        1,
        2.2247191011235956,
        1.1123595505617978,
        1,
        1,
        1.6685393258426966,
        1,
        1.1123595505617978,
        0,
        0,
        0.5561797752808989,
        0,
        0.5561797752808989,
        0,
        0,
        0.5561797752808989,
        0,
        0.0,
        0,
        0,
        0.0,
        0.0,
        0,
        0,
        0.5561797752808989,
        0,
        0.5561797752808989,
        0,
        0,
        0.5561797752808989,
        1.1123595505617978,
        1,
        1,
        2.2247191011235956,
        2,
        2.7808988764044944,
        3,
        3,
        3.893258426966292,
        5.561797752808989,
        5,
        5,
        6,
        8.342696629213483,
        9,
        10.567415730337078,
        12,
        12,
        13.904494382022472,
        18.353932584269664,
        19,
        20,
        22.803370786516854,
        25,
        27.808988764044944,
        30,
        31,
        32.258426966292134,
        36.70786516853933,
        37,
        39,
        41.71348314606742,
        43,
        45.60674157303371,
        48,
        49,
        50.6123595505618,
        55.061797752808985,
        56,
        56,
        57,
        59.51123595505618,
        62,
        64.51685393258427,
        66,
        67,
        68.41011235955057,
        72.30337078651685,
        74,
        76,
        80.64606741573034,
        80,
        80.08988764044943,
        81,
        82,
        83.42696629213484,
        86.76404494382022,
        86,
        87,
        88.98876404494382,
        90,
        91.76966292134831,
        92,
        92,
        93.99438202247191,
        97.3314606741573,
        97,
        97,
        96,
        96.7752808988764,
        96,
        96.7752808988764,
        96,
        96,
        96.21910112359551,
        96.21910112359551,
        96,
        96,
        96.21910112359551,
        96,
        96.21910112359551,
        96,
        96,
        96.7752808988764,
        96.7752808988764,
        96,
        96,
        96.7752808988764,
        96,
        96.7752808988764,
        97,
        97,
        97.3314606741573,
        97.88764044943821,
        97,
        98,
        98.4438202247191,
        98,
        98,
        98.4438202247191,
        98,
        98,
        98.4438202247191,
        99.0,
        99,
        99,
        99.0,
        98,
        98.4438202247191,
        98,
        98,
        98.4438202247191,
        99.0,
        99,
        99,
        99.0,
        99,
        99.0,
        98,
        98,
        98.4438202247191,
        98.4438202247191,
        98,
        98,
        98.4438202247191,
        98,
        98,
        98.4438202247191
    ]
}