{
    "x": [
        0.0,
        1.0,
        1,
        1,
        2.0,
        4.0,
        4,
        4,
        5.5,
        8.0,
        9,
        9,
        10.5,
        14.0,
        15,
        16,
        17.0,
        20.0,
        21,
        22,
        23.0,
        26.0,
        27,
        28,
        29.5,
        33.5,
        35,
        36,
        37.5,
        41.5,
        43,
        44,
        45.5,
        49.5,
        51,
        52,
        53.5,
        58.0,
        60,
        61,
        62.5,
        67.0,
        69,
        70,
        71.5,
        75.5,
        77,
        78,
        79.5,
        82.5,
        84,
        84,
        85.5,
        85.0,
        87,
        88,
        90.5,
        93.0,
        93,
        93,
        94.0,
        94.5,
        94,
        94,
        94.0,
        92.5,
        91,
        91,
        91.0,
        89.0,
        87,
        86,
        86.5,
        84.0,
        82,
        81,
        81.5,
        78.5,
        77,
        76,
        75.5,
        73.0,
        71,
        70,
        70.5,
        67.5,
        66,
        65,
        64.5,
        61.5,
        60,
        59,
        58.5,
        55.5,
        54,
        53,
        52.5,
        49.0,
        47,
        46,
        45.0,
        41.5,
        39,
        38,
        38.0,
        35.0,
        33,
        32,
        31.5,
        28.0,
        26,
        25,
        25.5,
        23.5,
        22,
        21,
        21.0,
        19.0,
        17,
        16,
        16.0,
        14.0,
        13,
        13,
        13.0,
        12.5,
        13,
        13,
        14.0,
        11.0,
        14,
        15,
        17.5,
        19.5,
        21,
        22,
        23.0,
        26.0,
        27,
        28,
        29.5,
        33.5,
        37,
        39,
        41.5,
        41.5,
        43,
        44,
        46.0,
        50.5,
        52,
        53,
        54.5,
        59.5,
        61,
        62,
        64.0,
        68.5,
        70,
        71,
        72.5,
        76.5,
        78,
        79,
        80.5,
        84.0,
        84,
        84.0,
        92.0,
        93,
        95.0,
        97.5,
        98,
        98.5,
        99.0
    ],
    "y": [
        0.9705882352941176,
        1.4558823529411764,
        1,
        0,
        0.9705882352941176,
        0.0,
        0,
        0,
        0.0,
        0.4852941176470588,
        0,
        0,
        0.9705882352941176,
        0.4852941176470588,
        0,
        0,
        0.0,
        0.0,
        0,
        0,
        0.0,
        0.4852941176470588,
        0,
        0,
        0.4852941176470588,
        0.9705882352941176,
        0,
        0,
        0.9705882352941176,
        0.9705882352941176,
        0,
        0,
        0.9705882352941176,
        1.4558823529411764,
        1,
        1,
        1.4558823529411764,
        1.9411764705882353,
        1,
        1,
        1.9411764705882353,
        1.9411764705882353,
        2,
        2,
        2.426470588235294,
        2.426470588235294,
        2,
        2,
        3.3970588235294117,
        3.3970588235294117,
        3,
        3,
        3.8823529411764706,
        6.3088235294117645,
        5,
        4,
        4.367647058823529,
        4.367647058823529,
        4,
        4,
        4.852941176470588,
        5.338235294117647,
        5,
        5,
        6.3088235294117645,
        7.764705882352941,
        8,
        8,
        9.220588235294118,
        11.161764705882353,
        12,
        12,
        13.588235294117647,
        16.5,
        18,
        18,
        19.897058823529413,
        23.779411764705884,
        25,
        26,
        27.176470588235293,
        31.058823529411764,
        32,
        32,
        33.970588235294116,
        37.36764705882353,
        39,
        39,
        40.76470588235294,
        44.64705882352941,
        45,
        46,
        47.0735294117647,
        50.470588235294116,
        52,
        52,
        53.86764705882353,
        57.75,
        59,
        60,
        61.63235294117647,
        66.0,
        67,
        67,
        68.91176470588235,
        72.30882352941177,
        74,
        74,
        75.70588235294117,
        78.13235294117646,
        79,
        80,
        81.04411764705883,
        83.47058823529412,
        84,
        84,
        85.8970588235294,
        87.3529411764706,
        88,
        88,
        89.29411764705883,
        91.23529411764706,
        92,
        92,
        93.17647058823529,
        93.66176470588235,
        93,
        93,
        94.1470588235294,
        94.63235294117646,
        94,
        93,
        93.66176470588235,
        93.17647058823529,
        93,
        93,
        93.66176470588235,
        93.66176470588235,
        93,
        93,
        94.1470588235294,
        94.63235294117646,
        94,
        94,
        94.63235294117646,
        95.11764705882354,
        95,
        95,
        95.11764705882354,
        96.08823529411765,
        96,
        96,
        96.08823529411765,
        96.57352941176471,
        96,
        96,
        97.05882352941177,
        97.05882352941177,
        97,
        97,
        97.54411764705883,
        97.54411764705883,
        97,
        97,
        98.02941176470588,
        97.54411764705883,
        98,
        99.0,
        97.05882352941177,
        97,
        97.05882352941177,
        96.57352941176471,
        96,
        96.57352941176471,
        96.57352941176471
    ]
}