{
    "x": [
        0.0,
        1.485,
        1,
        2,
        3.465,
        4,
        6.435,
        8,
        8,
        9.9,
        13.86,
        14,
        16,
        18.315,
        20,
        22.275,
        24,
        25,
        26.73,
        30.195,
        31,
        32,
        34.65,
        36,
        39.105,
        41,
        42,
        43.56,
        48.51,
        49,
        50,
        52.965,
        55,
        57.42,
        59,
        60,
        62.37,
        66.825,
        67,
        69,
        72.27,
        74,
        76.725,
        77,
        77,
        78.705,
        86.625,
        86,
        87,
        87.615,
        89,
        91.575,
        94,
        95,
        97.02,
        94.545,
        95,
        96,
        97.515,
        96,
        96.03,
        95,
        94,
        94.545,
        88.605,
        88,
        89,
        89.595,
        88,
        86.625,
        84,
        83,
        82.665,
        78.705,
        77,
        76,
        74.745,
        73,
        71.28,
        69,
        68,
        67.32,
        63.855,
        62,
        61,
        59.895,
        58,
        56.43,
        54,
        53,
        52.47,
        49.005,
        48,
        47,
        45.54,
        44,
        42.57,
        40,
        39,
        38.61,
        35.64,
        34,
        34,
        32.67,
        31,
        29.7,
        27,
        26,
        26.235,
        22.77,
        21,
        21,
        19.305,
        18,
        16.83,
        15,
        14,
        14.85,
        13.365,
        12,
        12,
        12.375,
        12,
        11.88,
        12,
        12,
        12.375,
        13.365,
        13,
        14,
        15.84,
        17,
        18.81,
        21,
        22,
        23.265,
        28.215,
        29,
        30,
        32.67,
        34,
        37.125,
        39,
        40,
        41.58,
        46.035,
        47,
        48,
        50.985,
        52,
        54.945,
        57,
        58,
        59.895,
        64.35,
        66,
        68,
        73.26,
        73,
        74.25,
        76,
        77,
        78.705,
        83.655,
        84,
        85,
        88.11,
        90,
        92.07,
        93,
        95.535,
        93.555,
        96,
        99.0,
        99.0
    ],
    "y": [
        3.1595744680851063,
        3.6861702127659575,
        3,
        3,
        3.6861702127659575,
        3,
        2.632978723404255,
        2,
        1,
        1.5797872340425532,
        1.5797872340425532,
        1,
        2,
        2.632978723404255,
        2,
        2.632978723404255,
        2,
        2,
        2.106382978723404,
        1.053191489361702,
        1,
        1,
        1.053191489361702,
        1,
        1.5797872340425532,
        1,
        1,
        1.5797872340425532,
        1.5797872340425532,
        1,
        1,
        1.5797872340425532,
        1,
        1.053191489361702,
        1,
        1,
        1.053191489361702,
        0.526595744680851,
        0,
        0,
        1.053191489361702,
        0,
        0.526595744680851,
        2,
        3,
        4.73936170212766,
        0.0,
        1,
        2,
        4.212765957446808,
        4,
        4.212765957446808,
        2,
        1,
        0.526595744680851,
        3.1595744680851063,
        2,
        2,
        1.053191489361702,
        1,
        2.632978723404255,
        3,
        3,
        4.73936170212766,
        8.425531914893616,
        8,
        8,
        9.47872340425532,
        10,
        12.111702127659575,
        13,
        14,
        15.27127659574468,
        18.95744680851064,
        19,
        20,
        22.643617021276597,
        24,
        26.329787234042552,
        28,
        29,
        30.54255319148936,
        34.22872340425532,
        34,
        35,
        37.388297872340424,
        39,
        41.601063829787236,
        43,
        43,
        44.76063829787234,
        48.4468085106383,
        49,
        50,
        52.13297872340426,
        53,
        55.819148936170215,
        57,
        58,
        59.505319148936174,
        63.71808510638298,
        64,
        65,
        67.40425531914893,
        69,
        71.61702127659575,
        73,
        74,
        75.30319148936171,
        78.98936170212765,
        79,
        80,
        82.67553191489361,
        84,
        86.36170212765957,
        87,
        87,
        88.46808510638297,
        90.57446808510639,
        90,
        91,
        91.62765957446808,
        92,
        93.20744680851064,
        93,
        93,
        93.73404255319149,
        94.26063829787235,
        94,
        94,
        94.26063829787235,
        94,
        94.26063829787235,
        94,
        94,
        94.26063829787235,
        94.7872340425532,
        94,
        95,
        95.31382978723404,
        95,
        95.84042553191489,
        96,
        96,
        96.8936170212766,
        96.8936170212766,
        96,
        97,
        97.42021276595744,
        97,
        97.42021276595744,
        97,
        97,
        97.94680851063829,
        97.42021276595744,
        97,
        98,
        99.0,
        98,
        97.42021276595744,
        97,
        97,
        97.42021276595744,
        97.42021276595744,
        97,
        97,
        97.42021276595744,
        97,
        97.42021276595744,
        97,
        97.94680851063829,
        99.0,
        98,
        97.94680851063829,
        97.94680851063829
    ]
}