{
    "x": [
        1.8,
        0.0,
        0,
        0,
        1.2,
        1,
        2.4,
        3,
        3,
        4.8,
        6.6,
        7,
        8,
        9.6,
        11,
        13.2,
        14,
        15,
        16.2,
        19.2,
        20,
        21,
        23.4,
        24,
        26.4,
        28,
        29,
        30.6,
        37.8,
        37,
        38,
        39.0,
        40,
        42.6,
        44,
        45,
        46.2,
        51.6,
        52,
        53,
        55.8,
        58,
        60.6,
        62,
        63,
        64.8,
        69.6,
        70,
        72,
        74.4,
        76,
        79.2,
        81,
        82,
        84.0,
        87.6,
        88,
        89,
        90.6,
        90,
        91.2,
        91,
        91,
        92.4,
        92.4,
        92,
        92,
        92.4,
        91,
        90.6,
        89,
        88,
        88.8,
        85.2,
        84,
        83,
        82.2,
        79,
        77.4,
        75,
        74,
        74.4,
        70.2,
        69,
        68,
        66.6,
        64,
        63.0,
        60,
        59,
        58.8,
        55.2,
        54,
        54,
        52.8,
        50,
        48.6,
        47,
        46,
        45.6,
        42.0,
        41,
        40,
        38.4,
        36,
        34.8,
        33,
        32,
        31.2,
        27.0,
        26,
        25,
        23.4,
        21,
        19.2,
        16,
        15,
        14.4,
        10.2,
        9,
        8,
        6.6,
        5,
        4.2,
        3,
        2,
        2.4,
        1.8,
        1,
        2,
        2.4,
        2,
        3.0,
        4,
        5,
        6.0,
        9.0,
        10,
        11,
        13.2,
        15,
        18.0,
        20,
        21,
        22.2,
        27.6,
        28,
        30,
        32.4,
        33,
        33.6,
        37,
        39,
        42.0,
        46.8,
        47,
        49,
        52.2,
        54,
        57.6,
        60,
        62.4,
        67.8,
        69,
        72.0,
        76.8,
        78,
        81.0,
        85.2,
        87,
        89.4,
        93.0,
        94,
        96.6,
        99.0
    ],
    "y": [
        0.5025380710659898,
        3.015228426395939,
        3,
        3,
        3.015228426395939,
        3,
        3.015228426395939,
        3,
        3,
        3.517766497461929,
        3.517766497461929,
        3,
        3,
        3.517766497461929,
        3,
        4.020304568527918,
        4,
        4,
        4.020304568527918,
        4.522842639593908,
        4,
        4,
        5.025380710659898,
        5,
        5.025380710659898,
        5,
        5,
        5.025380710659898,
        3.015228426395939,
        3,
        4,
        5.527918781725888,
        5,
        6.030456852791878,
        5,
        5,
        5.527918781725888,
        5.025380710659898,
        4,
        4,
        4.522842639593908,
        4,
        4.020304568527918,
        3,
        3,
        3.517766497461929,
        3.015228426395939,
        2,
        2,
        2.512690355329949,
        2,
        2.010152284263959,
        1,
        1,
        1.0050761421319796,
        0.5025380710659898,
        0,
        0,
        0.0,
        0,
        0.0,
        0,
        0,
        1.0050761421319796,
        1.5076142131979695,
        1,
        2,
        3.015228426395939,
        3,
        4.522842639593908,
        5,
        6,
        7.035532994923858,
        9.548223350253807,
        10,
        11,
        13.065989847715736,
        14,
        16.583756345177665,
        18,
        19,
        20.604060913705585,
        24.121827411167512,
        24,
        25,
        27.639593908629443,
        29,
        32.16243654822335,
        34,
        35,
        36.68527918781726,
        40.70558375634518,
        41,
        42,
        44.7258883248731,
        46,
        48.746192893401016,
        50,
        51,
        52.766497461928935,
        56.28426395939086,
        57,
        58,
        59.80203045685279,
        61,
        63.31979695431472,
        65,
        65,
        66.83756345177665,
        70.35532994923858,
        71,
        72,
        73.8730964467005,
        75,
        77.39086294416244,
        79,
        80,
        81.41116751269035,
        85.43147208121827,
        86,
        87,
        88.94923857868021,
        90,
        91.46192893401015,
        92,
        92,
        93.47208121827411,
        95.48223350253807,
        95,
        96,
        96.98984771573605,
        97,
        97.49238578680203,
        97,
        97,
        97.99492385786802,
        98.49746192893402,
        98,
        98,
        98.49746192893402,
        98,
        98.49746192893402,
        98,
        97,
        97.99492385786802,
        97.99492385786802,
        97,
        98,
        98.49746192893402,
        98,
        99.0,
        98,
        98,
        98.49746192893402,
        98.49746192893402,
        98,
        98,
        97.99492385786802,
        97,
        97.49238578680203,
        97,
        96.98984771573605,
        96.48730964467005,
        96,
        95.98477157360406,
        95.48223350253807,
        95,
        94.97969543147208,
        94.97969543147208,
        94,
        94.97969543147208,
        94.4771573604061,
        94,
        94.4771573604061,
        93.9746192893401
    ]
}