{
    "x": [
        0.0,
        1.125,
        1,
        1,
        2.25,
        3,
        4.5,
        5,
        5,
        6.1875,
        9.0,
        9,
        10,
        11.25,
        12,
        14.625,
        16,
        17,
        18.0,
        21.375,
        22,
        23,
        24.75,
        26,
        28.6875,
        30,
        31,
        33.1875,
        36.5625,
        37,
        38,
        41.0625,
        42,
        44.4375,
        46,
        47,
        48.9375,
        52.875,
        53,
        55,
        57.375,
        60,
        63.0,
        64,
        64,
        65.8125,
        69.75,
        70,
        72,
        74.25,
        75,
        77.625,
        79,
        80,
        82.125,
        84.9375,
        85,
        86,
        87.1875,
        86,
        86.625,
        86,
        86,
        86.0625,
        83.8125,
        82,
        82,
        80.4375,
        78,
        77.0625,
        75,
        74,
        74.25,
        71.4375,
        70,
        69,
        68.0625,
        66,
        64.125,
        62,
        61,
        60.75,
        56.8125,
        55,
        55,
        54.0,
        52,
        50.625,
        48,
        47,
        46.6875,
        42.1875,
        41,
        40,
        38.8125,
        36,
        34.875,
        33,
        32,
        32.0625,
        28.6875,
        27,
        27,
        25.3125,
        24,
        23.0625,
        21,
        20,
        20.25,
        18.5625,
        17,
        17,
        16.3125,
        15,
        14.0625,
        12,
        11,
        11.8125,
        10.6875,
        10,
        10,
        10.125,
        10,
        10.125,
        10,
        10,
        10.6875,
        12.375,
        12,
        13,
        14.625,
        15,
        16.875,
        20,
        21,
        23.625,
        24.75,
        25,
        26,
        28.125,
        30,
        32.625,
        34,
        35,
        37.125,
        42.1875,
        43,
        44,
        46.125,
        48,
        50.625,
        52,
        53,
        55.125,
        59.625,
        60,
        62,
        64.6875,
        66,
        69.1875,
        71,
        74.25,
        78.75,
        80,
        82.6875,
        86.625,
        88,
        90.0,
        93.9375,
        95,
        96.1875,
        97.875,
        98,
        98.4375,
        99.0
    ],
    "y": [
        4.922651933701657,
        4.922651933701657,
        4,
        4,
        4.922651933701657,
        4,
        4.922651933701657,
        4,
        4,
        4.375690607734807,
        4.375690607734807,
        4,
        4,
        4.375690607734807,
        4,
        4.375690607734807,
        4,
        4,
        4.375690607734807,
        4.375690607734807,
        4,
        4,
        4.375690607734807,
        4,
        4.375690607734807,
        4,
        4,
        4.375690607734807,
        4.375690607734807,
        4,
        4,
        4.375690607734807,
        4,
        4.375690607734807,
        4,
        4,
        4.375690607734807,
        4.375690607734807,
        4,
        4,
        4.375690607734807,
        2,
        0.0,
        1,
        2,
        3.281767955801105,
        3.281767955801105,
        3,
        3,
        2.734806629834254,
        3,
        3.281767955801105,
        3,
        3,
        3.281767955801105,
        3.281767955801105,
        3,
        3,
        3.8287292817679557,
        4,
        4.375690607734807,
        5,
        5,
        6.016574585635359,
        8.204419889502763,
        8,
        9,
        10.939226519337016,
        12,
        14.220994475138122,
        15,
        16,
        17.502762430939228,
        21.331491712707184,
        21,
        22,
        24.613259668508288,
        26,
        27.895027624309392,
        30,
        31,
        32.270718232044196,
        36.09944751381215,
        37,
        38,
        39.92817679558011,
        41,
        43.75690607734806,
        45,
        46,
        48.13259668508287,
        52.50828729281768,
        53,
        54,
        56.88397790055249,
        59,
        61.25966850828729,
        62,
        63,
        64.54143646408839,
        68.9171270718232,
        69,
        70,
        72.74585635359117,
        74,
        76.57458563535911,
        78,
        78,
        79.85635359116021,
        83.13812154696133,
        83,
        84,
        86.41988950276243,
        88,
        89.70165745856353,
        90,
        90,
        91.88950276243094,
        95.17127071823204,
        95,
        95,
        96.8121546961326,
        97,
        97.9060773480663,
        98,
        98,
        99.0,
        99.0,
        99,
        99,
        99.0,
        99,
        99.0,
        97,
        96,
        96.8121546961326,
        98.45303867403315,
        98,
        98,
        98.45303867403315,
        98,
        98.45303867403315,
        98,
        98,
        98.45303867403315,
        98.45303867403315,
        98,
        98,
        98.45303867403315,
        98,
        99.0,
        99,
        99,
        99.0,
        99.0,
        98,
        98,
        98.45303867403315,
        98,
        98.45303867403315,
        98,
        98.45303867403315,
        97.9060773480663,
        97,
        97.9060773480663,
        97.9060773480663,
        97,
        97.9060773480663,
        97.35911602209944,
        97,
        97.35911602209944,
        97.35911602209944,
        97,
        97.35911602209944,
        97.35911602209944
    ]
}