{
    "x": [
        0.0,
        3.85,
        3,
        3,
        2.75,
        3,
        4.95,
        7,
        8,
        10.45,
        11.0,
        11,
        12,
        14.3,
        16,
        18.7,
        20,
        21,
        23.1,
        26.95,
        27,
        29,
        31.9,
        33,
        35.75,
        37,
        38,
        39.6,
        42.9,
        43,
        44,
        46.2,
        47,
        49.5,
        50,
        51,
        52.25,
        56.1,
        56,
        57,
        59.4,
        61,
        63.8,
        65,
        66,
        67.65,
        72.05,
        73,
        74,
        77.0,
        78,
        80.3,
        83,
        84,
        86.35,
        91.3,
        91,
        92,
        94.6,
        95,
        97.35,
        96,
        95,
        95.7,
        99.0,
        97,
        96,
        94.6,
        93,
        92.4,
        92,
        92,
        93.5,
        89.65,
        88,
        88,
        86.35,
        84,
        82.5,
        81,
        80,
        79.75,
        75.35,
        74,
        73,
        70.95,
        69,
        67.65,
        65,
        64,
        63.25,
        59.4,
        57,
        56,
        54.45,
        52,
        51.15,
        48,
        47,
        46.75,
        42.9,
        41,
        40,
        39.05,
        37,
        35.75,
        34,
        33,
        32.45,
        28.6,
        27,
        26,
        24.2,
        22,
        20.35,
        18,
        17,
        17.6,
        15.95,
        15,
        15,
        14.3,
        13,
        12.65,
        10,
        8,
        7.7,
        11.55,
        11,
        11,
        12.1,
        13,
        14.3,
        15,
        16,
        17.05,
        20.35,
        21,
        22,
        23.65,
        25,
        27.5,
        29,
        30,
        31.35,
        35.2,
        36,
        37,
        39.6,
        41,
        44.0,
        45,
        47.85,
        52.25,
        54,
        56.1,
        60.5,
        62,
        64.9,
        68.2,
        70,
        72.6,
        76.45,
        78,
        80.3,
        83.6,
        85,
        87.45,
        89.65,
        91,
        92.4,
        94.6,
        95,
        96.25,
        93.5
    ],
    "y": [
        7.333333333333333,
        3.6666666666666665,
        4,
        5,
        7.333333333333333,
        7,
        7.333333333333333,
        5,
        4,
        4.190476190476191,
        7.333333333333333,
        7,
        7,
        7.333333333333333,
        7,
        7.333333333333333,
        7,
        7,
        7.333333333333333,
        13.095238095238095,
        11,
        10,
        7.333333333333333,
        7,
        6.809523809523809,
        6,
        6,
        6.809523809523809,
        6.285714285714286,
        6,
        6,
        6.285714285714286,
        6,
        6.285714285714286,
        6,
        6,
        6.285714285714286,
        5.761904761904762,
        5,
        5,
        5.238095238095238,
        5,
        5.238095238095238,
        4,
        4,
        4.714285714285714,
        9.952380952380953,
        8,
        7,
        4.190476190476191,
        2,
        0.0,
        1,
        2,
        3.6666666666666665,
        3.6666666666666665,
        3,
        3,
        3.6666666666666665,
        3,
        3.6666666666666665,
        4,
        4,
        4.714285714285714,
        4.714285714285714,
        4,
        5,
        5.761904761904762,
        6,
        7.857142857142857,
        9,
        9,
        10.476190476190476,
        13.619047619047619,
        14,
        15,
        17.285714285714285,
        19,
        21.476190476190474,
        23,
        24,
        26.19047619047619,
        30.38095238095238,
        31,
        32,
        34.04761904761905,
        36,
        38.76190476190476,
        40,
        41,
        42.95238095238095,
        47.666666666666664,
        48,
        49,
        51.857142857142854,
        53,
        55.523809523809526,
        57,
        58,
        59.19047619047619,
        62.857142857142854,
        63,
        64,
        66.0,
        67,
        69.66666666666667,
        71,
        72,
        73.85714285714286,
        77.52380952380952,
        78,
        79,
        81.19047619047619,
        82,
        84.33333333333333,
        85,
        85,
        86.95238095238095,
        89.57142857142857,
        89,
        90,
        92.19047619047619,
        93,
        94.28571428571429,
        95,
        95,
        96.9047619047619,
        97.95238095238095,
        97,
        98,
        98.47619047619048,
        98,
        99.0,
        98,
        98,
        98.47619047619048,
        97.95238095238095,
        97,
        97,
        97.42857142857143,
        97,
        97.42857142857143,
        97,
        96,
        96.9047619047619,
        95.85714285714286,
        95,
        95,
        95.33333333333333,
        95,
        95.33333333333333,
        95,
        95.33333333333333,
        95.33333333333333,
        95,
        95.33333333333333,
        95.33333333333333,
        95,
        95.33333333333333,
        94.80952380952381,
        94,
        94.80952380952381,
        94.80952380952381,
        94,
        94.28571428571429,
        93.76190476190476,
        93,
        93.76190476190476,
        93.23809523809524,
        93,
        93.23809523809524,
        92.71428571428571,
        92,
        93.23809523809524,
        93.23809523809524
    ]
}