{
    "x": [
        99.0,
        98.4,
        98,
        98,
        98.4,
        98,
        97.8,
        97,
        96,
        96,
        96.6,
        94.8,
        94,
        94,
        93.6,
        92,
        91.2,
        90,
        89,
        88,
        88.8,
        86.4,
        85,
        84,
        83.4,
        81,
        80.4,
        78,
        77,
        77,
        77.4,
        74.4,
        73,
        73,
        72.0,
        70,
        69.0,
        67,
        66,
        65,
        65.4,
        61.8,
        60,
        60,
        58.2,
        56,
        54.6,
        52,
        51,
        50,
        50.4,
        46.2,
        45,
        44,
        42.6,
        40,
        39.0,
        37,
        36,
        35,
        35.4,
        31.8,
        30,
        30,
        28.8,
        27,
        25.2,
        23,
        22,
        21,
        21.0,
        18.0,
        17,
        16,
        15.0,
        13,
        12.0,
        11,
        10,
        10,
        10.2,
        7.2,
        6,
        6,
        5.4,
        4,
        3.0,
        2,
        2,
        2,
        2.4,
        1.8,
        1,
        1,
        1.2,
        1,
        1.2,
        0,
        0,
        0,
        0.0,
        0.6,
        0,
        0,
        1.2,
        1,
        2.4,
        3,
        3,
        3,
        4.8,
        6.6,
        6,
        7,
        9.0,
        10,
        12.0,
        13,
        14,
        14,
        15.0,
        18.0,
        19,
        20,
        22.2,
        24,
        25.8,
        27,
        28,
        28,
        29.4,
        33.6,
        34,
        35,
        37.8,
        39,
        42.0,
        44,
        45,
        45,
        46.8,
        50.4,
        51,
        52,
        55.2,
        57,
        58.8,
        60,
        61,
        62,
        63.0,
        67.2,
        68,
        69,
        70.8,
        72,
        75.0,
        76,
        77,
        77,
        78.0,
        81.0,
        81,
        82,
        83.4,
        84,
        85.8,
        86,
        86,
        86,
        87.0,
        87.6,
        87,
        87,
        88.2
    ],
    "y": [
        15.085714285714285,
        15.085714285714285,
        15,
        15,
        15.085714285714285,
        14,
        14.142857142857142,
        13,
        13,
        13,
        13.2,
        12.257142857142858,
        11,
        11,
        11.314285714285715,
        10,
        9.9,
        9,
        8,
        8,
        8.485714285714286,
        7.071428571428571,
        6,
        6,
        6.128571428571429,
        5,
        5.185714285714286,
        4,
        4,
        4,
        4.242857142857143,
        3.3,
        2,
        2,
        2.357142857142857,
        1,
        1.4142857142857144,
        1,
        0,
        0,
        0.9428571428571428,
        0.4714285714285714,
        0,
        0,
        0.0,
        0,
        0.0,
        0,
        0,
        0,
        0.0,
        0.0,
        0,
        0,
        0.4714285714285714,
        0,
        1.4142857142857144,
        1,
        1,
        1,
        2.357142857142857,
        3.7714285714285714,
        3,
        4,
        5.185714285714286,
        5,
        6.6,
        8,
        8,
        8,
        9.428571428571429,
        11.785714285714286,
        12,
        13,
        14.614285714285714,
        16,
        17.442857142857143,
        18,
        19,
        19,
        20.271428571428572,
        24.042857142857144,
        24,
        25,
        27.34285714285714,
        29,
        31.585714285714285,
        33,
        34,
        34,
        35.82857142857143,
        40.542857142857144,
        41,
        43,
        45.72857142857143,
        47,
        49.5,
        52,
        53,
        54,
        55.15714285714286,
        59.871428571428574,
        60,
        62,
        64.58571428571429,
        66,
        68.82857142857142,
        70,
        71,
        72,
        73.07142857142857,
        76.84285714285714,
        77,
        78,
        80.14285714285714,
        82,
        83.91428571428571,
        85,
        85,
        85,
        86.74285714285715,
        89.57142857142857,
        89,
        90,
        91.45714285714286,
        92,
        93.34285714285714,
        94,
        94,
        94,
        95.22857142857143,
        96.64285714285714,
        96,
        97,
        97.58571428571429,
        97,
        98.05714285714286,
        98,
        98,
        98,
        98.52857142857142,
        99.0,
        98,
        98,
        98.52857142857142,
        98,
        98.05714285714286,
        98,
        98,
        98,
        98.05714285714286,
        97.58571428571429,
        97,
        97,
        96.64285714285714,
        96,
        95.7,
        94,
        94,
        94,
        94.28571428571429,
        92.4,
        91,
        91,
        90.98571428571428,
        90,
        89.57142857142857,
        89,
        89,
        89,
        89.1,
        88.62857142857143,
        88,
        88,
        88.15714285714286
    ]
}