{
    "x": [
        98.4,
        99.0,
        98,
        98,
        98.4,
        97,
        97.2,
        96,
        96,
        96.6,
        94.8,
        94,
        94,
        93.6,
        92,
        91.2,
        90,
        89,
        88.8,
        85.8,
        84,
        84,
        84,
        82.8,
        81,
        79.2,
        77,
        76,
        76.2,
        72.6,
        71,
        70,
        69.0,
        67,
        65.4,
        63,
        62,
        61.2,
        58.2,
        57,
        56,
        55,
        54.0,
        52,
        50.4,
        48,
        47,
        46.8,
        43.2,
        42,
        41,
        39.6,
        37,
        36.0,
        34,
        33,
        33.0,
        29.4,
        28,
        27,
        26.4,
        24,
        23,
        23.4,
        21,
        20,
        20.4,
        18.0,
        17,
        16,
        15.6,
        14,
        13.2,
        11,
        10,
        9.6,
        7.8,
        6,
        6,
        6.0,
        5,
        4.8,
        4,
        4,
        4,
        4.2,
        0.0,
        0,
        1,
        3.6,
        3,
        4.2,
        4,
        4,
        5.4,
        6.6,
        6,
        7,
        8.4,
        9,
        10.2,
        11,
        12,
        13.2,
        15,
        18.6,
        18,
        18,
        18.6,
        20,
        21.6,
        23,
        24,
        25.2,
        28.8,
        29,
        30,
        31.8,
        33,
        34.8,
        36,
        37,
        39.0,
        41.4,
        42,
        42,
        43,
        45.0,
        46,
        48.6,
        50,
        51,
        52.2,
        56.4,
        57,
        58,
        60.6,
        62,
        64.8,
        66,
        67,
        68.4,
        72.0,
        73,
        74,
        76.8,
        77,
        78,
        81.0,
        82,
        83,
        84.6,
        88.2,
        88,
        89,
        90.6,
        91,
        93.0,
        93,
        93,
        94.8,
        96.0,
        96,
        96,
        97.2,
        97,
        97.8,
        97,
        98,
        98,
        98.4,
        98.4,
        98,
        98,
        98.4
    ],
    "y": [
        10.371428571428572,
        10.371428571428572,
        10,
        10,
        9.9,
        9,
        9.428571428571429,
        9,
        8,
        8.957142857142857,
        8.014285714285714,
        7,
        7,
        7.071428571428571,
        6,
        6.128571428571429,
        5,
        4,
        4.242857142857143,
        3.7714285714285714,
        3,
        3,
        3,
        2.8285714285714287,
        2,
        1.8857142857142857,
        1,
        1,
        1.4142857142857144,
        0.9428571428571428,
        0,
        0,
        0.0,
        0,
        0.0,
        0,
        0,
        0.0,
        0.0,
        0,
        0,
        0,
        0.0,
        0,
        0.4714285714285714,
        0,
        0,
        0.9428571428571428,
        1.4142857142857144,
        1,
        1,
        2.357142857142857,
        2,
        3.3,
        3,
        3,
        4.242857142857143,
        6.128571428571429,
        6,
        7,
        8.014285714285714,
        9,
        9,
        10.371428571428572,
        11,
        11,
        12.728571428571428,
        16.02857142857143,
        16,
        17,
        19.32857142857143,
        21,
        23.1,
        24,
        25,
        26.87142857142857,
        31.114285714285714,
        32,
        33,
        35.357142857142854,
        37,
        40.07142857142857,
        42,
        42,
        43,
        44.785714285714285,
        48.08571428571429,
        49,
        50,
        52.8,
        54,
        56.57142857142857,
        58,
        59,
        60.81428571428572,
        65.05714285714286,
        65,
        66,
        68.82857142857142,
        70,
        72.6,
        74,
        75,
        76.37142857142857,
        78,
        81.08571428571429,
        81,
        82,
        82.97142857142858,
        84,
        85.32857142857142,
        86,
        87,
        88.15714285714286,
        90.04285714285714,
        90,
        90,
        91.45714285714286,
        92,
        92.87142857142857,
        93,
        93,
        94.28571428571429,
        96.17142857142858,
        96,
        96,
        96,
        97.11428571428571,
        97,
        98.05714285714286,
        98,
        98,
        98.52857142857142,
        98.52857142857142,
        98,
        98,
        99.0,
        99,
        99.0,
        98,
        98,
        98.52857142857142,
        98.52857142857142,
        98,
        98,
        97.58571428571429,
        96,
        96,
        96.17142857142858,
        95,
        94,
        94.75714285714285,
        93.34285714285714,
        92,
        92,
        91.92857142857143,
        91,
        90.51428571428572,
        89,
        89,
        89.1,
        88.15714285714286,
        87,
        87,
        87.21428571428571,
        87,
        87.21428571428571,
        87,
        87,
        87,
        87.21428571428571,
        86.74285714285715,
        86,
        86,
        86.74285714285715
    ]
}