{
    "x": [
        99.0,
        95.625,
        94,
        94,
        94,
        93,
        92.8125,
        91,
        90,
        89.4375,
        87,
        86,
        86,
        85.5,
        83,
        81.5625,
        80,
        79,
        79,
        77.0625,
        75,
        74,
        72.0,
        70,
        69,
        68,
        67,
        67.5,
        60.1875,
        59,
        59,
        58,
        57,
        56.25,
        53,
        51,
        50.625,
        47,
        46,
        46,
        45.0,
        42,
        39.9375,
        38,
        37,
        37,
        34.3125,
        33,
        32,
        29.8125,
        28,
        27,
        25,
        24,
        24.1875,
        20.8125,
        19,
        19,
        19,
        18,
        17,
        16.3125,
        14,
        13,
        12.9375,
        11,
        10,
        10,
        10.125,
        8,
        6.75,
        6,
        6,
        6,
        5.625,
        4,
        4,
        3.9375,
        3,
        3,
        2,
        2,
        2.8125,
        1.125,
        0,
        0,
        0,
        0,
        0.0,
        0,
        0,
        0.0,
        0,
        0,
        0,
        0.5625,
        0,
        1.125,
        1,
        1,
        1,
        2.25,
        2,
        3,
        3.9375,
        3,
        4,
        4,
        4,
        5.0625,
        7.875,
        7,
        8,
        9,
        10,
        10,
        11.25,
        12,
        13,
        14.625,
        16,
        16,
        17,
        18.0,
        19,
        21.375,
        22,
        22,
        23,
        25.3125,
        26,
        27,
        30.375,
        31,
        32,
        33,
        34,
        35.4375,
        40.5,
        40,
        41,
        43,
        44,
        46.125,
        48,
        49,
        50.625,
        52,
        52,
        53,
        55.125,
        57,
        59.625,
        60,
        60,
        61,
        64.125,
        65,
        66,
        68.625,
        69,
        70,
        71,
        72,
        73.125,
        77.625,
        77,
        78,
        79,
        80,
        82.125,
        83,
        83,
        83,
        84.9375
    ],
    "y": [
        17.02262443438914,
        14.334841628959277,
        13,
        13,
        13,
        12,
        12.542986425339366,
        11,
        10,
        10.30316742081448,
        9,
        8,
        8,
        8.51131221719457,
        7,
        7.167420814479638,
        6,
        6,
        6,
        5.375565610859729,
        4,
        4,
        4.031674208144796,
        3,
        3,
        2,
        2,
        2.6877828054298645,
        5.823529411764706,
        4,
        4,
        3,
        1,
        0.4479638009049774,
        0,
        0,
        0.4479638009049774,
        0,
        0,
        0,
        0.0,
        0,
        0.8959276018099548,
        0,
        0,
        1,
        1.3438914027149322,
        1,
        2,
        3.1357466063348416,
        4,
        6,
        7,
        7,
        8.959276018099548,
        6.719457013574661,
        6,
        6,
        6,
        7,
        7,
        8.959276018099548,
        10,
        10,
        11.647058823529411,
        13,
        13,
        14,
        15.23076923076923,
        17,
        18.81447963800905,
        19,
        19,
        20,
        22.398190045248867,
        23,
        24,
        26.429864253393664,
        27,
        28,
        29,
        29,
        30.90950226244344,
        35.83710407239819,
        35,
        36,
        38,
        39,
        40.76470588235294,
        43,
        44,
        46.14027149321267,
        48,
        48,
        49,
        51.515837104072396,
        54,
        56.89140271493213,
        57,
        58,
        59,
        62.26696832579186,
        63,
        64,
        67.1945701357466,
        68,
        69,
        70,
        70,
        71.67420814479638,
        75.70588235294117,
        75,
        76,
        77,
        78,
        78,
        79.289592760181,
        81,
        81,
        82.87330316742081,
        84,
        84,
        85,
        86.00904977375566,
        87,
        88.69683257918552,
        89,
        89,
        90,
        91.38461538461539,
        91,
        92,
        93.62443438914028,
        93,
        94,
        94,
        94,
        95.41628959276018,
        96.76018099547511,
        96,
        96,
        97,
        97,
        98.10407239819004,
        98,
        98,
        98.55203619909503,
        98,
        98,
        98,
        98.55203619909503,
        98,
        99.0,
        99,
        99,
        99,
        99.0,
        99,
        99,
        99.0,
        99,
        99,
        99,
        99,
        99.0,
        99.0,
        98,
        98,
        98,
        98,
        98.55203619909503,
        98,
        98,
        98,
        98.55203619909503
    ]
}