{
    "x": [
        99.0,
        95.7,
        94,
        94,
        93,
        92,
        91.08,
        89,
        88,
        87,
        87.12,
        84,
        83,
        83,
        82.5,
        79,
        77.22,
        75,
        74,
        74,
        74,
        71.28,
        69,
        68,
        66.66,
        64,
        62,
        60,
        59,
        58,
        58.08,
        53.46,
        52,
        51,
        50,
        48,
        47.52,
        44,
        42,
        41,
        40.92,
        38,
        37,
        36,
        35.64,
        32,
        29.7,
        28,
        27,
        27,
        27,
        25.08,
        23,
        22,
        19.8,
        18,
        18,
        17,
        16,
        16,
        16.5,
        12.54,
        11,
        11,
        10,
        9,
        9.24,
        7,
        6,
        6,
        6.6,
        5,
        5,
        5,
        5.28,
        4,
        3.3,
        2,
        2,
        2,
        2,
        1.32,
        0,
        0,
        0.66,
        0,
        0,
        0,
        0,
        0,
        0.0,
        0.66,
        0,
        0,
        0,
        0,
        1.32,
        2,
        2,
        2,
        3.96,
        5,
        5,
        5,
        6.6,
        7,
        9.24,
        9,
        9,
        9,
        10,
        12.54,
        13,
        14,
        17.16,
        18,
        19,
        20,
        20,
        20,
        21.78,
        27.06,
        27,
        28,
        29,
        30,
        32.34,
        34,
        35,
        36,
        37.62,
        40,
        40,
        41,
        42.9,
        45,
        48.18,
        49,
        50,
        50,
        51,
        54.78,
        55,
        57,
        60.06,
        61,
        62,
        63,
        64,
        64,
        65.34,
        70.62,
        70,
        71,
        72,
        73,
        74.58,
        77,
        78,
        78,
        79.86,
        81,
        81,
        82,
        83.82,
        85,
        87.78,
        88,
        88,
        88,
        89,
        91.74,
        92,
        93,
        95.7
    ],
    "y": [
        8.650485436893204,
        7.20873786407767,
        6,
        6,
        6,
        5,
        5.766990291262136,
        5,
        4,
        4,
        4.325242718446602,
        3,
        2,
        2,
        2.883495145631068,
        2,
        1.441747572815534,
        0,
        0,
        0,
        0,
        0.48058252427184467,
        0,
        0,
        0.0,
        1,
        2,
        3,
        3,
        3,
        4.325242718446602,
        0.0,
        0,
        0,
        0,
        0,
        0.0,
        0,
        0,
        0,
        1.441747572815534,
        1,
        1,
        1,
        1.9223300970873787,
        3,
        4.325242718446602,
        4,
        4,
        4,
        5,
        6.728155339805825,
        7,
        9,
        12.975728155339805,
        12,
        12,
        12,
        12,
        12,
        12.014563106796116,
        16.339805825242717,
        16,
        17,
        18,
        19,
        20.184466019417474,
        22,
        23,
        23,
        24.509708737864077,
        26,
        26,
        27,
        28.83495145631068,
        30,
        33.16019417475728,
        34,
        34,
        34,
        35,
        37.48543689320388,
        38,
        40,
        42.771844660194176,
        43,
        45,
        46,
        47,
        47,
        48.05825242718446,
        52.86407766990291,
        52,
        53,
        55,
        56,
        57.66990291262136,
        60,
        61,
        61,
        62.47572815533981,
        64,
        64,
        65,
        67.28155339805825,
        69,
        71.60679611650485,
        72,
        73,
        73,
        74,
        76.4126213592233,
        77,
        78,
        80.25728155339806,
        81,
        82,
        83,
        83,
        83,
        84.10194174757281,
        87.94660194174757,
        87,
        88,
        89,
        89,
        90.83009708737865,
        92,
        92,
        92,
        93.7135922330097,
        94,
        94,
        95,
        96.11650485436893,
        97,
        98.03883495145631,
        98,
        98,
        98,
        98,
        99.0,
        99,
        99,
        99.0,
        98,
        98,
        98,
        98,
        98,
        98.51941747572816,
        98.03883495145631,
        98,
        98,
        98,
        98,
        98.03883495145631,
        97,
        97,
        97,
        97.55825242718447,
        97,
        97,
        97,
        97.07766990291262,
        96,
        96.59708737864078,
        96,
        96,
        96,
        96,
        96.11650485436893,
        95,
        95,
        94.6747572815534
    ]
}