{
    "x": [
        97.8,
        94.8,
        93,
        93,
        92,
        91,
        90.6,
        87,
        85,
        84.0,
        83,
        82,
        82,
        82.2,
        80,
        79,
        76.8,
        75,
        74,
        74,
        72.0,
        70,
        69,
        67.2,
        65,
        64,
        62,
        61,
        61.8,
        59,
        57.0,
        56,
        55,
        54,
        52,
        51.0,
        48,
        46,
        45.0,
        42,
        41,
        40,
        39.6,
        36,
        35,
        34.2,
        32,
        31,
        31,
        28.8,
        27,
        26,
        24.6,
        23,
        22,
        21,
        20,
        20.4,
        16.2,
        15,
        15,
        15,
        14,
        13,
        12.6,
        11,
        10,
        10.2,
        9,
        8,
        8,
        7.8,
        6,
        5.4,
        4,
        4,
        4,
        4,
        3.0,
        2,
        2,
        1.2,
        0,
        0,
        0,
        0,
        0.0,
        0.0,
        0,
        0,
        0,
        0,
        0,
        0.6,
        0,
        0,
        1.2,
        2,
        2,
        2,
        3.6,
        4,
        6.0,
        6,
        6,
        6,
        7,
        9.6,
        10,
        11,
        13.2,
        14,
        15,
        16,
        16,
        17.4,
        21.6,
        21,
        22,
        23,
        24,
        25,
        26.4,
        29,
        30,
        31.8,
        34,
        34,
        35,
        37.2,
        39,
        42.6,
        43,
        44,
        44,
        45,
        48.6,
        49,
        51,
        54.6,
        55,
        57,
        58,
        59,
        60.6,
        66.0,
        66,
        67,
        68,
        68,
        69,
        70.8,
        71,
        71,
        72.0,
        75,
        76,
        77,
        79.8,
        82,
        84.6,
        85,
        85,
        86,
        87,
        88.8,
        89,
        90,
        93.0,
        93,
        94,
        95,
        95,
        96.0,
        99.0
    ],
    "y": [
        11.14864864864865,
        8.472972972972974,
        7,
        7,
        7,
        6,
        6.6891891891891895,
        7,
        7,
        8.91891891891892,
        6,
        5,
        4,
        3.5675675675675675,
        2,
        2,
        1.7837837837837838,
        1,
        1,
        1,
        0.8918918918918919,
        0,
        0,
        0.8918918918918919,
        0,
        0,
        0,
        0,
        0.8918918918918919,
        0,
        0.0,
        0,
        0,
        0,
        0,
        0.44594594594594594,
        0,
        0,
        1.337837837837838,
        2,
        2,
        2,
        3.5675675675675675,
        4,
        4,
        4.45945945945946,
        4,
        4,
        5,
        6.243243243243243,
        6,
        7,
        8.472972972972974,
        9,
        10,
        11,
        11,
        12.04054054054054,
        15.162162162162161,
        15,
        15,
        15,
        16,
        17,
        18.283783783783782,
        20,
        20,
        21.85135135135135,
        23,
        23,
        24,
        25.864864864864863,
        28,
        31.216216216216218,
        31,
        32,
        32,
        33,
        36.567567567567565,
        37,
        39,
        41.472972972972975,
        42,
        44,
        45,
        45,
        46.82432432432432,
        51.729729729729726,
        51,
        51,
        52,
        54,
        55,
        57.08108108108108,
        59,
        60,
        61.986486486486484,
        64,
        64,
        65,
        66.89189189189189,
        69,
        71.79729729729729,
        72,
        72,
        72,
        73,
        75.8108108108108,
        76,
        77,
        79.82432432432432,
        80,
        81,
        82,
        82,
        83.39189189189189,
        86.51351351351352,
        86,
        86,
        86,
        87,
        87,
        88.74324324324324,
        90,
        90,
        91.41891891891892,
        92,
        92,
        92,
        93.20270270270271,
        94,
        94.98648648648648,
        94,
        94,
        94,
        95,
        96.32432432432432,
        96,
        96,
        97.21621621621621,
        97,
        97,
        97,
        97,
        97.66216216216216,
        97.66216216216216,
        97,
        97,
        97,
        97,
        97,
        97.21621621621621,
        98,
        98,
        99.0,
        97,
        96,
        96,
        96.32432432432432,
        95,
        95.43243243243244,
        95,
        95,
        95,
        94,
        94.98648648648648,
        94,
        94,
        93.64864864864865,
        93,
        93,
        93,
        93,
        93.20270270270271,
        92.3108108108108
    ]
}