{
    "x": [
        0.0,
        0,
        1.65,
        2,
        3.3,
        4,
        6.05,
        7,
        8.25,
        10.45,
        11,
        12,
        14.85,
        18.7,
        20,
        21,
        22.55,
        26.95,
        28,
        30.8,
        33,
        36.3,
        38,
        40.15,
        44.55,
        45,
        46,
        48.95,
        54.45,
        56,
        57,
        58.3,
        67.1,
        67,
        68.2,
        70,
        73.15,
        76,
        79.75,
        84.7,
        85,
        87,
        89.65,
        93.5,
        94,
        94,
        95.7,
        96.25,
        95,
        95.15,
        94,
        92.95,
        91,
        90.2,
        86.35,
        84,
        83,
        81.4,
        78.1,
        75,
        74,
        73.7,
        70.4,
        68,
        66.55,
        64,
        62.7,
        61,
        59.95,
        56.65,
        55,
        55,
        53.35,
        52.25,
        51,
        51,
        51.15,
        51.15,
        50,
        50.05,
        49,
        48.4,
        47,
        47.3,
        46.2,
        46,
        46,
        46.75,
        46.75,
        46,
        46,
        46.75,
        47.85,
        48,
        48.95,
        48,
        48.95,
        47,
        45.65,
        51.15,
        51,
        51,
        51.15,
        51.7,
        51,
        51,
        51.7,
        51.7,
        51,
        51.15,
        50,
        48.95,
        47,
        46.75,
        43.45,
        41,
        40,
        38.5,
        34.1,
        30,
        28,
        27.5,
        21.45,
        18,
        15.95,
        13,
        11.55,
        9,
        7.7,
        6.6,
        6,
        6,
        6.05,
        8.25,
        9,
        10,
        11.55,
        15.4,
        17,
        19.25,
        21,
        24.2,
        26,
        28.6,
        33.55,
        34,
        35,
        37.95,
        42.9,
        45,
        46,
        48.95,
        55.0,
        57,
        59.95,
        62,
        65.45,
        68,
        70.95,
        76.45,
        77,
        79,
        81.95,
        87.45,
        89,
        90,
        92.4,
        95.15,
        96,
        97.35,
        97,
        98.45,
        98,
        99.0,
        98.45
    ],
    "y": [
        3.8446601941747574,
        4,
        4.325242718446602,
        4,
        4.805825242718447,
        4,
        3.8446601941747574,
        3,
        3.3640776699029127,
        2.4029126213592233,
        2,
        2,
        3.3640776699029127,
        4.325242718446602,
        4,
        3,
        3.8446601941747574,
        2.883495145631068,
        2,
        2.883495145631068,
        2,
        2.4029126213592233,
        2,
        2.883495145631068,
        2.4029126213592233,
        2,
        2,
        2.883495145631068,
        2.4029126213592233,
        2,
        1,
        1.9223300970873787,
        2.4029126213592233,
        2,
        1.9223300970873787,
        1,
        1.9223300970873787,
        1,
        0.48058252427184467,
        0.0,
        0,
        0,
        0.48058252427184467,
        0.0,
        0,
        0,
        0.0,
        0.48058252427184467,
        0,
        0.48058252427184467,
        0,
        0.48058252427184467,
        0,
        1.441747572815534,
        2.4029126213592233,
        1,
        1,
        1.441747572815534,
        1.441747572815534,
        1,
        1,
        1.441747572815534,
        1.441747572815534,
        1,
        1.9223300970873787,
        1,
        0.9611650485436893,
        0,
        0.48058252427184467,
        1.441747572815534,
        1,
        1,
        1.9223300970873787,
        2.883495145631068,
        3,
        3,
        4.325242718446602,
        5.766990291262136,
        6,
        8.169902912621358,
        9,
        11.533980582524272,
        13,
        15.37864077669903,
        18.74271844660194,
        19,
        20,
        22.5873786407767,
        27.393203883495147,
        30,
        31,
        32.679611650485434,
        38.92718446601942,
        41,
        44.69417475728155,
        47,
        49.980582524271846,
        54,
        59.11165048543689,
        61.99514563106796,
        62,
        64,
        67.7621359223301,
        73.04854368932038,
        75,
        76,
        77.85436893203884,
        82.17961165048544,
        84,
        86.50485436893204,
        87,
        89.3883495145631,
        90,
        91.31067961165049,
        92.75242718446601,
        92,
        92,
        93.23300970873787,
        94.19417475728156,
        94,
        94,
        94.19417475728156,
        95.15533980582525,
        95,
        96.11650485436893,
        96,
        96.11650485436893,
        96,
        96.11650485436893,
        96.59708737864078,
        96,
        96,
        96.59708737864078,
        96.59708737864078,
        96,
        96,
        97.07766990291262,
        97.07766990291262,
        97,
        97.07766990291262,
        97,
        97.07766990291262,
        97,
        97.55825242718447,
        97.55825242718447,
        97,
        97,
        98.03883495145631,
        98.03883495145631,
        98,
        98,
        98.03883495145631,
        97.55825242718447,
        97,
        97.07766990291262,
        96,
        96.59708737864078,
        96,
        97.07766990291262,
        97.55825242718447,
        97,
        97,
        97.55825242718447,
        98.03883495145631,
        98,
        98,
        98.03883495145631,
        97.55825242718447,
        97,
        98.03883495145631,
        98,
        99.0,
        98,
        98.51941747572816,
        98.51941747572816
    ]
}