{
    "x": [
        0.0,
        1.98,
        3,
        4,
        5.445,
        8.415,
        8,
        8,
        8.415,
        14.355,
        14,
        14,
        14.355,
        21.285,
        22,
        23,
        24.255,
        27.225,
        28,
        29,
        30.69,
        33.66,
        35,
        36,
        38.115,
        42.075,
        44,
        45,
        46.53,
        50.985,
        53,
        54,
        55.44,
        60.39,
        62,
        63,
        65.34,
        70.785,
        73,
        74,
        75.735,
        80.19,
        82,
        83,
        84.15,
        87.12,
        88,
        88,
        89.595,
        91.575,
        91,
        91,
        92.07,
        90.585,
        89,
        88,
        87.615,
        83.16,
        81,
        80,
        79.2,
        78.21,
        74,
        71,
        69.795,
        65.835,
        63,
        62,
        61.875,
        58.905,
        57,
        56,
        55.44,
        54.45,
        53,
        52,
        52.47,
        50.985,
        50,
        49,
        49.5,
        49.005,
        47,
        46,
        45.045,
        48.015,
        47,
        47,
        47.52,
        48.015,
        48,
        48,
        49.005,
        49.995,
        50,
        50,
        50.985,
        51.48,
        51,
        51,
        52.47,
        52.965,
        53,
        53,
        53.46,
        53.955,
        53,
        53,
        53.46,
        49.005,
        49,
        49,
        50.985,
        49.005,
        47,
        46,
        46.035,
        42.075,
        39,
        38,
        37.62,
        33.66,
        31,
        30,
        29.7,
        25.245,
        23,
        22,
        21.285,
        17.325,
        16,
        15,
        14.85,
        13.365,
        13,
        13,
        13.365,
        15.345,
        16,
        17,
        18.315,
        21.78,
        23,
        24,
        25.74,
        29.7,
        31,
        32,
        33.165,
        37.125,
        38,
        39,
        40.59,
        45.045,
        47,
        48,
        49.5,
        54.45,
        56,
        58.905,
        64.845,
        67,
        70.29,
        76.23,
        78,
        81.675,
        88.11,
        90,
        93.555,
        97.02,
        98,
        99.0,
        99.0,
        98,
        98.505
    ],
    "y": [
        8.954773869346734,
        9.452261306532664,
        9,
        8,
        8.954773869346734,
        7.959798994974874,
        8,
        8,
        9.452261306532664,
        6.467336683417085,
        7,
        7,
        7.959798994974874,
        6.467336683417085,
        6,
        6,
        6.467336683417085,
        5.969849246231155,
        5,
        5,
        5.472361809045226,
        6.467336683417085,
        6,
        6,
        6.467336683417085,
        5.969849246231155,
        5,
        5,
        5.472361809045226,
        4.477386934673367,
        4,
        4,
        4.477386934673367,
        3.4824120603015074,
        2,
        2,
        2.487437185929648,
        2.487437185929648,
        1,
        1,
        1.4924623115577889,
        0.9949748743718593,
        0,
        0,
        0.9949748743718593,
        0.0,
        0,
        0,
        0.0,
        0.49748743718592964,
        0,
        0,
        0.49748743718592964,
        0.49748743718592964,
        0,
        0,
        0.9949748743718593,
        0.9949748743718593,
        1,
        1,
        1.9899497487437185,
        1.4924623115577889,
        2,
        2,
        3.4824120603015074,
        3.4824120603015074,
        3,
        3,
        4.477386934673367,
        4.974874371859296,
        5,
        5,
        5.969849246231155,
        6.964824120603015,
        7,
        7,
        7.959798994974874,
        9.452261306532664,
        10,
        10,
        11.93969849246231,
        14.924623115577889,
        17,
        18,
        19.899497487437184,
        21.889447236180903,
        24,
        25,
        27.36180904522613,
        31.839195979899497,
        34,
        35,
        37.311557788944725,
        42.28643216080402,
        45,
        46,
        47.75879396984924,
        54.72361809045226,
        58,
        59,
        61.688442211055275,
        68.15577889447236,
        71,
        72,
        74.62311557788945,
        79.59798994974874,
        82,
        83,
        84.57286432160804,
        91.04020100502512,
        91,
        91,
        91.04020100502512,
        93.52763819095478,
        94,
        94,
        95.51758793969849,
        96.51256281407035,
        96,
        96,
        96.01507537688443,
        96.51256281407035,
        96,
        96,
        97.01005025125629,
        97.50753768844221,
        97,
        97,
        98.00502512562814,
        98.00502512562814,
        98,
        98,
        98.50251256281408,
        98.00502512562814,
        98,
        98,
        98.50251256281408,
        98.50251256281408,
        98,
        98,
        99.0,
        98.50251256281408,
        98,
        98,
        98.00502512562814,
        98.00502512562814,
        97,
        97,
        97.50753768844221,
        98.00502512562814,
        97,
        97,
        97.50753768844221,
        97.50753768844221,
        97,
        97,
        98.00502512562814,
        98.50251256281408,
        98,
        98.00502512562814,
        97.50753768844221,
        97,
        97.50753768844221,
        98.00502512562814,
        97,
        97.50753768844221,
        97.50753768844221,
        97,
        97.50753768844221,
        97.50753768844221,
        97,
        97.01005025125629,
        96.51256281407035,
        96,
        96.51256281407035
    ]
}