{
    "x": [
        0.0,
        0.6,
        0,
        1,
        1.8,
        3,
        4.2,
        5,
        6,
        7.2,
        10.8,
        11,
        12,
        15.0,
        17,
        20.4,
        22,
        23,
        25.2,
        30.0,
        31,
        32,
        35.4,
        37,
        40.2,
        42,
        43,
        45.0,
        49.8,
        50,
        52,
        55.2,
        57,
        60.6,
        63,
        64,
        66.0,
        70.8,
        71,
        73,
        76.8,
        79,
        81.6,
        84,
        85,
        87.6,
        91.8,
        92,
        93,
        95.4,
        96,
        97.8,
        98,
        98,
        99.0,
        97.2,
        96,
        95,
        93.6,
        91,
        88.8,
        86,
        85,
        84.0,
        79.2,
        77,
        76,
        73.2,
        70,
        68.4,
        65,
        64,
        63.0,
        58.2,
        57,
        56,
        54.6,
        53,
        52.2,
        51,
        50,
        49.8,
        49.2,
        48,
        48,
        48.6,
        48,
        49.2,
        48,
        48,
        48.6,
        49.2,
        49,
        49,
        49.2,
        49,
        49.8,
        50,
        50,
        50.4,
        50.4,
        50,
        50,
        50.4,
        50,
        50.4,
        50,
        50,
        50.4,
        51.0,
        51,
        51,
        51.0,
        50,
        50.4,
        49,
        48,
        48.0,
        52.2,
        52,
        52,
        52.2,
        52,
        52.2,
        50,
        49,
        48.0,
        50.4,
        49,
        48,
        47.4,
        45,
        42.6,
        40,
        38,
        37.8,
        33.0,
        30,
        27.6,
        22.8,
        20,
        18.6,
        15.0,
        12,
        9.6,
        16.2,
        15,
        13.8,
        15.0,
        17,
        19.2,
        23.4,
        26,
        28.8,
        33.6,
        36,
        39.0,
        45.0,
        48,
        51.0,
        57.0,
        60,
        63.0,
        69.0,
        72,
        76.2,
        82.2,
        84,
        87.0,
        90.0,
        90,
        90.6,
        90.6,
        90,
        90.0
    ],
    "y": [
        0.6556291390728477,
        0.0,
        0,
        0,
        0.6556291390728477,
        0,
        1.3112582781456954,
        0,
        0,
        0.6556291390728477,
        0.6556291390728477,
        0,
        0,
        0.6556291390728477,
        0,
        0.6556291390728477,
        0,
        0,
        0.6556291390728477,
        0.6556291390728477,
        0,
        0,
        0.6556291390728477,
        0,
        0.6556291390728477,
        0,
        0,
        0.6556291390728477,
        0.6556291390728477,
        0,
        0,
        0.6556291390728477,
        0,
        1.3112582781456954,
        1,
        1,
        1.3112582781456954,
        1.3112582781456954,
        1,
        1,
        1.966887417218543,
        1,
        1.966887417218543,
        2,
        2,
        2.622516556291391,
        2.622516556291391,
        2,
        2,
        3.2781456953642385,
        3,
        3.2781456953642385,
        3,
        3,
        3.2781456953642385,
        3.2781456953642385,
        3,
        3,
        3.2781456953642385,
        3,
        3.2781456953642385,
        3,
        3,
        3.2781456953642385,
        3.2781456953642385,
        2,
        2,
        2.622516556291391,
        2,
        3.2781456953642385,
        2,
        1,
        1.966887417218543,
        1.966887417218543,
        2,
        4,
        7.867549668874172,
        5,
        2.622516556291391,
        3,
        3,
        3.933774834437086,
        6.556291390728477,
        6,
        7,
        9.178807947019868,
        10,
        12.456953642384105,
        14,
        15,
        17.04635761589404,
        20.980132450331126,
        21,
        23,
        26.225165562913908,
        28,
        30.158940397350992,
        32,
        33,
        34.74834437086093,
        39.33774834437086,
        40,
        41,
        43.9271523178808,
        46,
        48.51655629139073,
        51,
        52,
        53.76158940397351,
        59.66225165562914,
        60,
        62,
        66.21854304635761,
        69,
        72.7748344370861,
        76,
        77,
        79.33112582781457,
        83.9205298013245,
        84,
        86,
        88.50993377483444,
        90,
        92.44370860927152,
        94,
        95,
        96.37748344370861,
        96.37748344370861,
        96,
        96,
        97.03311258278146,
        97,
        97.6887417218543,
        97,
        97,
        97.6887417218543,
        97.03311258278146,
        97,
        97.03311258278146,
        97.03311258278146,
        97,
        97.03311258278146,
        96.37748344370861,
        97,
        98.34437086092716,
        95.06622516556291,
        95,
        96.37748344370861,
        96.37748344370861,
        96,
        96.37748344370861,
        96.37748344370861,
        96,
        96.37748344370861,
        96.37748344370861,
        96,
        96.37748344370861,
        96.37748344370861,
        96,
        96.37748344370861,
        97.03311258278146,
        97,
        97.6887417218543,
        98.34437086092716,
        98,
        98.34437086092716,
        98.34437086092716,
        98,
        99.0,
        98.34437086092716,
        98,
        98.34437086092716,
        98.34437086092716,
        98,
        97.6887417218543
    ]
}