{
    "x": [
        0.0,
        0,
        0.0,
        0,
        1.8,
        2,
        3.15,
        3,
        4.5,
        7.65,
        7,
        7,
        8.1,
        12.6,
        14,
        14,
        15.75,
        18.0,
        20,
        22.5,
        24,
        25.65,
        27,
        29.25,
        32.4,
        32,
        33,
        35.55,
        39.6,
        41,
        42,
        43.2,
        46.8,
        49,
        51.3,
        53,
        54.9,
        57,
        59.4,
        63.45,
        64,
        65,
        67.95,
        72.45,
        74,
        75,
        76.5,
        79.2,
        80,
        81.9,
        82,
        83.7,
        83,
        84.15,
        82.35,
        80,
        79,
        77.4,
        75.6,
        73,
        72,
        71.55,
        68.4,
        65,
        62.1,
        60,
        59.4,
        57,
        54.9,
        51.75,
        50,
        50,
        48.6,
        46.35,
        45,
        44,
        44.1,
        43.2,
        42,
        42.75,
        42,
        41.4,
        41,
        41.4,
        40.95,
        40,
        40,
        40.5,
        40.05,
        40,
        40,
        40.5,
        40.5,
        40,
        40.5,
        40,
        40.95,
        41,
        41.4,
        41.85,
        41,
        42,
        42.3,
        41.85,
        39,
        38,
        37.8,
        39.15,
        37,
        36.45,
        34,
        32.85,
        30,
        27.9,
        22.95,
        21,
        21,
        19.35,
        14.4,
        13,
        12,
        11.7,
        9.0,
        8,
        7.2,
        6,
        6.3,
        4,
        2.7,
        8.1,
        8,
        9,
        11.25,
        14.85,
        17,
        18,
        19.8,
        24.75,
        27,
        29.7,
        32,
        35.1,
        37,
        39.6,
        45.0,
        46,
        47,
        49.5,
        53.55,
        55,
        56,
        57.6,
        62.1,
        64,
        66.6,
        69,
        72.0,
        74,
        76.5,
        81.0,
        82,
        83,
        85.95,
        93.15,
        93,
        93,
        93.6,
        96.75,
        97,
        99.0,
        99,
        99.0,
        99,
        99.0,
        98.1
    ],
    "y": [
        5.025380710659898,
        5,
        6.030456852791878,
        5,
        4.522842639593908,
        4,
        4.020304568527918,
        3,
        3.517766497461929,
        2.010152284263959,
        2,
        3,
        4.020304568527918,
        3.517766497461929,
        3,
        3,
        3.517766497461929,
        5.025380710659898,
        4,
        3.015228426395939,
        2,
        2.512690355329949,
        2,
        3.015228426395939,
        3.015228426395939,
        3,
        3,
        3.517766497461929,
        3.015228426395939,
        2,
        2,
        2.010152284263959,
        2.010152284263959,
        2,
        2.010152284263959,
        2,
        2.010152284263959,
        1,
        1.5076142131979695,
        1.0050761421319796,
        1,
        1,
        1.5076142131979695,
        1.0050761421319796,
        1,
        1,
        1.0050761421319796,
        1.5076142131979695,
        1,
        0.5025380710659898,
        0,
        1.0050761421319796,
        0,
        0.0,
        0.0,
        0,
        0,
        1.5076142131979695,
        1.0050761421319796,
        1,
        1,
        1.5076142131979695,
        2.512690355329949,
        3,
        3.517766497461929,
        3,
        3.015228426395939,
        3,
        4.020304568527918,
        5.025380710659898,
        5,
        5,
        5.527918781725888,
        5.527918781725888,
        6,
        6,
        7.538071065989848,
        8.543147208121827,
        9,
        11.055837563451776,
        12,
        14.573604060913706,
        16,
        17.588832487309645,
        22.111675126903553,
        23,
        24,
        27.13705583756345,
        32.66497461928934,
        35,
        36,
        37.69035532994924,
        44.7258883248731,
        47,
        50.253807106598984,
        53,
        56.786802030456855,
        60,
        63.31979695431472,
        68.34517766497461,
        69,
        71,
        74.3756345177665,
        79.4010152284264,
        82,
        83,
        85.93401015228426,
        86.43654822335026,
        87,
        89.4517766497462,
        90,
        92.46700507614213,
        93,
        93.9746192893401,
        94.4771573604061,
        95,
        96,
        99.0,
        96.48730964467005,
        96,
        96,
        96.48730964467005,
        95.48223350253807,
        95,
        94.97969543147208,
        94,
        94.4771573604061,
        95,
        97.49238578680203,
        94.4771573604061,
        94,
        94,
        94.97969543147208,
        93.9746192893401,
        94,
        94,
        94.4771573604061,
        93.9746192893401,
        94,
        94.97969543147208,
        94,
        93.9746192893401,
        94,
        94.97969543147208,
        93.9746192893401,
        93,
        94,
        94.4771573604061,
        94.4771573604061,
        94,
        94,
        95.48223350253807,
        95.48223350253807,
        95,
        95.98477157360406,
        95,
        95.48223350253807,
        95,
        95.48223350253807,
        96.48730964467005,
        96,
        96,
        96.48730964467005,
        96.48730964467005,
        96,
        96,
        96.48730964467005,
        95.98477157360406,
        95,
        95.98477157360406,
        96,
        96.98984771573605,
        96,
        96.98984771573605,
        97.49238578680203
    ]
}