{
    "x": [
        51.15,
        52.25,
        51,
        50,
        49,
        48.95,
        47,
        46.75,
        45,
        44,
        44,
        44.0,
        40.7,
        39,
        39,
        39,
        37.4,
        35,
        33.55,
        32,
        31,
        30,
        29.15,
        24.75,
        23,
        23,
        22,
        20.9,
        19,
        18,
        17.6,
        15,
        14,
        13.75,
        11,
        9.9,
        8,
        8,
        7.15,
        6,
        6,
        4.95,
        3,
        2,
        2,
        2.75,
        1.65,
        1,
        1,
        1,
        1.1,
        0,
        0.0,
        0,
        0,
        0,
        0.0,
        0.55,
        0,
        0,
        1,
        1.65,
        2,
        2.75,
        3,
        4,
        4,
        5.5,
        7.7,
        7,
        8,
        9,
        11.0,
        12,
        13,
        14.85,
        17,
        18,
        19.25,
        21,
        23.1,
        24,
        25,
        28.05,
        29,
        30,
        33.0,
        35,
        36,
        36,
        37.95,
        42.9,
        43,
        45,
        46,
        48.95,
        51,
        55.0,
        57,
        57,
        58,
        59.95,
        63.8,
        64,
        65,
        66,
        69.85,
        72,
        74.25,
        75,
        76,
        77,
        78.1,
        83.05,
        83,
        83,
        84,
        86.9,
        88,
        89,
        90.2,
        91,
        91,
        92.95,
        94,
        95.7,
        95,
        96,
        97.35,
        97,
        97,
        98.45,
        98,
        98,
        98,
        99.0,
        99.0,
        98,
        98,
        98,
        98.45,
        97,
        97.35,
        95,
        94,
        94,
        94.6,
        90.75,
        89,
        88,
        88,
        86.9,
        85,
        83.6,
        82,
        81,
        80,
        79.2,
        75.9,
        74,
        74,
        73,
        71.5,
        69,
        68,
        67.1,
        66,
        65,
        64.9,
        59.4,
        58,
        58,
        56.65,
        55,
        55.0
    ],
    "y": [
        99.0,
        97.09615384615384,
        97,
        98,
        98,
        99.0,
        98,
        98.36538461538461,
        97,
        96,
        96,
        96.46153846153847,
        96.46153846153847,
        96,
        96,
        96,
        96.46153846153847,
        96,
        96.46153846153847,
        96,
        96,
        95,
        95.82692307692308,
        93.28846153846153,
        92,
        92,
        92,
        90.75,
        89,
        88,
        88.21153846153847,
        86,
        85,
        85.67307692307692,
        84,
        83.13461538461539,
        82,
        81,
        79.32692307692308,
        77,
        76,
        74.25,
        72,
        71,
        70,
        70.4423076923077,
        65.36538461538461,
        64,
        63,
        61,
        60.92307692307692,
        58,
        56.48076923076923,
        53,
        52,
        51,
        50.76923076923077,
        46.32692307692308,
        44,
        43,
        43,
        40.61538461538461,
        38,
        36.17307692307692,
        34,
        33,
        31,
        30.46153846153846,
        25.384615384615383,
        24,
        23,
        22,
        19.673076923076923,
        17,
        16,
        15.23076923076923,
        13,
        12,
        11.423076923076923,
        9,
        7.615384615384615,
        6,
        6,
        5.076923076923077,
        4,
        4,
        3.173076923076923,
        1,
        0,
        0,
        0.6346153846153846,
        0.0,
        0,
        0,
        0,
        0.0,
        0,
        0.0,
        0,
        0,
        0,
        0.6346153846153846,
        1.9038461538461537,
        2,
        2,
        3,
        5.076923076923077,
        6,
        6.980769230769231,
        7,
        9,
        10,
        11.423076923076923,
        14.596153846153847,
        14,
        15,
        16,
        18.403846153846153,
        20,
        21,
        23.48076923076923,
        26,
        27,
        28.557692307692307,
        31,
        34.26923076923077,
        35,
        37,
        40.61538461538461,
        41,
        43,
        46.32692307692308,
        49,
        50,
        51,
        52.03846153846154,
        59.01923076923077,
        60,
        61,
        62,
        63.46153846153846,
        66,
        69.8076923076923,
        72,
        72,
        73,
        74.88461538461539,
        79.96153846153847,
        80,
        80,
        81,
        83.13461538461539,
        85,
        86.9423076923077,
        87,
        88,
        88,
        89.48076923076923,
        90.75,
        90,
        90,
        91,
        91.38461538461539,
        92,
        92,
        93.28846153846153,
        92,
        92,
        92.01923076923077,
        95.82692307692308,
        95,
        95,
        95.1923076923077,
        94,
        94.5576923076923
    ]
}