{
    "x": [
        45.45,
        44.55,
        44,
        44,
        44.55,
        46.35,
        45,
        45,
        45.45,
        40.95,
        39,
        38,
        38.7,
        36.9,
        35,
        34,
        33.75,
        31.05,
        29,
        28,
        27.9,
        25.2,
        23,
        22,
        22.5,
        19.35,
        18,
        17,
        17.1,
        14.85,
        13,
        12,
        12.6,
        10.35,
        9,
        8,
        8.55,
        6.75,
        6,
        5,
        5.4,
        3.6,
        3,
        2,
        2.7,
        1.8,
        1,
        1,
        1.35,
        0.0,
        1,
        1,
        2.25,
        2.7,
        3,
        3,
        3.6,
        4.95,
        5,
        5,
        6.3,
        8.1,
        9,
        9,
        10.35,
        12.6,
        14,
        14,
        15.75,
        18.45,
        20,
        20,
        21.6,
        25.2,
        27,
        27,
        28.8,
        31.95,
        33,
        34,
        36.0,
        39.15,
        40,
        40,
        41.4,
        46.35,
        48,
        48,
        49.95,
        53.55,
        55,
        55,
        56.7,
        60.3,
        61,
        61,
        62.1,
        67.05,
        68,
        68,
        69.75,
        75.15,
        75,
        75,
        76.5,
        79.65,
        80,
        80,
        81.9,
        86.4,
        87,
        87,
        87.75,
        90.0,
        91,
        91,
        92.7,
        94.05,
        94,
        94,
        95.85,
        97.2,
        97,
        97,
        98.1,
        99.0,
        99,
        99,
        99.0,
        98.55,
        98,
        98,
        98.1,
        96.75,
        96,
        95,
        95.85,
        94.05,
        93,
        93,
        93.15,
        90.9,
        89,
        88,
        88.65,
        86.85,
        86,
        86,
        86.85,
        81.0,
        79,
        78,
        77.4,
        74.7,
        73,
        72.0,
        69.3,
        67,
        66.6,
        63.45,
        62,
        60.75,
        58.5,
        57,
        56.7,
        54.0,
        52,
        51.75,
        50.4,
        49,
        49.05,
        48.6,
        48,
        47.7,
        47.7
    ],
    "y": [
        97.03960396039604,
        98.50990099009901,
        98,
        98,
        99.0,
        98.01980198019803,
        96,
        95,
        95.07920792079207,
        96.54950495049505,
        96,
        96,
        97.03960396039604,
        97.52970297029702,
        97,
        97,
        97.52970297029702,
        96.05940594059406,
        94,
        93,
        93.60891089108911,
        93.11881188118812,
        92,
        92,
        92.62871287128714,
        90.66831683168317,
        89,
        88,
        88.21782178217822,
        86.25742574257426,
        85,
        84,
        83.8069306930693,
        81.35643564356435,
        80,
        79,
        78.9059405940594,
        75.47524752475248,
        74,
        73,
        73.02475247524752,
        69.10396039603961,
        67,
        66,
        66.65346534653466,
        63.222772277227726,
        61,
        60,
        59.301980198019805,
        55.87128712871287,
        53,
        51,
        50.48019801980198,
        46.06930693069307,
        43,
        42,
        41.65841584158416,
        37.73762376237624,
        35,
        34,
        33.32673267326733,
        28.915841584158414,
        26,
        25,
        24.504950495049506,
        20.584158415841586,
        18,
        17,
        17.153465346534652,
        14.212871287128714,
        12,
        11,
        11.272277227722773,
        8.331683168316832,
        7,
        6,
        6.371287128712871,
        4.900990099009901,
        3,
        2,
        2.9405940594059405,
        1.4702970297029703,
        1,
        1,
        1.9603960396039604,
        0.4900990099009901,
        0,
        0,
        0.4900990099009901,
        0.4900990099009901,
        0,
        0,
        0.0,
        0.4900990099009901,
        1,
        1,
        2.9405940594059405,
        2.9405940594059405,
        3,
        3,
        4.900990099009901,
        7.351485148514851,
        7,
        7,
        8.331683168316832,
        10.782178217821782,
        11,
        11,
        12.742574257425742,
        15.683168316831683,
        17,
        18,
        20.094059405940595,
        23.524752475247524,
        25,
        25,
        26.955445544554454,
        30.876237623762375,
        32,
        33,
        34.7970297029703,
        38.71782178217822,
        40,
        41,
        43.12871287128713,
        47.04950495049505,
        48,
        49,
        50.48019801980198,
        55.381188118811885,
        57,
        58,
        59.301980198019805,
        63.222772277227726,
        65,
        66,
        67.63366336633663,
        71.06435643564356,
        72,
        73,
        74.0049504950495,
        76.94554455445545,
        78,
        78,
        79.88613861386139,
        82.33663366336634,
        82,
        82,
        83.31683168316832,
        86.74752475247524,
        87,
        87,
        88.70792079207921,
        90.17821782178218,
        90,
        91.64851485148515,
        93.11881188118812,
        93,
        94.0990099009901,
        95.07920792079207,
        95,
        96.05940594059406,
        96.54950495049505,
        96,
        96.54950495049505,
        96.05940594059406,
        96,
        96.54950495049505,
        96.54950495049505,
        96,
        96.54950495049505,
        96.54950495049505,
        96,
        96.54950495049505,
        96.54950495049505
    ]
}