{
    "x": [
        41.85,
        40.95,
        40,
        40.05,
        39.15,
        38,
        38,
        38.25,
        35.55,
        34,
        34.2,
        33,
        31.95,
        30,
        29.25,
        27.0,
        25,
        24,
        24.75,
        22.05,
        21,
        20.7,
        18.0,
        17,
        16,
        15.75,
        13.95,
        12,
        11.7,
        10,
        9.45,
        8,
        7.65,
        5.85,
        5,
        4,
        4.5,
        2.7,
        2,
        1.35,
        0.9,
        0,
        0,
        0.0,
        0.0,
        0,
        0.45,
        0,
        1.35,
        1,
        2.25,
        3.15,
        3,
        3,
        4.05,
        5.85,
        6,
        6.75,
        8.55,
        8,
        9,
        10.8,
        13.05,
        14,
        15.75,
        17,
        19.35,
        21,
        22.95,
        26.55,
        28,
        29,
        30.15,
        33.75,
        35,
        37.35,
        41.4,
        42,
        43,
        46.35,
        50.85,
        52,
        54.9,
        56,
        58.95,
        60,
        62.55,
        66.15,
        67,
        68,
        69.75,
        73.35,
        75,
        77.4,
        81.0,
        81,
        82,
        84.6,
        86.85,
        88,
        89.55,
        91,
        92.7,
        93,
        94.95,
        95.4,
        95,
        95,
        96.3,
        97.65,
        97,
        97.65,
        99.0,
        98,
        98,
        98.55,
        99.0,
        97,
        95.4,
        94,
        94.5,
        93,
        92.25,
        89.1,
        87,
        86,
        86.4,
        83.25,
        81,
        80.1,
        76.5,
        75,
        74,
        72.9,
        70.2,
        68,
        66.6,
        65,
        63.45,
        62,
        60.75,
        57.6,
        56,
        55,
        54.9,
        52.2,
        50,
        49.5,
        47.25,
        46,
        46,
        45.45,
        43.65,
        42,
        42.3,
        41,
        40.95,
        40,
        40.5,
        39.6,
        40,
        40,
        41.4,
        39.6,
        39,
        39.15,
        39.15,
        39,
        39.15,
        39.15,
        39,
        39.15,
        40.05,
        41,
        43.2
    ],
    "y": [
        97.08695652173913,
        99.0,
        98,
        98.04347826086956,
        97.56521739130434,
        97,
        97,
        97.08695652173913,
        97.56521739130434,
        98,
        98.52173913043478,
        98,
        98.52173913043478,
        98,
        99.0,
        97.56521739130434,
        96,
        95,
        95.17391304347827,
        95.17391304347827,
        94,
        93.26086956521739,
        91.82608695652173,
        90,
        90,
        88.95652173913044,
        86.08695652173913,
        84,
        83.69565217391305,
        82,
        81.30434782608695,
        79,
        78.43478260869566,
        75.56521739130434,
        73,
        72,
        71.73913043478261,
        67.91304347826087,
        66,
        64.56521739130434,
        61.21739130434783,
        60,
        59,
        57.869565217391305,
        53.56521739130435,
        51,
        49.73913043478261,
        47,
        45.43478260869565,
        43,
        41.608695652173914,
        37.78260869565217,
        36,
        35,
        34.43478260869565,
        30.608695652173914,
        28,
        27.26086956521739,
        24.869565217391305,
        23,
        23,
        22.0,
        19.608695652173914,
        17,
        16.26086956521739,
        15,
        14.347826086956522,
        12,
        11.0,
        9.08695652173913,
        8,
        7,
        7.173913043478261,
        5.739130434782608,
        4,
        3.8260869565217392,
        1.9130434782608696,
        1,
        1,
        1.434782608695652,
        0.4782608695652174,
        0,
        0.0,
        0,
        0.0,
        0,
        0.0,
        0.9565217391304348,
        1,
        1,
        2.391304347826087,
        4.304347826086956,
        5,
        6.217391304347826,
        8.130434782608695,
        8,
        9,
        10.521739130434783,
        13.391304347826088,
        15,
        16.73913043478261,
        18,
        20.08695652173913,
        21,
        23.434782608695652,
        27.26086956521739,
        29,
        30,
        31.565217391304348,
        35.391304347826086,
        37,
        39.69565217391305,
        44.0,
        44,
        45,
        47.82608695652174,
        54.04347826086956,
        56,
        58.34782608695652,
        60,
        62.65217391304348,
        64,
        66.95652173913044,
        71.73913043478261,
        73,
        74,
        75.56521739130434,
        79.3913043478261,
        81,
        82.73913043478261,
        86.56521739130434,
        86,
        87,
        88.0,
        90.3913043478261,
        91,
        92.30434782608695,
        92,
        93.26086956521739,
        93,
        94.21739130434783,
        94.69565217391305,
        94,
        94,
        94.69565217391305,
        94.69565217391305,
        95,
        95.65217391304348,
        96.1304347826087,
        96,
        96,
        96.1304347826087,
        96.6086956521739,
        96,
        96.6086956521739,
        96,
        96.1304347826087,
        96,
        96.1304347826087,
        95.17391304347827,
        94,
        94,
        94.21739130434783,
        95.65217391304348,
        95,
        96.1304347826087,
        96.6086956521739,
        96,
        97.08695652173913,
        95.65217391304348,
        95,
        96.1304347826087,
        95.65217391304348,
        95,
        96.1304347826087
    ]
}