{
    "x": [
        5.94,
        4.95,
        4,
        4,
        5,
        5,
        5.94,
        5,
        5,
        5.94,
        5,
        5,
        5,
        5.94,
        4,
        3.96,
        3,
        3,
        4,
        5.94,
        5,
        5,
        5.94,
        5,
        5,
        5,
        5,
        5.94,
        5.94,
        4,
        4,
        4,
        3,
        3.96,
        3,
        3,
        3.96,
        3,
        3,
        3,
        3.96,
        4,
        5.94,
        5,
        5,
        5,
        4.95,
        5,
        6,
        7.92,
        6,
        6,
        5,
        5,
        5.94,
        6.93,
        6,
        6,
        6,
        5,
        5.94,
        5,
        5,
        5.94,
        5,
        4,
        4,
        4.95,
        4,
        3.96,
        3,
        3,
        4,
        5.94,
        5,
        5,
        5.94,
        4,
        4,
        3,
        3,
        3.96,
        4.95,
        4,
        4,
        4,
        4,
        4.95,
        3,
        2,
        2.97,
        1,
        0,
        0,
        0.0,
        0,
        1.98,
        1,
        1,
        2,
        3.96,
        3,
        4,
        4.95,
        5,
        6,
        6,
        6,
        7.92,
        9.9,
        9,
        10,
        11,
        12,
        13.86,
        15,
        16,
        17.82,
        20,
        20,
        21,
        22.77,
        25,
        27.72,
        28,
        29,
        30,
        32.67,
        33,
        35,
        38.61,
        39,
        41,
        42,
        43,
        44.55,
        52.47,
        52,
        53,
        54,
        55,
        57.42,
        61,
        63,
        65.34,
        68,
        69,
        70,
        72.27,
        75,
        78.21,
        79,
        79,
        80,
        83.16,
        84,
        85,
        88.11,
        89,
        90,
        91,
        92,
        93.06,
        97.02,
        97,
        97,
        98,
        98,
        99.0,
        99,
        99,
        99.0,
        99,
        99,
        99.0
    ],
    "y": [
        0.0,
        2.262857142857143,
        2,
        2,
        3,
        3,
        3.96,
        4,
        4,
        5.6571428571428575,
        6,
        6,
        6,
        6.788571428571428,
        8,
        9.617142857142857,
        9,
        9,
        10,
        11.314285714285715,
        12,
        13,
        14.708571428571428,
        15,
        16,
        16,
        16,
        17.537142857142857,
        19.234285714285715,
        19,
        20,
        21,
        22,
        23.76,
        25,
        26,
        27.72,
        29,
        29,
        30,
        31.68,
        33,
        34.50857142857143,
        35,
        35,
        36,
        39.034285714285716,
        39,
        40,
        41.862857142857145,
        42,
        44,
        45,
        45,
        46.38857142857143,
        50.91428571428571,
        50,
        51,
        53,
        54,
        55.44,
        57,
        58,
        59.965714285714284,
        62,
        62,
        63,
        65.05714285714286,
        67,
        70.14857142857143,
        71,
        71,
        72,
        74.10857142857142,
        75,
        76,
        78.63428571428571,
        79,
        81,
        82,
        82,
        83.72571428571429,
        87.12,
        87,
        87,
        88,
        88,
        89.94857142857143,
        91,
        92,
        93.34285714285714,
        95,
        95,
        96,
        97.86857142857143,
        97,
        97.30285714285715,
        97,
        97,
        98,
        99.0,
        98,
        98,
        98.43428571428572,
        98,
        98,
        98,
        98,
        99.0,
        98.43428571428572,
        98,
        98,
        98,
        97,
        97.86857142857143,
        97,
        97,
        97.30285714285715,
        97,
        97,
        97,
        97.86857142857143,
        97,
        97.86857142857143,
        97,
        97,
        97,
        97.86857142857143,
        97,
        97,
        97.86857142857143,
        97,
        97,
        97,
        97,
        97.30285714285715,
        96.73714285714286,
        96,
        96,
        97,
        97,
        97.30285714285715,
        97,
        96,
        96.73714285714286,
        96,
        96,
        96,
        96.73714285714286,
        96,
        96.17142857142858,
        96,
        96,
        96,
        96.73714285714286,
        96,
        96,
        96.73714285714286,
        96,
        97,
        97,
        97,
        97.30285714285715,
        97.30285714285715,
        97,
        97,
        97,
        97,
        97.86857142857143,
        97,
        97,
        97.86857142857143,
        97,
        97,
        97.86857142857143
    ]
}