{
    "x": [
        6.0,
        6.0,
        6,
        6,
        6,
        6,
        6.0,
        6,
        6,
        6,
        6.75,
        6,
        5,
        5,
        5.25,
        5,
        5.25,
        5,
        5,
        5,
        5,
        6.0,
        5,
        4,
        3.75,
        3,
        4,
        4,
        4,
        4,
        4.5,
        6.0,
        5,
        5,
        5,
        5,
        5.25,
        5,
        5,
        5,
        5.25,
        5,
        5,
        5,
        6.0,
        5,
        4.5,
        4,
        4,
        4,
        4,
        5.25,
        4,
        4,
        4.5,
        4,
        4,
        4,
        4,
        4,
        4.5,
        3.75,
        2,
        2,
        2,
        1,
        0.75,
        0,
        0,
        0,
        0.75,
        1,
        1,
        1,
        1.5,
        1,
        2.25,
        2,
        2,
        2,
        2,
        2.25,
        2,
        2,
        2.25,
        2,
        2,
        2,
        2,
        2,
        2.25,
        0.0,
        0,
        0,
        0,
        0,
        1.5,
        1,
        1,
        1,
        2.25,
        3,
        3,
        3,
        3.75,
        4,
        6.0,
        6,
        6,
        6,
        7,
        9.0,
        9,
        10,
        12.75,
        13,
        15,
        16,
        16,
        16,
        17.25,
        23.25,
        23,
        24,
        26,
        27,
        29.25,
        32,
        33,
        34,
        35.25,
        38,
        38,
        39,
        41.25,
        45,
        48.75,
        50,
        51,
        51,
        52,
        56.25,
        57,
        58,
        61.5,
        62,
        64,
        66,
        67,
        67,
        68.25,
        75.75,
        76,
        77,
        79,
        80,
        82.5,
        85,
        86,
        86,
        87.75,
        90,
        90,
        91,
        93.0,
        92,
        92.25,
        93,
        93,
        93,
        94,
        96.0,
        96,
        97,
        99.0
    ],
    "y": [
        0.0,
        0.515625,
        0,
        0,
        0,
        0,
        1.03125,
        1,
        1,
        1,
        1.546875,
        2,
        2,
        2,
        3.09375,
        4,
        6.1875,
        6,
        6,
        6,
        7,
        8.765625,
        9,
        11,
        13.40625,
        13,
        13,
        13,
        13,
        13,
        14.4375,
        19.078125,
        19,
        20,
        21,
        22,
        23.203125,
        25,
        26,
        26,
        27.84375,
        29,
        29,
        30,
        31.96875,
        34,
        36.09375,
        37,
        37,
        37,
        38,
        40.21875,
        41,
        42,
        45.375,
        46,
        47,
        48,
        49,
        49,
        50.015625,
        56.203125,
        56,
        57,
        59,
        60,
        62.90625,
        64,
        65,
        66,
        67.03125,
        69,
        69,
        70,
        72.703125,
        74,
        76.828125,
        77,
        77,
        77,
        78,
        80.4375,
        81,
        82,
        85.078125,
        86,
        87,
        88,
        88,
        88,
        89.71875,
        93.84375,
        93,
        93,
        94,
        94,
        95.90625,
        96,
        96,
        96,
        97.96875,
        98,
        98,
        98,
        98.484375,
        98,
        99.0,
        98,
        98,
        98,
        98,
        98.484375,
        98,
        98,
        97.96875,
        97,
        97,
        97,
        97,
        97,
        97.96875,
        97.453125,
        97,
        97,
        97,
        97,
        97.96875,
        98,
        98,
        98,
        99.0,
        98,
        98,
        98,
        98.484375,
        98,
        98.484375,
        98,
        98,
        98,
        98,
        99.0,
        99,
        99,
        99.0,
        99,
        99,
        99,
        99,
        99,
        99.0,
        98.484375,
        98,
        98,
        98,
        98,
        99.0,
        98,
        98,
        98,
        98.484375,
        98,
        97,
        97,
        97.96875,
        96,
        95.90625,
        95,
        95,
        95,
        96,
        97.96875,
        97,
        97,
        97.96875
    ]
}