{
    "x": [
        9.75,
        9.0,
        9,
        9,
        9,
        9,
        10.5,
        10,
        10,
        10.5,
        10,
        9,
        9,
        9.75,
        9,
        9.75,
        9,
        9,
        9,
        9.75,
        9,
        9,
        8.25,
        7,
        7,
        7,
        7,
        7.5,
        7,
        8.25,
        8,
        8,
        8,
        8,
        9.0,
        8,
        8,
        8.25,
        8,
        8,
        8,
        8.25,
        8,
        8.25,
        7,
        7,
        7,
        7.5,
        7,
        7,
        6.75,
        7,
        8,
        8,
        8,
        9.75,
        6.0,
        6,
        6,
        6,
        6,
        6,
        6.0,
        5,
        5,
        5.25,
        5,
        5,
        5,
        5.25,
        4,
        4.5,
        4,
        4,
        4,
        4.5,
        3,
        3,
        3.0,
        2,
        2,
        1,
        1,
        1.5,
        2.25,
        2,
        2,
        2,
        2,
        2,
        3.0,
        3,
        3,
        3.75,
        1,
        0,
        0,
        0.0,
        2,
        4.5,
        4,
        4,
        4,
        5.25,
        5,
        6,
        8.25,
        9,
        10,
        11,
        11,
        12.0,
        16.5,
        16,
        17,
        17,
        18,
        19,
        20.25,
        24,
        25,
        27.75,
        31,
        31,
        32,
        34.5,
        37,
        40.5,
        41,
        42,
        43,
        46.5,
        47,
        49,
        53.25,
        54,
        56,
        57,
        58,
        59.25,
        65.25,
        65,
        66,
        68,
        68,
        69,
        71.25,
        74,
        76,
        78.0,
        81,
        81,
        82,
        84.0,
        86,
        88.5,
        89,
        89,
        90,
        93.0,
        93,
        94,
        96.75,
        96,
        97,
        97,
        97,
        97.5,
        99.0,
        99,
        99,
        99,
        99,
        99,
        99.0
    ],
    "y": [
        0.0,
        0.9801980198019802,
        0,
        0,
        1,
        1,
        1.4702970297029703,
        2,
        2,
        2.9405940594059405,
        3,
        3,
        3,
        3.4306930693069306,
        4,
        4.900990099009901,
        5,
        5,
        6,
        8.821782178217822,
        8,
        9,
        10.782178217821782,
        11,
        12,
        12,
        12,
        13.232673267326733,
        15,
        17.153465346534652,
        17,
        17,
        18,
        19,
        20.584158415841586,
        23,
        24,
        25.975247524752476,
        28,
        28,
        29,
        31.366336633663366,
        33,
        36.26732673267327,
        37,
        37,
        38,
        41.65841584158416,
        42,
        44,
        47.539603960396036,
        48,
        49,
        50,
        50,
        51.95049504950495,
        59.301980198019805,
        59,
        59,
        60,
        61,
        62,
        64.20297029702971,
        66,
        67,
        69.10396039603961,
        71,
        71,
        72,
        73.51485148514851,
        75,
        78.41584158415841,
        79,
        79,
        80,
        82.82673267326733,
        83,
        84,
        85.76732673267327,
        86,
        87,
        88,
        88,
        89.68811881188118,
        91.64851485148515,
        91,
        91,
        91,
        92,
        92,
        93.60891089108911,
        94,
        95,
        96.05940594059406,
        96,
        96,
        96,
        97.03960396039604,
        97,
        98.50990099009901,
        98,
        98,
        98,
        98.50990099009901,
        98,
        98,
        99.0,
        99,
        99,
        99,
        99,
        99.0,
        99.0,
        98,
        98,
        98,
        98,
        98,
        98.50990099009901,
        98,
        97,
        97.52970297029702,
        97,
        97,
        97,
        97.03960396039604,
        97,
        97.03960396039604,
        97,
        97,
        97,
        97.03960396039604,
        97,
        97,
        97.03960396039604,
        96,
        96,
        96,
        96,
        96.54950495049505,
        96.54950495049505,
        96,
        96,
        96,
        96,
        96,
        96.54950495049505,
        96,
        96,
        96.54950495049505,
        96,
        96,
        96,
        96.05940594059406,
        95,
        95.56930693069307,
        95,
        95,
        95,
        96.05940594059406,
        96,
        96,
        96.54950495049505,
        96,
        96,
        96,
        96,
        96.05940594059406,
        96.05940594059406,
        96,
        96,
        96,
        96,
        96,
        96.54950495049505
    ]
}