{
    "x": [
        6.336,
        3.96,
        3,
        4,
        5,
        5,
        6.336,
        6,
        6,
        6.336,
        6,
        6,
        6,
        6,
        6.336,
        6,
        6.336,
        6,
        6,
        6,
        7.128,
        7,
        7,
        7.128,
        7,
        7,
        7,
        7,
        7,
        7.92,
        7.92,
        7,
        7,
        8,
        8,
        8.712,
        9,
        9,
        9.504,
        8,
        7,
        7,
        7,
        7.92,
        7,
        7.92,
        7,
        7,
        7,
        7.92,
        7,
        8,
        9.504,
        8,
        8,
        7,
        7,
        7,
        7.92,
        7.92,
        7,
        7,
        7,
        6,
        6.336,
        5,
        4,
        3.96,
        3,
        3,
        3,
        3,
        3.168,
        2,
        2.376,
        1,
        1,
        1,
        0.792,
        0,
        1,
        1.584,
        1,
        1,
        1,
        0,
        0,
        0.792,
        0.0,
        0,
        0,
        0,
        0,
        0.792,
        0,
        0,
        0.792,
        0,
        0,
        0,
        0,
        0.792,
        1,
        2.376,
        2,
        2,
        3,
        5.544,
        6,
        7,
        9.504,
        9,
        10,
        11,
        12,
        13,
        14.256,
        19.008,
        19,
        20,
        22,
        23,
        25.344,
        27,
        28,
        29,
        30.096,
        33,
        34,
        35,
        37.224,
        42,
        48.312,
        48,
        48,
        49,
        49.896,
        51,
        53,
        55,
        57.816,
        59,
        61,
        62,
        63,
        64.944,
        72.864,
        73,
        74,
        76,
        77,
        79.2,
        81,
        81,
        82,
        84.744,
        87,
        87,
        88,
        89.496,
        91,
        92.664,
        93,
        93,
        94,
        95.832,
        96,
        96,
        97,
        98.208,
        98,
        98,
        98,
        98,
        99.0
    ],
    "y": [
        0.532258064516129,
        0.0,
        0,
        0,
        0,
        0,
        1.596774193548387,
        1,
        1,
        1.596774193548387,
        2,
        2,
        2,
        2,
        3.725806451612903,
        4,
        5.854838709677419,
        6,
        6,
        7,
        9.580645161290322,
        9,
        10,
        11.709677419354838,
        12,
        13,
        13,
        13,
        13,
        14.370967741935484,
        20.225806451612904,
        20,
        20,
        21,
        22,
        23.419354838709676,
        25,
        26,
        28.20967741935484,
        31,
        32,
        32,
        33,
        35.12903225806452,
        36,
        38.32258064516129,
        39,
        39,
        40,
        43.11290322580645,
        44,
        46,
        48.96774193548387,
        49,
        51,
        51,
        52,
        53,
        54.29032258064516,
        59.08064516129032,
        59,
        60,
        61,
        62,
        63.87096774193548,
        66,
        67,
        68.66129032258064,
        71,
        71,
        71,
        72,
        73.45161290322581,
        76,
        78.7741935483871,
        79,
        79,
        80,
        82.5,
        83,
        84,
        86.2258064516129,
        87,
        87,
        88,
        88,
        88,
        89.95161290322581,
        92.61290322580645,
        92,
        93,
        94,
        94,
        95.80645161290323,
        96,
        96,
        96.87096774193549,
        96,
        97,
        97,
        97,
        98.46774193548387,
        98,
        98.46774193548387,
        98,
        98,
        98,
        98.46774193548387,
        98,
        98,
        99.0,
        99,
        99,
        99,
        99,
        99,
        99.0,
        98.46774193548387,
        98,
        98,
        98,
        97,
        97.93548387096774,
        97,
        97,
        97,
        97.40322580645162,
        97,
        97,
        97,
        97.40322580645162,
        97,
        97.40322580645162,
        97,
        97,
        97,
        98.46774193548387,
        98,
        98,
        97,
        97.93548387096774,
        97,
        98,
        98,
        98,
        98.46774193548387,
        98.46774193548387,
        97,
        97,
        97,
        96,
        96.87096774193549,
        96,
        96,
        96,
        96.87096774193549,
        96,
        95,
        95,
        95.80645161290323,
        96,
        96.33870967741936,
        96,
        96,
        96,
        96.33870967741936,
        96,
        96,
        96,
        96.33870967741936,
        96,
        96,
        96,
        96,
        96.87096774193549
    ]
}