{
    "x": [
        6.6,
        5.775,
        5,
        5,
        6,
        6,
        7.425,
        7,
        6,
        6.6,
        7,
        7,
        7,
        7.425,
        7,
        6.6,
        7,
        7,
        8,
        9.9,
        8,
        8,
        6.6,
        6,
        7,
        7,
        7,
        7.425,
        8,
        9.075,
        8,
        8,
        8,
        7,
        7.425,
        7,
        7,
        7.425,
        7,
        7,
        7,
        8.25,
        8,
        8.25,
        7,
        7,
        7,
        7.425,
        7,
        7,
        7.425,
        7,
        7,
        7,
        7,
        7.425,
        5.775,
        5,
        5,
        5,
        5,
        4,
        4.95,
        5,
        5,
        6.6,
        6,
        5,
        5,
        5.775,
        4,
        4.125,
        4,
        4,
        4,
        4.95,
        4,
        4,
        4.95,
        4,
        4,
        4,
        4,
        4.125,
        1.65,
        1,
        1,
        1,
        1,
        0,
        0.825,
        0,
        0,
        0.0,
        0,
        0,
        0,
        1.65,
        2,
        3.3,
        3,
        3,
        4,
        5.775,
        6,
        7,
        8.25,
        9,
        10,
        11,
        11,
        12.375,
        16.5,
        16,
        17,
        18,
        19,
        20,
        22.275,
        24,
        25,
        27.225,
        30,
        30,
        31,
        33.0,
        35,
        37.125,
        38,
        39,
        40,
        42.9,
        43,
        44,
        47.025,
        48,
        49,
        50,
        50,
        51.975,
        59.4,
        59,
        60,
        62,
        63,
        64,
        66.0,
        68,
        69,
        70.125,
        72,
        72,
        73,
        75.075,
        77,
        79.2,
        80,
        81,
        82,
        86.625,
        87,
        88,
        89.925,
        89,
        90,
        90,
        90,
        91.575,
        97.35,
        97,
        97,
        98,
        98,
        98,
        99.0
    ],
    "y": [
        0.0,
        0.5755813953488372,
        0,
        0,
        1,
        1,
        1.7267441860465116,
        2,
        2,
        2.877906976744186,
        3,
        3,
        3,
        3.453488372093023,
        4,
        5.755813953488372,
        5,
        5,
        6,
        8.05813953488372,
        8,
        9,
        10.936046511627907,
        11,
        12,
        13,
        13,
        14.38953488372093,
        15,
        16.11627906976744,
        16,
        17,
        18,
        19,
        21.296511627906977,
        24,
        26,
        28.203488372093023,
        29,
        29,
        30,
        31.08139534883721,
        33,
        36.26162790697674,
        37,
        37,
        38,
        40.866279069767444,
        42,
        44,
        47.19767441860465,
        48,
        49,
        50,
        51,
        52.377906976744185,
        56.98255813953488,
        56,
        56,
        57,
        58,
        59,
        61.01162790697674,
        63,
        64,
        66.19186046511628,
        68,
        68,
        69,
        70.79651162790698,
        72,
        74.82558139534883,
        75,
        76,
        77,
        80.5813953488372,
        81,
        82,
        83.45930232558139,
        84,
        85,
        86,
        86,
        87.48837209302326,
        90.36627906976744,
        90,
        90,
        91,
        92,
        92,
        93.81976744186046,
        94,
        94,
        94.97093023255815,
        95,
        95,
        95,
        95.54651162790698,
        95,
        96.12209302325581,
        96,
        96,
        96,
        96.12209302325581,
        96,
        96,
        96.69767441860465,
        96,
        96,
        96,
        96,
        96.69767441860465,
        96.12209302325581,
        96,
        96,
        96,
        96,
        96,
        96.69767441860465,
        96,
        96,
        96.12209302325581,
        96,
        96,
        96,
        96.12209302325581,
        96,
        96.12209302325581,
        96,
        96,
        97,
        99.0,
        98,
        97,
        96.69767441860465,
        96,
        96,
        96,
        96,
        97.27325581395348,
        96.12209302325581,
        96,
        96,
        96,
        96,
        96,
        96.69767441860465,
        96,
        96,
        96.12209302325581,
        96,
        96,
        96,
        96.12209302325581,
        96,
        96.69767441860465,
        96,
        96,
        96,
        96.12209302325581,
        96,
        96,
        96.69767441860465,
        95,
        95,
        94,
        94,
        94.3953488372093,
        96.12209302325581,
        96,
        96,
        96,
        96,
        96,
        96.69767441860465
    ]
}