{
    "x": [
        92.07,
        99.0,
        98,
        98,
        97,
        96,
        96,
        94,
        93,
        93.06,
        93,
        93,
        93,
        94.05,
        94,
        94,
        94,
        94,
        94,
        94.05,
        92,
        91,
        88.11,
        88,
        89,
        90,
        90,
        91,
        94.05,
        94,
        94,
        94,
        94,
        94.05,
        93,
        93,
        93,
        93,
        93,
        93,
        93.06,
        91,
        90.09,
        90,
        90,
        91,
        92,
        92,
        93,
        94.05,
        94,
        94,
        94,
        94,
        94.05,
        94,
        94,
        94,
        94,
        94,
        94.05,
        94,
        94,
        95.04,
        94,
        93,
        93,
        93,
        92,
        92.07,
        92,
        92,
        92,
        92.07,
        92,
        92,
        92,
        92,
        92,
        92,
        92,
        93.06,
        92.07,
        91,
        91,
        91,
        91,
        91,
        91,
        91,
        91.08,
        91,
        91,
        91,
        91.08,
        90,
        90,
        90,
        90,
        90,
        90.09,
        89,
        89,
        89.1,
        88,
        88,
        88,
        88,
        88,
        87.12,
        86,
        86,
        86,
        86,
        86.13,
        85,
        84,
        84,
        83,
        83,
        83,
        83.16,
        81,
        80.19,
        79,
        78,
        78,
        77,
        76,
        75,
        74.25,
        70,
        67,
        63,
        61,
        60.39,
        59,
        59,
        59,
        59,
        59,
        59.4,
        56,
        54,
        53.46,
        51,
        50,
        50,
        49,
        47,
        46.53,
        44,
        43,
        42,
        38.61,
        36,
        35,
        33,
        32,
        31.68,
        24.75,
        23,
        22,
        21,
        19,
        17.82,
        14,
        12,
        10.89,
        7,
        6,
        5,
        4.95,
        2,
        0.0
    ],
    "y": [
        0.0,
        2.7049180327868854,
        2,
        2,
        3,
        3,
        4,
        5,
        6,
        7.032786885245901,
        8,
        8,
        9,
        10.278688524590164,
        10,
        11,
        11,
        11,
        12,
        13.524590163934427,
        14,
        15,
        17.311475409836067,
        17,
        17,
        17,
        17,
        18,
        18.934426229508198,
        18,
        19,
        20,
        21,
        22.721311475409838,
        22,
        22,
        23,
        23,
        23,
        23,
        24.885245901639344,
        27,
        30.295081967213115,
        30,
        30,
        30,
        30,
        30,
        30,
        30.83606557377049,
        31,
        32,
        33,
        33,
        34.622950819672134,
        36,
        36,
        36,
        36,
        36,
        37.868852459016395,
        40,
        41,
        42.19672131147541,
        43,
        43,
        43,
        44,
        44,
        45.98360655737705,
        46,
        47,
        48,
        50.31147540983606,
        50,
        51,
        52,
        52,
        53,
        53,
        53,
        54.63934426229508,
        57.34426229508197,
        57,
        57,
        57,
        57,
        58,
        59,
        59,
        60.59016393442623,
        62,
        62,
        62,
        63.83606557377049,
        64,
        65,
        65,
        65,
        66,
        67.08196721311475,
        68,
        69,
        71.40983606557377,
        71,
        71,
        71,
        71,
        72,
        74.11475409836065,
        74,
        74,
        75,
        76,
        77.36065573770492,
        77,
        77,
        78,
        79,
        79,
        79,
        80.60655737704919,
        82,
        83.85245901639344,
        83,
        83,
        84,
        85,
        85,
        86,
        87.63934426229508,
        88,
        90,
        91,
        92,
        93.59016393442623,
        93,
        93,
        93,
        93,
        93,
        94.1311475409836,
        95,
        96,
        97.37704918032787,
        97,
        97,
        97,
        97,
        97,
        98.45901639344262,
        98,
        98,
        98,
        99.0,
        99,
        99,
        99,
        99,
        99.0,
        98.45901639344262,
        97,
        97,
        97,
        97,
        97.37704918032787,
        97,
        96,
        96.8360655737705,
        96,
        95,
        95,
        95.21311475409836,
        94,
        93.59016393442623
    ]
}