{
    "x": [
        90.75,
        90.75,
        90,
        90,
        90,
        90,
        90,
        90.75,
        90,
        89,
        89,
        89.925,
        90,
        90,
        90,
        90,
        90.75,
        90,
        90.75,
        90,
        90,
        90,
        90,
        90.75,
        90,
        90,
        90,
        90.75,
        90,
        90,
        91,
        91,
        91,
        91.575,
        91,
        91.575,
        91,
        91,
        91,
        91,
        91,
        92.4,
        93,
        93,
        93,
        94.05,
        94,
        94,
        94,
        94,
        94.875,
        96,
        97.35,
        97,
        97,
        97,
        97,
        97.35,
        97,
        97,
        97,
        98.175,
        96,
        94,
        93,
        92,
        91,
        91.575,
        91.575,
        91,
        91,
        92,
        94,
        96,
        97,
        98.175,
        98,
        98,
        99.0,
        98,
        98,
        97,
        97,
        97.35,
        95,
        93,
        89.925,
        90,
        91,
        91,
        92,
        94.875,
        93,
        93,
        92,
        92.4,
        91,
        90,
        89,
        89,
        89,
        89.1,
        84.15,
        83,
        82,
        82,
        81,
        79,
        78.375,
        76,
        75,
        73,
        72.6,
        69,
        68,
        68,
        67,
        66.825,
        63,
        61,
        60.225,
        58,
        57,
        56,
        54,
        53.625,
        51,
        50,
        47.85,
        46,
        45,
        44,
        43,
        42,
        42,
        42.075,
        35.475,
        35,
        35,
        35,
        36,
        36,
        37.95,
        32,
        30,
        29,
        26.4,
        23,
        22,
        22,
        22,
        21.45,
        19,
        17.325,
        14,
        13,
        12,
        7.425,
        7,
        8,
        9.9,
        8,
        8,
        7,
        6,
        6.6,
        4.125,
        3,
        3,
        2,
        1,
        1.65,
        0,
        0,
        0.0
    ],
    "y": [
        0.0,
        3.5538461538461537,
        3,
        4,
        4,
        5,
        6,
        7.107692307692307,
        8,
        8,
        8,
        9.646153846153846,
        11,
        11,
        11,
        11,
        12.692307692307692,
        14,
        16.246153846153845,
        16,
        17,
        17,
        18,
        20.815384615384616,
        20,
        21,
        22,
        24.876923076923077,
        25,
        25,
        26,
        27,
        27,
        28.43076923076923,
        30,
        32.49230769230769,
        32,
        33,
        34,
        34,
        35,
        36.04615384615385,
        38,
        39,
        39,
        40.61538461538461,
        42,
        42,
        43,
        43,
        44.676923076923075,
        46,
        48.738461538461536,
        49,
        49,
        49,
        50,
        52.8,
        53,
        54,
        55,
        57.36923076923077,
        58,
        59,
        59,
        60,
        61,
        62.44615384615385,
        66.50769230769231,
        66,
        66,
        67,
        68,
        68,
        68,
        69.55384615384615,
        71,
        71,
        72.6,
        73,
        74,
        74,
        74,
        75.64615384615385,
        76,
        78,
        81.73846153846154,
        81,
        81,
        81,
        82,
        82.75384615384615,
        83,
        84,
        84,
        85.8,
        86,
        87,
        88,
        88,
        88,
        89.35384615384615,
        91.8923076923077,
        91,
        91,
        92,
        93,
        93,
        94.43076923076923,
        94,
        95,
        95,
        95.95384615384616,
        96,
        96,
        96,
        96,
        97.47692307692307,
        98,
        98,
        99.0,
        98,
        98,
        98,
        98,
        98.49230769230769,
        98,
        98,
        98.49230769230769,
        98,
        98,
        98,
        98,
        98,
        98,
        98.49230769230769,
        97.98461538461538,
        97,
        97,
        97,
        97,
        97,
        97.98461538461538,
        97,
        96,
        96,
        96.46153846153847,
        95,
        94,
        94,
        94,
        94.43076923076923,
        93,
        92.9076923076923,
        92,
        92,
        92,
        91.38461538461539,
        90,
        89,
        87.83076923076923,
        86,
        86,
        85,
        84,
        84.78461538461538,
        83.26153846153846,
        82,
        82,
        81,
        80,
        79.70769230769231,
        78,
        78,
        78.18461538461538
    ]
}