{
    "x": [
        99.0,
        97.96875,
        96,
        96,
        96,
        95,
        95,
        95.90625,
        95,
        95,
        95.90625,
        95,
        95,
        94,
        94,
        94.875,
        94,
        94,
        94.875,
        94,
        94,
        94,
        94.875,
        94,
        94,
        94,
        94.875,
        94,
        94,
        93,
        93,
        93,
        93.84375,
        91.78125,
        91,
        91,
        91,
        91,
        90,
        90.75,
        91,
        91,
        91,
        91.78125,
        92,
        92,
        92,
        92,
        92.8125,
        93,
        93.84375,
        93,
        93,
        93,
        94,
        94.875,
        94,
        95,
        95.90625,
        95,
        95,
        96,
        96,
        96,
        96.9375,
        94,
        92.8125,
        92,
        93,
        94,
        94,
        94,
        95.90625,
        95,
        95,
        95.90625,
        95,
        95,
        95,
        95,
        95.90625,
        96,
        96.9375,
        95,
        95,
        95,
        95,
        94.875,
        94,
        94,
        94,
        93.84375,
        92,
        92,
        91,
        91,
        91,
        91.78125,
        88.6875,
        88,
        88,
        88,
        88,
        87,
        87.65625,
        84,
        82,
        81,
        81.46875,
        79,
        78,
        78,
        77.34375,
        76,
        75,
        73.21875,
        71,
        70,
        70,
        69,
        68.0625,
        65,
        63,
        58.78125,
        56,
        55,
        55,
        53,
        52,
        52.59375,
        45.375,
        44,
        44,
        43,
        41,
        39,
        37.125,
        35,
        34,
        32,
        30.9375,
        27,
        26,
        25,
        25,
        24.75,
        20,
        16.5,
        15,
        14,
        14,
        14,
        12.375,
        11,
        10,
        9,
        9.28125,
        8,
        7,
        6,
        6,
        6.1875,
        5.15625,
        4,
        4,
        3,
        2,
        2.0625,
        2,
        2,
        2.0625,
        1,
        0,
        0,
        0.0
    ],
    "y": [
        0.0,
        0.5380434782608695,
        0,
        0,
        1,
        1,
        1,
        2.152173913043478,
        1,
        1,
        1.6141304347826086,
        1,
        1,
        1,
        1,
        2.152173913043478,
        4,
        4,
        5.918478260869565,
        5,
        5,
        6,
        6.994565217391305,
        6,
        7,
        8,
        10.76086956521739,
        10,
        11,
        11,
        11,
        11,
        12.375,
        15.603260869565217,
        15,
        15,
        16,
        17,
        17,
        18.831521739130434,
        20,
        20,
        21,
        22.597826086956523,
        24,
        24,
        25,
        25,
        26.36413043478261,
        27,
        29.592391304347824,
        30,
        30,
        30,
        31,
        32.82065217391305,
        34,
        37,
        41.42934782608695,
        41,
        41,
        42,
        43,
        43,
        44.119565217391305,
        47,
        50.03804347826087,
        50,
        50,
        51,
        51,
        51,
        52.72826086956522,
        54,
        55,
        57.03260869565217,
        59,
        59,
        59,
        60,
        61.33695652173913,
        64,
        66.71739130434783,
        66,
        67,
        67,
        68,
        71.02173913043478,
        72,
        72,
        73,
        75.32608695652173,
        76,
        77,
        78,
        78,
        79,
        80.16847826086956,
        82.8586956521739,
        82,
        83,
        83,
        84,
        85,
        86.625,
        88,
        88,
        88,
        89.85326086956522,
        92,
        92,
        93,
        94.15760869565217,
        94,
        94,
        95.2336956521739,
        95,
        95,
        95,
        95,
        95.77173913043478,
        96,
        97,
        99.0,
        98,
        98,
        98,
        97,
        97,
        97.38586956521739,
        97.38586956521739,
        97,
        97,
        97,
        97,
        97,
        97.38586956521739,
        96,
        96,
        96,
        96.30978260869566,
        95,
        95,
        95,
        95,
        95.2336956521739,
        94,
        94.69565217391305,
        93,
        93,
        93,
        93,
        92.54347826086956,
        91,
        91,
        90,
        90.3913043478261,
        89,
        89,
        88,
        87,
        87.70108695652173,
        85.01086956521739,
        84,
        84,
        84,
        83,
        83.39673913043478,
        82,
        81,
        80.70652173913044,
        79,
        79,
        79,
        79.09239130434783
    ]
}