{
    "x": [
        98.1,
        97.2,
        97,
        97,
        97,
        97,
        97.2,
        97,
        97,
        98.1,
        98,
        98,
        98,
        99.0,
        98,
        98.1,
        98,
        98,
        98,
        98.1,
        97,
        97,
        97.2,
        97,
        97,
        97,
        97,
        97.2,
        97,
        97.2,
        96,
        96,
        96,
        96,
        96.3,
        95,
        95,
        95.4,
        95,
        95,
        95,
        95.4,
        94,
        93.6,
        93,
        93,
        93,
        93.6,
        93,
        94,
        94.5,
        94,
        94,
        94,
        94,
        95.4,
        97.2,
        97,
        97,
        97,
        97,
        97,
        97.2,
        97,
        97,
        97.2,
        96,
        95,
        95,
        95.4,
        96,
        97.2,
        96,
        96,
        96,
        96.3,
        95,
        95,
        95.4,
        94,
        94,
        93,
        92,
        92.7,
        88.2,
        88,
        88,
        88,
        88,
        88,
        88.2,
        87,
        87,
        87.3,
        87,
        87,
        87,
        87.3,
        85,
        83.7,
        82,
        82,
        82,
        81.0,
        80,
        80,
        80.1,
        78,
        77,
        75,
        74,
        74.7,
        69.3,
        68,
        67,
        66,
        66,
        64,
        63.9,
        60,
        58,
        57.6,
        54,
        53,
        53,
        52.2,
        49,
        46.8,
        44,
        43,
        43,
        40.5,
        38,
        37,
        35.1,
        33,
        32,
        30,
        29,
        29.7,
        24.3,
        23,
        22,
        21,
        20,
        19,
        18.9,
        17,
        16,
        15.3,
        13,
        12,
        11,
        10.8,
        9,
        8.1,
        7,
        6,
        6,
        5.4,
        4,
        4,
        3.6,
        3,
        3,
        2,
        2,
        2.7,
        0.9,
        0,
        0,
        0,
        0,
        0,
        0.0
    ],
    "y": [
        1.0476190476190477,
        1.0476190476190477,
        1,
        1,
        1,
        1,
        1.5714285714285714,
        1,
        1,
        1.0476190476190477,
        0,
        0,
        0,
        0.0,
        1,
        2.619047619047619,
        2,
        2,
        3,
        5.238095238095238,
        5,
        6,
        6.809523809523809,
        6,
        7,
        7,
        7,
        8.904761904761905,
        9,
        9.952380952380953,
        9,
        10,
        11,
        12,
        13.619047619047619,
        15,
        16,
        17.285714285714285,
        18,
        18,
        19,
        20.428571428571427,
        21,
        23.047619047619047,
        23,
        23,
        24,
        25.666666666666668,
        26,
        27,
        29.857142857142858,
        30,
        31,
        32,
        32,
        33.0,
        39.80952380952381,
        39,
        40,
        41,
        43,
        45,
        47.666666666666664,
        48,
        49,
        50.285714285714285,
        53,
        53,
        54,
        56.04761904761905,
        57,
        58.142857142857146,
        58,
        58,
        59,
        61.80952380952381,
        62,
        63,
        65.47619047619048,
        66,
        68,
        69,
        70,
        71.23809523809524,
        74.9047619047619,
        74,
        74,
        75,
        76,
        76,
        77.52380952380952,
        79,
        80,
        81.71428571428571,
        83,
        83,
        83,
        84.85714285714286,
        86,
        88.52380952380952,
        88,
        88,
        89,
        91.14285714285714,
        91,
        92,
        93.23809523809524,
        93,
        94,
        94,
        94,
        94.80952380952381,
        96.38095238095238,
        96,
        96,
        96,
        96,
        96,
        96.9047619047619,
        96,
        96,
        96.38095238095238,
        96,
        96,
        96,
        97.42857142857143,
        96,
        96.38095238095238,
        96,
        96,
        97,
        99.0,
        98,
        97,
        96.38095238095238,
        95,
        95,
        94,
        94,
        94.80952380952381,
        94.28571428571429,
        93,
        93,
        93,
        92,
        92,
        92.19047619047619,
        90,
        89,
        89.57142857142857,
        89,
        88,
        88,
        88.52380952380952,
        86,
        85.38095238095238,
        84,
        83,
        83,
        82.23809523809524,
        81,
        80,
        78.04761904761905,
        77,
        77,
        76,
        75,
        75.95238095238095,
        74.38095238095238,
        73,
        73,
        73,
        72,
        72,
        72.80952380952381
    ]
}