{
    "x": [
        86.0,
        86.0,
        86,
        86,
        86,
        86,
        86,
        87.0,
        84,
        83,
        83,
        82.0,
        85,
        85,
        85,
        86,
        88.0,
        88,
        89.0,
        89,
        89,
        89,
        89,
        90.0,
        90,
        90,
        90,
        90.0,
        90,
        90,
        90,
        90,
        90,
        90.0,
        91,
        93.0,
        93,
        93,
        93,
        93,
        93,
        94.0,
        94,
        94,
        94,
        94.0,
        95,
        95,
        95,
        95,
        96.0,
        96,
        97.0,
        96,
        96,
        96,
        96,
        96.0,
        96,
        96,
        96,
        97.0,
        95,
        94,
        93,
        93,
        92,
        92.0,
        99.0,
        99,
        99,
        99,
        99,
        99,
        99,
        99.0,
        99,
        99,
        99.0,
        98,
        98,
        98,
        98,
        98.0,
        98,
        98,
        98.0,
        98,
        98,
        98,
        98,
        98.0,
        97,
        97,
        97,
        97.0,
        96,
        96,
        96,
        96,
        96,
        96.0,
        94.0,
        93,
        93,
        93,
        92,
        91,
        90.0,
        89,
        88,
        87,
        86.0,
        82,
        81,
        81,
        80,
        79.0,
        76,
        74,
        73.0,
        71,
        70,
        70,
        68,
        67.0,
        65,
        63,
        59.0,
        58,
        57,
        55,
        53,
        52,
        52,
        52.0,
        45.0,
        44,
        43,
        42,
        42,
        40,
        39.0,
        36,
        35,
        34,
        33.0,
        29,
        28,
        27,
        27,
        26.0,
        24,
        22.0,
        21,
        21,
        20,
        20,
        18.0,
        17,
        17,
        16,
        14.0,
        13,
        12,
        12,
        11,
        10,
        10.0,
        0.0,
        0,
        1,
        2,
        3,
        5.0
    ],
    "y": [
        0.0,
        1.010204081632653,
        1,
        1,
        1,
        1,
        1,
        1.5153061224489797,
        2,
        2,
        2,
        3.0306122448979593,
        2,
        2,
        2,
        2,
        2.020408163265306,
        2,
        3.5357142857142856,
        3,
        4,
        4,
        5,
        6.566326530612245,
        6,
        7,
        8,
        10.10204081632653,
        10,
        10,
        11,
        12,
        12,
        13.13265306122449,
        14,
        16.163265306122447,
        16,
        16,
        17,
        17,
        17,
        18.68877551020408,
        20,
        21,
        21,
        22.729591836734695,
        25,
        25,
        26,
        26,
        27.275510204081634,
        29,
        31.821428571428573,
        32,
        32,
        32,
        33,
        35.357142857142854,
        36,
        36,
        37,
        39.39795918367347,
        40,
        42,
        42,
        43,
        43,
        44.954081632653065,
        48.48979591836735,
        48,
        48,
        49,
        51,
        52,
        52,
        53.54081632653061,
        56,
        57,
        59.0969387755102,
        60,
        61,
        61,
        62,
        63.642857142857146,
        64,
        65,
        68.18877551020408,
        69,
        69,
        69,
        70,
        73.23979591836735,
        74,
        75,
        76,
        77.28061224489795,
        78,
        79,
        80,
        80,
        80,
        81.32142857142857,
        84.85714285714286,
        84,
        84,
        85,
        86,
        86,
        87.88775510204081,
        88,
        89,
        90,
        91.4234693877551,
        92,
        92,
        92,
        93,
        94.45408163265306,
        95,
        95,
        95.96938775510205,
        96,
        96,
        97,
        97,
        98.49489795918367,
        98,
        98,
        99.0,
        99,
        99,
        99,
        99,
        99,
        99,
        99.0,
        98.49489795918367,
        98,
        98,
        98,
        98,
        97,
        97.98979591836735,
        96,
        95,
        95,
        95.96938775510205,
        94,
        93,
        93,
        93,
        93.4438775510204,
        92,
        90.91836734693878,
        89,
        89,
        89,
        89,
        87.38265306122449,
        86,
        86,
        86,
        84.85714285714286,
        83,
        83,
        83,
        82,
        82,
        82.83673469387755,
        82.33163265306122,
        81,
        81,
        80,
        79,
        78.79591836734694
    ]
}