{
    "x": [
        95.04,
        93.06,
        92,
        92,
        92,
        92,
        92.07,
        92,
        92,
        93.06,
        93,
        93,
        93,
        94.05,
        94,
        94.05,
        94,
        94,
        94,
        94.05,
        93,
        93,
        92.07,
        91,
        91,
        90,
        90,
        90.09,
        90.09,
        89,
        89,
        89,
        89,
        89.1,
        89,
        89,
        89.1,
        89,
        89,
        89,
        90.09,
        89,
        89.1,
        89,
        89,
        89,
        90.09,
        90,
        91,
        92.07,
        92,
        92,
        92,
        92,
        92.07,
        94.05,
        94,
        94,
        94,
        94,
        94.05,
        94,
        94,
        94.05,
        94,
        94,
        94,
        94.05,
        95,
        96.03,
        96,
        96,
        96,
        96.03,
        96,
        96,
        97.02,
        97,
        98,
        98,
        98,
        99.0,
        99.0,
        98,
        98,
        98,
        98,
        98.01,
        98,
        98,
        99.0,
        98,
        98,
        98,
        98.01,
        98,
        99.0,
        98,
        98,
        98,
        97.02,
        97,
        97,
        97.02,
        96,
        95,
        94,
        94,
        94.05,
        90.09,
        89,
        88,
        87,
        86,
        85.14,
        81,
        79,
        78.21,
        74,
        73,
        72,
        71.28,
        67,
        63.36,
        61,
        60,
        59,
        55.44,
        53,
        51,
        47.52,
        45,
        43,
        41,
        40,
        39.6,
        31.68,
        30,
        29,
        28,
        26,
        25.74,
        22,
        20,
        18.81,
        16,
        15,
        15,
        14.85,
        12,
        10.89,
        9,
        8,
        8,
        6.93,
        5,
        4,
        2.97,
        2,
        2,
        1,
        1,
        1.98,
        0.99,
        0,
        0,
        0,
        0,
        0.99,
        0,
        0.0,
        0,
        0,
        0.0,
        1.98
    ],
    "y": [
        0.0,
        0.4782608695652174,
        0,
        0,
        0,
        0,
        1.434782608695652,
        1,
        0,
        0.9565217391304348,
        0,
        0,
        0,
        0.4782608695652174,
        1,
        1.9130434782608696,
        2,
        2,
        3,
        4.782608695652174,
        5,
        6,
        8.608695652173912,
        8,
        9,
        9,
        9,
        10.521739130434783,
        13.391304347826088,
        13,
        14,
        15,
        15,
        16.73913043478261,
        18,
        19,
        20.08695652173913,
        21,
        21,
        21,
        22.47826086956522,
        24,
        25.82608695652174,
        26,
        26,
        27,
        28.695652173913043,
        29,
        30,
        33.0,
        33,
        34,
        35,
        35,
        36.82608695652174,
        39.21739130434783,
        39,
        39,
        40,
        40,
        41.608695652173914,
        43,
        43,
        44.95652173913044,
        46,
        46,
        46,
        47.82608695652174,
        49,
        51.17391304347826,
        51,
        51,
        52,
        53.56521739130435,
        54,
        55,
        57.391304347826086,
        57,
        58,
        59,
        59,
        60.26086956521739,
        64.08695652173913,
        64,
        64,
        65,
        66,
        67.43478260869566,
        69,
        69,
        70.78260869565217,
        72,
        72,
        73,
        75.08695652173913,
        76,
        78.43478260869566,
        79,
        79,
        80,
        82.26086956521739,
        82,
        83,
        85.1304347826087,
        85,
        86,
        87,
        87,
        88.0,
        90.3913043478261,
        90,
        90,
        91,
        91,
        92.78260869565217,
        93,
        94,
        95.17391304347827,
        95,
        95,
        95,
        96.6086956521739,
        97,
        98.04347826086956,
        98,
        98,
        98,
        98.04347826086956,
        98,
        98,
        98.04347826086956,
        98,
        98,
        98,
        98,
        98.52173913043478,
        99.0,
        98,
        98,
        98,
        97,
        97.56521739130434,
        96,
        96,
        96.1304347826087,
        94,
        93,
        93,
        93.73913043478261,
        93,
        92.30434782608695,
        91,
        91,
        91,
        90.3913043478261,
        89,
        88,
        87.52173913043478,
        86,
        86,
        85,
        84,
        84.65217391304348,
        83.21739130434783,
        82,
        82,
        82,
        81,
        80.82608695652173,
        80,
        80.82608695652173,
        80,
        80,
        80.34782608695652,
        79.8695652173913
    ]
}