{
    "x": [
        92.07,
        92.07,
        92,
        92,
        92,
        92,
        93.06,
        93,
        93,
        93.06,
        93,
        93,
        93,
        93.06,
        92,
        92.07,
        92,
        92,
        92,
        93.06,
        94,
        95,
        97.02,
        96,
        95,
        94,
        93,
        93.06,
        92.07,
        91,
        91,
        91,
        91,
        91.08,
        92,
        92,
        93.06,
        94,
        94,
        95,
        96.03,
        93,
        91.08,
        91,
        91,
        91,
        92.07,
        91,
        91,
        90.09,
        90,
        91,
        91,
        91,
        92.07,
        93.06,
        93,
        93,
        93,
        93,
        94.05,
        93,
        93,
        93.06,
        92,
        92,
        92,
        92.07,
        94,
        96.03,
        95,
        95,
        95,
        95.04,
        95,
        95,
        96.03,
        96,
        97,
        97,
        97,
        98.01,
        98.01,
        98,
        98,
        98,
        98,
        99.0,
        99,
        99,
        99.0,
        98,
        97,
        97,
        97.02,
        96,
        96.03,
        95,
        95,
        95,
        94.05,
        93,
        92,
        91.08,
        90,
        89,
        88,
        88,
        88.11,
        82.17,
        81,
        80,
        79,
        77,
        76.23,
        72,
        70,
        69.3,
        65,
        64,
        63,
        61.38,
        58,
        55.44,
        53,
        52,
        51,
        47.52,
        45,
        43,
        39.6,
        37,
        36,
        34,
        33,
        33.66,
        27.72,
        26,
        26,
        25,
        23,
        22.77,
        20,
        18,
        17.82,
        15,
        14,
        14,
        13.86,
        11,
        9.9,
        8,
        8,
        8,
        6.93,
        5,
        5,
        4.95,
        3,
        3,
        2,
        1,
        1.98,
        0.0,
        0,
        0,
        0,
        0,
        0.99,
        0,
        0,
        0.99,
        0,
        0,
        0.99
    ],
    "y": [
        0.0,
        0.48292682926829267,
        0,
        0,
        0,
        0,
        0.9658536585365853,
        0,
        0,
        0.9658536585365853,
        0,
        0,
        0,
        0.9658536585365853,
        1,
        1.448780487804878,
        1,
        1,
        2,
        4.3463414634146345,
        4,
        5,
        5.795121951219512,
        5,
        6,
        6,
        6,
        7.726829268292683,
        9.658536585365853,
        9,
        10,
        11,
        11,
        12.55609756097561,
        14,
        14,
        15.453658536585365,
        16,
        16,
        16,
        17.86829268292683,
        19,
        21.73170731707317,
        22,
        22,
        23,
        24.629268292682926,
        26,
        28,
        31.87317073170732,
        32,
        33,
        33,
        33,
        34.770731707317076,
        38.63414634146341,
        38,
        38,
        39,
        40,
        41.048780487804876,
        42,
        42,
        43.94634146341463,
        45,
        45,
        46,
        47.326829268292684,
        49,
        51.19024390243902,
        51,
        51,
        52,
        54.57073170731707,
        55,
        56,
        57.46829268292683,
        57,
        58,
        58,
        58,
        59.4,
        63.74634146341464,
        63,
        63,
        64,
        64,
        65.6780487804878,
        67,
        68,
        70.02439024390245,
        71,
        71,
        71,
        72.4390243902439,
        74,
        75.81951219512194,
        76,
        76,
        77,
        80.16585365853659,
        81,
        82,
        84.99512195121952,
        84,
        85,
        85,
        85,
        86.44390243902438,
        89.82439024390244,
        89,
        90,
        91,
        91,
        92.72195121951219,
        94,
        95,
        96.58536585365853,
        96,
        96,
        96,
        96.58536585365853,
        96,
        97.06829268292682,
        97,
        97,
        98,
        99.0,
        99,
        99,
        99.0,
        99,
        99,
        99,
        99,
        99.0,
        97.55121951219512,
        97,
        97,
        97,
        96,
        96.58536585365853,
        96,
        95,
        95.61951219512196,
        94,
        93,
        93,
        93.68780487804878,
        93,
        92.72195121951219,
        91,
        91,
        91,
        90.30731707317074,
        89,
        89,
        88.85853658536585,
        88,
        88,
        87,
        87,
        87.40975609756097,
        86.92682926829268,
        85,
        85,
        85,
        84,
        84.51219512195122,
        84,
        84,
        84.99512195121952,
        84,
        84,
        84.51219512195122
    ]
}