{
    "x": [
        0.0,
        0.55,
        0,
        1,
        2.75,
        3,
        4.95,
        6,
        7,
        8.25,
        9,
        11.55,
        12,
        13,
        15.4,
        17,
        19.25,
        21,
        22,
        23.65,
        28.05,
        28,
        29,
        30,
        32.45,
        34,
        36.85,
        38,
        39,
        40.7,
        44.55,
        45,
        45,
        46,
        48.4,
        50,
        52.25,
        54,
        55,
        56.65,
        61.05,
        62,
        63,
        64,
        66.55,
        68,
        70.95,
        73,
        74,
        75.9,
        80.3,
        81,
        82,
        85.25,
        86,
        87,
        89.65,
        91,
        92,
        93.5,
        96.25,
        96,
        97,
        98.45,
        98,
        98,
        99.0,
        97,
        96,
        96.25,
        96.8,
        95,
        95,
        94.05,
        92,
        90.2,
        89,
        88,
        87,
        86.35,
        81.95,
        80,
        80,
        78.1,
        75,
        73.15,
        70,
        69,
        69,
        68.2,
        64.35,
        63,
        62,
        61.05,
        59,
        58.3,
        57,
        56,
        56,
        56.1,
        53.9,
        53,
        53,
        52.8,
        51,
        51.15,
        50,
        50,
        50.6,
        50,
        49.5,
        49,
        49,
        48.95,
        48,
        48.4,
        48,
        48,
        48.4,
        48.95,
        48,
        48,
        48,
        48.95,
        49,
        49.5,
        49,
        48,
        48.95,
        49.5,
        49,
        49,
        49,
        49.5,
        49,
        50.05,
        50,
        50,
        50.05,
        50.05,
        50,
        50,
        50,
        50.6,
        50,
        51.15,
        51,
        51,
        51.7,
        51.7,
        51,
        51,
        51.7,
        51,
        51,
        52.25,
        52,
        52,
        52.8,
        53.35,
        53,
        53,
        53.35,
        53,
        53,
        53.35,
        53,
        53,
        53.35,
        53.35,
        53,
        53,
        53.9,
        53,
        53.9
    ],
    "y": [
        4.764705882352941,
        4.764705882352941,
        4,
        4,
        4.764705882352941,
        4,
        4.235294117647059,
        3,
        3,
        3.7058823529411766,
        3,
        3.176470588235294,
        3,
        3,
        3.176470588235294,
        3,
        3.176470588235294,
        2,
        2,
        2.6470588235294117,
        2.6470588235294117,
        2,
        2,
        2,
        2.1176470588235294,
        1,
        1.588235294117647,
        1,
        1,
        1.588235294117647,
        2.1176470588235294,
        2,
        2,
        2,
        2.1176470588235294,
        2,
        2.1176470588235294,
        1,
        1,
        1.588235294117647,
        1.588235294117647,
        1,
        1,
        1,
        1.588235294117647,
        1,
        1.588235294117647,
        1,
        1,
        1.0588235294117647,
        1.0588235294117647,
        1,
        1,
        1.0588235294117647,
        1,
        1,
        1.0588235294117647,
        0,
        0,
        0.5294117647058824,
        0.5294117647058824,
        0,
        0,
        0.0,
        0,
        0,
        0.0,
        1,
        2,
        3.176470588235294,
        0.0,
        0,
        0,
        0.0,
        0,
        0.0,
        0,
        0,
        0,
        0.5294117647058824,
        0.5294117647058824,
        0,
        0,
        1.0588235294117647,
        0,
        0.5294117647058824,
        0,
        0,
        0,
        1.0588235294117647,
        1.588235294117647,
        1,
        1,
        2.1176470588235294,
        2,
        2.6470588235294117,
        2,
        2,
        2,
        2.6470588235294117,
        2.6470588235294117,
        2,
        3,
        4.235294117647059,
        5,
        5.823529411764706,
        6,
        6,
        7.411764705882353,
        8,
        10.058823529411764,
        10,
        11,
        12.705882352941176,
        14,
        15.352941176470589,
        16,
        17,
        18.529411764705884,
        21.705882352941178,
        21,
        22,
        23,
        24.88235294117647,
        26,
        28.058823529411764,
        29,
        30,
        31.764705882352942,
        34.94117647058823,
        35,
        35,
        36,
        38.64705882352941,
        40,
        41.8235294117647,
        43,
        44,
        46.05882352941177,
        49.76470588235294,
        50,
        52,
        53,
        54.529411764705884,
        56,
        58.23529411764706,
        60,
        61,
        62.470588235294116,
        66.70588235294117,
        67,
        68,
        70.94117647058823,
        71,
        72,
        74.6470588235294,
        76,
        77,
        78.88235294117646,
        82.58823529411765,
        83,
        84,
        85.76470588235294,
        87,
        88,
        90.0,
        91,
        92,
        93.17647058823529,
        95.82352941176471,
        95,
        96,
        97.94117647058823,
        98,
        99.0
    ]
}