{
    "x": [
        0.0,
        1.65,
        1,
        2,
        3.85,
        4,
        5,
        7.7,
        9,
        10,
        11.0,
        12,
        14.85,
        15,
        16,
        18.7,
        20,
        21,
        22.55,
        24,
        25,
        26.95,
        31.35,
        31,
        32,
        33,
        36.3,
        38,
        40.7,
        41,
        43,
        44,
        45.65,
        50.05,
        51,
        51,
        52,
        55.55,
        59,
        63.8,
        64,
        64,
        64,
        64.9,
        69.3,
        70,
        72,
        73,
        74.8,
        77,
        79.2,
        81,
        82,
        83,
        84.15,
        88.55,
        89,
        90,
        92.4,
        93,
        94,
        96.25,
        97,
        97,
        98.45,
        98,
        99.0,
        98,
        97,
        95.15,
        96,
        96,
        97.35,
        95,
        94,
        94.6,
        91.3,
        90,
        90,
        89,
        87.45,
        85,
        83.05,
        82,
        82,
        82,
        82.5,
        74.25,
        73,
        72,
        72,
        69.85,
        67,
        66.0,
        64,
        63,
        63,
        62.7,
        59.4,
        58,
        58,
        57,
        56.65,
        55,
        55.0,
        53,
        52,
        52,
        52.8,
        51.7,
        51,
        51,
        51.15,
        50,
        50,
        50.6,
        50,
        50,
        50.05,
        50,
        50.05,
        50,
        50,
        50.05,
        50,
        50,
        50.05,
        50,
        50,
        50.05,
        49.5,
        49,
        49,
        49,
        49.5,
        49,
        50.05,
        50,
        50,
        50,
        50.05,
        51.15,
        51,
        51,
        51,
        51.15,
        51,
        51.7,
        51,
        51,
        51,
        52.25,
        52.8,
        52,
        53,
        53,
        53.35,
        53,
        53.9,
        54,
        54,
        54.45,
        55.0,
        55,
        55,
        56.1,
        56,
        56.1,
        56,
        56,
        56.1,
        56.1,
        56,
        56,
        56.1
    ],
    "y": [
        3.9152542372881354,
        4.47457627118644,
        4,
        4,
        4.47457627118644,
        3,
        3,
        3.3559322033898304,
        3,
        2,
        2.7966101694915255,
        2,
        2.7966101694915255,
        2,
        3,
        3.3559322033898304,
        3,
        3,
        3.3559322033898304,
        3,
        3,
        3.3559322033898304,
        2.23728813559322,
        1,
        1,
        1,
        1.6779661016949152,
        1,
        1.6779661016949152,
        1,
        1,
        1,
        1.6779661016949152,
        1.6779661016949152,
        1,
        1,
        1,
        1.6779661016949152,
        1,
        0.559322033898305,
        1,
        1,
        1,
        1.6779661016949152,
        1.6779661016949152,
        1,
        1,
        1,
        1.6779661016949152,
        1,
        1.11864406779661,
        1,
        1,
        1,
        1.11864406779661,
        1.11864406779661,
        1,
        1,
        1.11864406779661,
        1,
        1,
        1.11864406779661,
        0,
        0,
        0.0,
        0,
        0.0,
        0,
        0,
        1.11864406779661,
        1,
        1,
        1.11864406779661,
        0,
        0,
        0.559322033898305,
        0.559322033898305,
        0,
        0,
        0,
        0.559322033898305,
        0,
        0.559322033898305,
        0,
        0,
        0,
        1.11864406779661,
        1.6779661016949152,
        1,
        1,
        1,
        1.6779661016949152,
        1,
        1.11864406779661,
        1,
        1,
        1,
        1.11864406779661,
        1.6779661016949152,
        1,
        1,
        1,
        2.23728813559322,
        2,
        2.23728813559322,
        2,
        2,
        2,
        2.7966101694915255,
        4.47457627118644,
        4,
        5,
        6.1525423728813555,
        6,
        7,
        8.389830508474576,
        9,
        10,
        11.186440677966102,
        12,
        13.983050847457626,
        14,
        15,
        17.338983050847457,
        19,
        19,
        20.694915254237287,
        22,
        23,
        25.16949152542373,
        29.084745762711865,
        29,
        30,
        31,
        33.559322033898304,
        36,
        38.59322033898305,
        39,
        41,
        42,
        43.6271186440678,
        48.101694915254235,
        49,
        49,
        50,
        53.69491525423729,
        56,
        58.728813559322035,
        61,
        61,
        62,
        64.32203389830508,
        69.35593220338983,
        70,
        72,
        73,
        74.94915254237289,
        77,
        79.42372881355932,
        81,
        82,
        84.45762711864407,
        87.8135593220339,
        88,
        89,
        91.16949152542372,
        92,
        93.40677966101696,
        94,
        94,
        95.64406779661017,
        97.88135593220339,
        97,
        98,
        99.0
    ]
}