{
    "x": [
        0.0,
        1.1,
        1,
        1,
        2.75,
        4,
        5.5,
        6,
        7,
        8.25,
        11.55,
        11,
        12,
        14.3,
        16,
        18.15,
        19,
        20,
        21.45,
        25.3,
        25,
        26,
        27,
        29.7,
        31,
        33.55,
        35,
        36,
        37.95,
        42.35,
        43,
        44,
        46.75,
        49,
        51.7,
        54,
        55,
        56.65,
        61.6,
        62,
        63,
        64,
        66.0,
        68,
        70.4,
        72,
        73,
        74.8,
        79.2,
        80,
        81,
        83.6,
        86,
        88.55,
        90,
        91,
        92.4,
        95.7,
        95,
        96,
        97.9,
        98,
        98,
        99.0,
        99,
        99,
        99.0,
        97.9,
        96,
        96,
        95.7,
        94,
        92.4,
        90,
        89,
        89.1,
        85.25,
        84,
        83,
        80.85,
        78,
        75.9,
        73,
        72,
        71,
        70.95,
        67.1,
        66,
        65,
        63.25,
        61,
        59.95,
        58,
        57,
        57.2,
        55.0,
        54,
        53,
        52.8,
        51,
        50.6,
        50,
        50,
        50.05,
        49,
        49.5,
        49,
        49,
        48.95,
        48,
        48.95,
        48,
        48,
        48.95,
        48.4,
        48,
        48,
        48.95,
        48,
        48.95,
        49,
        49,
        49.5,
        50.05,
        50,
        50,
        50,
        50.05,
        50,
        50.6,
        50,
        50,
        50.6,
        51.15,
        51,
        51,
        51.15,
        51,
        51.15,
        51,
        51,
        51.7,
        52.25,
        52,
        52,
        53.35,
        53,
        53,
        53.35,
        53,
        53,
        53.9,
        53.9,
        53,
        54,
        54.45,
        54,
        53.9,
        53,
        53,
        53.9,
        53.9,
        53,
        53,
        53.9,
        53,
        53.35,
        53,
        53,
        52,
        52.8,
        52.8,
        52,
        52,
        52.8
    ],
    "y": [
        4.477386934673367,
        4.974874371859296,
        4,
        4,
        4.477386934673367,
        4,
        3.979899497487437,
        3,
        3,
        3.4824120603015074,
        2.487437185929648,
        2,
        2,
        2.9849246231155777,
        2,
        2.9849246231155777,
        2,
        2,
        2.9849246231155777,
        2.487437185929648,
        2,
        2,
        2,
        1.9899497487437185,
        1,
        1.9899497487437185,
        1,
        1,
        1.9899497487437185,
        2.9849246231155777,
        2,
        2,
        2.487437185929648,
        2,
        1.9899497487437185,
        1,
        1,
        1.9899497487437185,
        1.4924623115577889,
        1,
        1,
        1,
        1.4924623115577889,
        1,
        1.4924623115577889,
        1,
        1,
        1.9899497487437185,
        1.4924623115577889,
        1,
        1,
        1.4924623115577889,
        1,
        0.9949748743718593,
        0,
        0,
        0.9949748743718593,
        0.49748743718592964,
        0,
        0,
        0.0,
        0,
        0,
        0.0,
        0,
        0,
        0.49748743718592964,
        0.49748743718592964,
        0,
        0,
        0.49748743718592964,
        0,
        0.49748743718592964,
        0,
        0,
        0.0,
        0.0,
        0,
        0,
        0.49748743718592964,
        0,
        0.49748743718592964,
        0,
        0,
        0,
        0.9949748743718593,
        0.9949748743718593,
        0,
        0,
        0.9949748743718593,
        0,
        0.9949748743718593,
        0,
        0,
        0.9949748743718593,
        1.4924623115577889,
        1,
        1,
        2.487437185929648,
        2,
        3.4824120603015074,
        4,
        4,
        4.974874371859296,
        5,
        6.467336683417085,
        6,
        7,
        8.457286432160805,
        9,
        10.447236180904522,
        11,
        12,
        13.4321608040201,
        16.417085427135678,
        17,
        18,
        19.899497487437184,
        21,
        23.381909547738694,
        24,
        25,
        26.366834170854272,
        29.849246231155778,
        30,
        30,
        31,
        33.33165829145729,
        35,
        37.80904522613066,
        39,
        40,
        41.78894472361809,
        46.266331658291456,
        47,
        48,
        50.246231155778894,
        52,
        54.22613065326633,
        56,
        57,
        58.7035175879397,
        62.185929648241206,
        63,
        64,
        66.16582914572864,
        66,
        67,
        69.64824120603015,
        71,
        72,
        73.13065326633166,
        76.61306532663316,
        77,
        78,
        80.5929648241206,
        82,
        84.07537688442211,
        85,
        86,
        87.55778894472361,
        90.5427135678392,
        91,
        92,
        93.52763819095478,
        94,
        96.01507537688443,
        96,
        96,
        96,
        97.50753768844221,
        98.50251256281408,
        98,
        98,
        99.0
    ]
}