{
    "x": [
        0.0,
        2.4,
        3,
        3,
        4,
        6.0,
        8,
        9,
        10.2,
        12,
        13,
        14,
        15.0,
        20.4,
        21,
        21,
        22,
        25.2,
        27,
        28,
        30.6,
        33,
        34,
        35,
        36.0,
        41.4,
        42,
        43,
        44,
        47.4,
        50,
        51,
        53.4,
        56,
        57,
        58,
        59.4,
        69.6,
        69,
        69,
        70,
        71.4,
        74,
        75,
        76.8,
        77,
        77,
        77,
        78.6,
        87.6,
        88,
        88,
        89,
        91.8,
        93,
        94,
        95.4,
        96,
        96,
        96,
        97.8,
        99.0,
        99,
        99,
        99,
        99.0,
        98,
        97,
        97.2,
        95,
        94,
        94,
        94.2,
        91.2,
        89,
        88,
        88,
        86.4,
        84,
        83,
        82.2,
        80,
        79,
        78,
        78.0,
        72.6,
        71,
        70,
        70,
        67.8,
        65,
        64,
        63.0,
        60,
        59,
        58,
        58.8,
        55.2,
        53,
        52,
        51,
        48.6,
        48,
        48,
        49.2,
        47,
        46,
        45,
        45.6,
        43.8,
        42,
        42,
        42,
        42.0,
        41,
        40,
        40.2,
        39,
        39,
        39,
        39.6,
        39.0,
        39,
        39,
        39,
        39.0,
        39,
        39,
        39.0,
        39,
        39,
        39,
        39.0,
        40.2,
        40,
        40,
        40,
        40.8,
        41,
        41,
        41.4,
        42,
        42,
        42,
        42.6,
        42.6,
        42,
        42,
        42,
        42.6,
        42,
        42,
        43.2,
        43,
        43,
        43.8,
        44.4,
        44,
        44,
        44.4,
        44,
        44.4,
        44,
        44,
        44.4,
        45.0,
        45,
        45,
        45.6,
        45,
        46.2,
        46,
        46,
        46.2,
        46.2
    ],
    "y": [
        2.4294478527607364,
        3.03680981595092,
        3,
        3,
        3,
        3.644171779141104,
        3,
        2,
        2.4294478527607364,
        1,
        1,
        1,
        1.2147239263803682,
        1.822085889570552,
        1,
        1,
        1,
        1.822085889570552,
        2,
        2,
        3.03680981595092,
        2,
        2,
        2,
        2.4294478527607364,
        2.4294478527607364,
        2,
        2,
        2,
        2.4294478527607364,
        2,
        2,
        2.4294478527607364,
        2,
        2,
        2,
        2.4294478527607364,
        1.822085889570552,
        1,
        1,
        1,
        1.822085889570552,
        1,
        1,
        1.2147239263803682,
        1,
        1,
        1,
        2.4294478527607364,
        1.822085889570552,
        1,
        1,
        1,
        1.822085889570552,
        1,
        1,
        1.2147239263803682,
        0,
        0,
        0,
        0.6073619631901841,
        0.6073619631901841,
        0,
        0,
        0,
        0.6073619631901841,
        0,
        0,
        1.2147239263803682,
        1,
        1,
        1,
        1.2147239263803682,
        0.6073619631901841,
        0,
        0,
        0,
        0.6073619631901841,
        0,
        0,
        1.2147239263803682,
        1,
        1,
        1,
        1.2147239263803682,
        0.6073619631901841,
        0,
        0,
        0,
        0.6073619631901841,
        0,
        0,
        0.6073619631901841,
        0,
        0,
        0,
        0.6073619631901841,
        0.6073619631901841,
        0,
        0,
        1,
        3.03680981595092,
        1,
        0,
        0.0,
        0,
        0,
        0,
        0.0,
        1.2147239263803682,
        1,
        1,
        1,
        2.4294478527607364,
        3,
        3,
        4.251533742331288,
        5,
        5,
        5,
        6.07361963190184,
        9.110429447852761,
        9,
        9,
        10,
        12.14723926380368,
        13,
        14,
        15.791411042944786,
        18,
        19,
        19,
        20.650306748466257,
        24.29447852760736,
        25,
        25,
        26,
        28.54601226993865,
        30,
        31,
        33.40490797546012,
        36,
        37,
        37,
        38.87116564417178,
        43.73006134969325,
        44,
        45,
        46,
        48.58895705521472,
        51,
        52,
        53.4478527607362,
        56,
        57,
        58.91411042944785,
        64.38036809815951,
        65,
        67,
        70.45398773006134,
        74,
        77.74233128834356,
        80,
        81,
        83.20858895705521,
        88.06748466257669,
        89,
        90,
        92.31901840490798,
        94,
        95.96319018404908,
        96,
        96,
        97.78527607361963,
        99.0
    ]
}