{
    "x": [
        0.0,
        0.0,
        0,
        0,
        1.65,
        1,
        2.2,
        3,
        3,
        4.4,
        5.5,
        5,
        6,
        7.15,
        9,
        11.0,
        12,
        12,
        13.75,
        16.5,
        16,
        16,
        17,
        19.25,
        21,
        24.2,
        26,
        27,
        28.6,
        33.0,
        34,
        35,
        37.4,
        39,
        41.8,
        43,
        44,
        45.65,
        50.6,
        51,
        53,
        54,
        55.55,
        58,
        60.5,
        61,
        62,
        63.25,
        70.4,
        71,
        72,
        74.8,
        77,
        79.75,
        82,
        83,
        85.25,
        88.55,
        89,
        91,
        94.6,
        95,
        96,
        97.35,
        98,
        98,
        99.0,
        98.45,
        97,
        97,
        96.25,
        94,
        93.5,
        90,
        88,
        87.45,
        85.8,
        84,
        83,
        81.4,
        79,
        77.0,
        74,
        73,
        72,
        71.5,
        67.1,
        65,
        64,
        62.7,
        61,
        59.4,
        57,
        56,
        55.55,
        52.8,
        51,
        51,
        50.6,
        49,
        48.95,
        48,
        47,
        47.3,
        47,
        47.3,
        47,
        47,
        47.85,
        47,
        47.85,
        47,
        47,
        47.85,
        47.85,
        47,
        48,
        49.5,
        48,
        46.75,
        46,
        46,
        46.75,
        46.75,
        46,
        46,
        46,
        46.75,
        46,
        46.75,
        47,
        47,
        47.3,
        47.3,
        47,
        47,
        46.75,
        46,
        46.75,
        46,
        45,
        45.65,
        44.55,
        44,
        44,
        44.0,
        44,
        44,
        44.0,
        44,
        44,
        44.0,
        42.9,
        42,
        42,
        42.9,
        42,
        42.9,
        42,
        42,
        42.9,
        42.9,
        42,
        43,
        43.45,
        43,
        43.45,
        43,
        43,
        43,
        43.45,
        43.45,
        43,
        43,
        42.9
    ],
    "y": [
        7.032786885245901,
        7.032786885245901,
        6,
        6,
        5.950819672131147,
        5,
        5.409836065573771,
        4,
        4,
        4.327868852459017,
        3.7868852459016393,
        3,
        4,
        5.409836065573771,
        4,
        4.327868852459017,
        4,
        3,
        3.7868852459016393,
        3.7868852459016393,
        3,
        3,
        4,
        4.327868852459017,
        3,
        2.1639344262295084,
        2,
        2,
        2.1639344262295084,
        2.1639344262295084,
        1,
        1,
        1.6229508196721312,
        1,
        0.5409836065573771,
        0,
        0,
        0.5409836065573771,
        1.0819672131147542,
        0,
        0,
        0,
        0.5409836065573771,
        0,
        0.0,
        0,
        0,
        1.0819672131147542,
        0.5409836065573771,
        0,
        0,
        1.0819672131147542,
        1,
        1.0819672131147542,
        0,
        0,
        0.0,
        2.1639344262295084,
        1,
        1,
        0.5409836065573771,
        0,
        0,
        1.0819672131147542,
        1,
        1,
        1.0819672131147542,
        0.5409836065573771,
        0,
        0,
        1.0819672131147542,
        1,
        1.6229508196721312,
        2,
        2,
        3.2459016393442623,
        2.1639344262295084,
        2,
        2,
        2.1639344262295084,
        2,
        2.1639344262295084,
        2,
        2,
        2,
        2.7049180327868854,
        2.7049180327868854,
        2,
        2,
        2.7049180327868854,
        2,
        2.1639344262295084,
        2,
        2,
        2.1639344262295084,
        2.1639344262295084,
        2,
        2,
        2.7049180327868854,
        2,
        3.2459016393442623,
        3,
        3,
        3.7868852459016393,
        4,
        4.868852459016393,
        4,
        5,
        6.491803278688525,
        8,
        9.737704918032787,
        11,
        11,
        12.442622950819672,
        15.147540983606557,
        16,
        17,
        19.475409836065573,
        20,
        21.098360655737704,
        22,
        23,
        24.885245901639344,
        28.131147540983605,
        29,
        29,
        30,
        31.918032786885245,
        34,
        36.78688524590164,
        38,
        39,
        41.114754098360656,
        45.98360655737705,
        46,
        47,
        49.77049180327869,
        52,
        55.18032786885246,
        57,
        58,
        60.59016393442623,
        64.91803278688525,
        65,
        67,
        69.78688524590164,
        70,
        72,
        74.65573770491804,
        76,
        77,
        78.44262295081967,
        81.68852459016394,
        82,
        83,
        84.93442622950819,
        86,
        87.63934426229508,
        88,
        89,
        90.34426229508196,
        91.9672131147541,
        92,
        93,
        94.1311475409836,
        95,
        96.29508196721312,
        96,
        96,
        96,
        96.8360655737705,
        97.91803278688525,
        97,
        98,
        99.0
    ]
}