{
    "x": [
        0.0,
        1.03125,
        1,
        1,
        1,
        2.578125,
        3,
        4,
        5.15625,
        6,
        6,
        6,
        7.734375,
        11.34375,
        11,
        11,
        12,
        14.4375,
        16,
        17,
        18.5625,
        21,
        22,
        23,
        24.75,
        27.328125,
        28,
        28,
        29,
        31.96875,
        34,
        35,
        37.125,
        39,
        40,
        40,
        41.765625,
        45.890625,
        46,
        47,
        48,
        51.046875,
        53,
        54,
        55.6875,
        58,
        59,
        60,
        61.359375,
        67.03125,
        68,
        68,
        69,
        72.1875,
        75,
        76,
        78.890625,
        81,
        82,
        83,
        84.5625,
        89.71875,
        90,
        90,
        91,
        93.84375,
        95,
        95,
        96.421875,
        97,
        97,
        97,
        98.484375,
        99.0,
        98,
        98,
        98,
        98.484375,
        97,
        96,
        95.90625,
        94,
        93,
        92,
        92.8125,
        89.203125,
        87,
        86,
        86,
        84.5625,
        82,
        81,
        80.4375,
        77,
        76,
        75,
        75.28125,
        71.15625,
        70,
        69,
        69,
        67.03125,
        64,
        63,
        62.90625,
        60,
        59,
        58,
        58.78125,
        55.6875,
        54,
        54,
        54,
        54.140625,
        53,
        52,
        52.078125,
        51,
        50,
        50,
        50.53125,
        50.015625,
        49,
        49,
        49,
        48.984375,
        48,
        47,
        47.953125,
        47,
        47,
        47,
        47.953125,
        47.4375,
        47,
        47,
        47,
        47.4375,
        47,
        46,
        46.921875,
        46,
        45,
        45,
        45.890625,
        45.890625,
        45,
        45,
        45,
        45.890625,
        45,
        45,
        45.375,
        45,
        45,
        45,
        45.375,
        45.375,
        45,
        45,
        45,
        45.375,
        45,
        45,
        45.375,
        45,
        45,
        45,
        45.375,
        49.5,
        48,
        47,
        46.40625,
        45,
        44.859375
    ],
    "y": [
        4.868852459016393,
        4.327868852459017,
        4,
        4,
        4,
        4.327868852459017,
        3,
        3,
        3.2459016393442623,
        2,
        2,
        2,
        2.1639344262295084,
        2.1639344262295084,
        1,
        1,
        1,
        1.6229508196721312,
        1,
        1,
        1.6229508196721312,
        1,
        0,
        0,
        0.5409836065573771,
        0.0,
        0,
        0,
        0,
        0.0,
        0,
        0,
        0.5409836065573771,
        0,
        0,
        0,
        0.5409836065573771,
        0.0,
        0,
        0,
        0,
        0.0,
        0,
        0,
        0.0,
        0,
        0,
        0,
        0.5409836065573771,
        0.5409836065573771,
        0,
        0,
        0,
        0.5409836065573771,
        0,
        0,
        0.5409836065573771,
        0,
        0,
        0,
        0.5409836065573771,
        1.6229508196721312,
        1,
        1,
        2,
        2.7049180327868854,
        2,
        2,
        2.1639344262295084,
        2,
        2,
        2,
        2.7049180327868854,
        2.7049180327868854,
        2,
        2,
        2,
        3.2459016393442623,
        3,
        3,
        3.2459016393442623,
        3,
        3,
        3,
        3.2459016393442623,
        2.7049180327868854,
        2,
        2,
        2,
        3.2459016393442623,
        3,
        3,
        3.7868852459016393,
        4,
        4,
        4,
        4.327868852459017,
        3.7868852459016393,
        3,
        3,
        3,
        3.7868852459016393,
        4,
        4,
        4.327868852459017,
        4,
        4,
        4,
        4.327868852459017,
        4.868852459016393,
        4,
        4,
        5,
        5.409836065573771,
        6,
        6,
        7.032786885245901,
        8,
        8,
        8,
        9.737704918032787,
        12.442622950819672,
        13,
        13,
        14,
        16.229508196721312,
        18,
        19,
        20.016393442622952,
        22,
        23,
        24,
        25.42622950819672,
        30.295081967213115,
        31,
        32,
        33,
        35.704918032786885,
        38,
        39,
        41.65573770491803,
        44,
        46,
        47,
        48.14754098360656,
        54.63934426229508,
        56,
        57,
        58,
        61.67213114754098,
        64,
        65,
        67.08196721311475,
        70,
        71,
        72,
        73.57377049180327,
        79.52459016393442,
        80,
        81,
        82,
        85.47540983606558,
        87,
        88,
        89.26229508196721,
        91,
        92,
        92,
        93.59016393442623,
        94.1311475409836,
        95,
        96,
        98.45901639344262,
        98,
        99.0
    ]
}