{
    "x": [
        0.0,
        0.99,
        0,
        1,
        2.97,
        3,
        3,
        4.95,
        7,
        8,
        9.9,
        10.395,
        10,
        10,
        11,
        13.365,
        15,
        16.83,
        18,
        19,
        19,
        20.79,
        24.75,
        24,
        25,
        27.225,
        30,
        31,
        33.66,
        34,
        34,
        35.145,
        41.58,
        42,
        43,
        44,
        46.53,
        49,
        51.48,
        53,
        54,
        55,
        56.43,
        61.38,
        62,
        63,
        65.835,
        68,
        69,
        71.775,
        74,
        75,
        77.22,
        83.16,
        84,
        84,
        85,
        88.11,
        90,
        92.565,
        94,
        94,
        94,
        95.535,
        98.01,
        98,
        98,
        99.0,
        98,
        98,
        98.01,
        97,
        96,
        96.525,
        93.555,
        92,
        92,
        92,
        90.585,
        88,
        86.625,
        84,
        83,
        82,
        82.17,
        76.725,
        75,
        74,
        71.775,
        69,
        67,
        66.33,
        63,
        62,
        61.38,
        56.925,
        55,
        54,
        54,
        52.965,
        51,
        50.49,
        49,
        48,
        48,
        48.51,
        48.015,
        47,
        47,
        47.025,
        46,
        46,
        46.035,
        45,
        45,
        45.045,
        44.055,
        43,
        42,
        42,
        41.085,
        42,
        43.065,
        43,
        43,
        43,
        43.065,
        42.57,
        42,
        42,
        42.57,
        42,
        42,
        43.065,
        43,
        43,
        43.56,
        44.055,
        44,
        44,
        44,
        44.055,
        44,
        44.55,
        44,
        43,
        43,
        43.56,
        43.065,
        42,
        42,
        42.57,
        42,
        42,
        42.57,
        43,
        44,
        45.045,
        42.075,
        42,
        42,
        42,
        42.075,
        41,
        41.58,
        41,
        41,
        41,
        41.58,
        41.085,
        41,
        41,
        41.58,
        41,
        42.075
    ],
    "y": [
        1.8248847926267282,
        1.8248847926267282,
        1,
        1,
        0.9124423963133641,
        0,
        0,
        0.45622119815668205,
        0,
        0,
        0.9124423963133641,
        1.368663594470046,
        1,
        1,
        1,
        1.368663594470046,
        1,
        0.9124423963133641,
        0,
        0,
        0,
        0.0,
        0.0,
        0,
        0,
        1.368663594470046,
        0,
        0,
        0.45622119815668205,
        1,
        1,
        1.8248847926267282,
        0.0,
        0,
        0,
        0,
        0.0,
        0,
        0.45622119815668205,
        0,
        0,
        0,
        0.45622119815668205,
        0.0,
        0,
        0,
        0.9124423963133641,
        0,
        0,
        0.45622119815668205,
        0,
        0,
        1.368663594470046,
        0.9124423963133641,
        0,
        0,
        0,
        0.45622119815668205,
        0,
        0.0,
        0,
        0,
        0,
        0.45622119815668205,
        0.9124423963133641,
        0,
        1,
        1.368663594470046,
        1,
        1,
        1.368663594470046,
        1,
        1,
        1.368663594470046,
        1.368663594470046,
        1,
        1,
        1,
        1.8248847926267282,
        2,
        2.28110599078341,
        2,
        1,
        1,
        1.8248847926267282,
        1.8248847926267282,
        1,
        1,
        1.8248847926267282,
        2,
        2,
        2.28110599078341,
        2,
        2,
        2.28110599078341,
        2.28110599078341,
        2,
        2,
        2,
        2.737327188940092,
        2,
        3.193548387096774,
        3,
        3,
        3,
        3.6497695852534564,
        4.105990783410138,
        4,
        4,
        5.474654377880184,
        6,
        6,
        6.84331797235023,
        7,
        8,
        9.12442396313364,
        11.40552995391705,
        12,
        12,
        13,
        15.511520737327189,
        16,
        17.792626728110598,
        19,
        20,
        20,
        21.442396313364057,
        25.548387096774192,
        26,
        27,
        28.741935483870968,
        31,
        32,
        33.30414746543779,
        35,
        35,
        36.953917050691246,
        41.97235023041475,
        42,
        43,
        44,
        46.99078341013825,
        49,
        52.00921658986175,
        54,
        55,
        56,
        57.02764976958525,
        62.95852534562212,
        63,
        65,
        67.97695852534562,
        70,
        71,
        72.99539170506912,
        74,
        75,
        76.1889400921659,
        83.03225806451613,
        84,
        84,
        85,
        88.05069124423963,
        90,
        92.15668202764977,
        93,
        94,
        94,
        95.35023041474655,
        97.17511520737327,
        97,
        98,
        99.0,
        99,
        99.0
    ]
}