{
    "x": [
        0.0,
        0,
        1.125,
        1,
        1,
        1,
        2.25,
        3,
        4.5,
        5,
        5,
        6,
        7.3125,
        11.8125,
        12,
        12,
        13,
        15.1875,
        18,
        20.8125,
        21,
        23,
        24,
        25.875,
        30.9375,
        30,
        31,
        33,
        36.0,
        38,
        39,
        41.625,
        44,
        45,
        46.6875,
        48,
        51.1875,
        52,
        54,
        56.8125,
        57,
        59,
        61.875,
        65,
        66,
        67,
        68.625,
        73.6875,
        74,
        76,
        77,
        78.75,
        81,
        84.375,
        86,
        86,
        87,
        89.4375,
        93.375,
        93,
        93,
        94,
        96.1875,
        97,
        98.4375,
        98,
        98,
        98,
        99.0,
        97.875,
        96,
        96,
        96,
        95.625,
        94,
        93,
        93.375,
        91,
        90,
        89.4375,
        87,
        84.9375,
        83,
        82,
        80.4375,
        79,
        78,
        75.9375,
        73,
        71,
        70,
        70.875,
        66.9375,
        65,
        64,
        62,
        61.875,
        60,
        58.5,
        56,
        55,
        55,
        55.125,
        51.75,
        50,
        50,
        50,
        49.5,
        48,
        48.375,
        48,
        48,
        47,
        47.8125,
        47.25,
        46,
        46,
        46,
        46.6875,
        46,
        45,
        45.5625,
        45,
        45,
        46.125,
        46,
        46.125,
        46,
        46,
        46.125,
        46,
        46,
        46.125,
        46,
        46,
        46,
        46.125,
        46.6875,
        46,
        46,
        46,
        46.6875,
        46,
        46.125,
        45,
        45,
        45,
        45.5625,
        45.5625,
        45,
        45,
        45,
        45.5625,
        45,
        45.0,
        44,
        44,
        44,
        44.4375,
        45.0,
        45,
        45,
        46,
        48.9375,
        46,
        45,
        45.0,
        44,
        43,
        43.875,
        44,
        44.4375,
        43,
        43,
        43.3125
    ],
    "y": [
        2.4029126213592233,
        2,
        2.883495145631068,
        2,
        2,
        2,
        2.883495145631068,
        2,
        2.4029126213592233,
        2,
        1,
        1,
        1.9223300970873787,
        2.4029126213592233,
        2,
        2,
        2,
        2.4029126213592233,
        2,
        2.4029126213592233,
        2,
        2,
        1,
        1.9223300970873787,
        1.441747572815534,
        1,
        1,
        1,
        1.441747572815534,
        1,
        1,
        1.441747572815534,
        1,
        0,
        0.9611650485436893,
        0,
        0.9611650485436893,
        0,
        0,
        0.48058252427184467,
        0,
        0,
        0.9611650485436893,
        0,
        0,
        0,
        0.0,
        0.0,
        0,
        0,
        0,
        0.0,
        0,
        0.48058252427184467,
        0,
        0,
        0,
        0.9611650485436893,
        0.9611650485436893,
        0,
        0,
        0,
        0.48058252427184467,
        0,
        0.48058252427184467,
        0,
        0,
        0,
        1.441747572815534,
        1.441747572815534,
        1,
        1,
        1,
        0.9611650485436893,
        0,
        0,
        0.9611650485436893,
        0,
        0,
        0.9611650485436893,
        1,
        1.441747572815534,
        1,
        1,
        1.441747572815534,
        1,
        1,
        1.441747572815534,
        1,
        1,
        1,
        1.441747572815534,
        1.441747572815534,
        1,
        1,
        1,
        1.9223300970873787,
        2,
        2.4029126213592233,
        2,
        2,
        2,
        2.4029126213592233,
        3.3640776699029127,
        3,
        3,
        4,
        4.805825242718447,
        5,
        6.728155339805825,
        6,
        7,
        8,
        9.131067961165048,
        12.495145631067961,
        12,
        13,
        14,
        16.339805825242717,
        18,
        19,
        20.66504854368932,
        22,
        23,
        24.990291262135923,
        26,
        28.83495145631068,
        29,
        30,
        33.16019417475728,
        34,
        35,
        37.96601941747573,
        40,
        41,
        41,
        42.771844660194176,
        47.09708737864078,
        48,
        49,
        50,
        51.422330097087375,
        53,
        55.26699029126213,
        57,
        57,
        58,
        59.592233009708735,
        64.39805825242719,
        65,
        65,
        66,
        69.20388349514563,
        71,
        74.00970873786407,
        75,
        76,
        77,
        78.81553398058253,
        84.58252427184466,
        84,
        85,
        86,
        87.94660194174757,
        90,
        91,
        92.27184466019418,
        93,
        93,
        94.6747572815534,
        96,
        97.55825242718447,
        97,
        98,
        99.0
    ]
}