{
    "x": [
        1.8,
        3.0,
        3,
        3,
        3.0,
        3.0,
        3,
        3,
        3.0,
        4.2,
        3,
        3,
        3.6,
        3.6,
        3,
        3,
        4.2,
        0.0,
        2,
        3,
        4.8,
        4.8,
        5,
        5,
        6.0,
        6.0,
        6,
        6,
        6.0,
        2.4,
        4,
        5,
        6.0,
        6.0,
        6,
        6,
        7.2,
        7.2,
        7,
        7,
        7.8,
        8.4,
        8,
        8,
        8.4,
        9.0,
        9,
        9,
        9.6,
        9.6,
        9,
        9,
        9.6,
        10.2,
        8,
        7,
        6.0,
        9.6,
        9,
        9,
        10.2,
        11.4,
        11,
        11,
        11.4,
        10.8,
        11,
        11,
        11.4,
        11.4,
        11,
        11,
        11.4,
        12.0,
        11,
        11,
        11.4,
        11.4,
        12,
        12,
        12.6,
        14.4,
        15,
        16,
        17.4,
        21.6,
        23,
        24,
        25.8,
        31.2,
        33,
        34,
        36.0,
        42.0,
        45,
        46,
        48.0,
        52.8,
        55,
        56,
        58.8,
        63.6,
        66,
        67,
        68.4,
        72.6,
        75,
        76,
        77.4,
        81.6,
        85,
        87,
        89.4,
        88.8,
        90,
        91,
        93.0,
        94.8,
        96,
        96,
        97.2,
        97.8,
        98,
        98,
        98.4,
        99.0,
        99,
        99,
        99.0,
        97.8,
        96,
        96,
        96.0,
        91.8,
        90,
        89,
        88.2,
        84.0,
        82,
        81,
        80.4,
        75.6,
        73,
        72,
        71.4,
        66.6,
        64,
        62,
        61.8,
        57.0,
        54,
        53,
        52.2,
        48.0,
        45,
        44,
        43.2,
        38.4,
        36,
        35,
        34.2,
        29.4,
        27,
        25,
        24.6,
        21.0,
        19,
        18,
        17.4,
        15.0,
        14,
        13.2,
        11.4,
        11,
        10.8
    ],
    "y": [
        99.0,
        99.0,
        98,
        98,
        98.58403361344538,
        97.75210084033614,
        96,
        96,
        96.08823529411765,
        94.00840336134453,
        92,
        91,
        91.5126050420168,
        88.60084033613445,
        87,
        86,
        86.93697478991596,
        84.85714285714286,
        82,
        81,
        80.28151260504201,
        76.95378151260505,
        75,
        74,
        73.62605042016807,
        70.71428571428571,
        69,
        68,
        68.6344537815126,
        66.5546218487395,
        64,
        63,
        62.8109243697479,
        59.89915966386555,
        58,
        57,
        56.15546218487395,
        54.075630252100844,
        52,
        51,
        51.57983193277311,
        48.668067226890756,
        47,
        46,
        45.34033613445378,
        42.01260504201681,
        40,
        39,
        39.10084033613445,
        36.1890756302521,
        34,
        33,
        33.27731092436975,
        29.949579831932773,
        28,
        27,
        26.6218487394958,
        24.126050420168067,
        22,
        21,
        21.630252100840337,
        18.718487394957982,
        17,
        16,
        16.222689075630253,
        14.142857142857142,
        12,
        11,
        11.647058823529411,
        9.15126050420168,
        8,
        7,
        7.9033613445378155,
        6.65546218487395,
        6,
        5,
        5.407563025210084,
        5.407563025210084,
        5,
        4,
        4.991596638655462,
        4.57563025210084,
        4,
        3,
        3.7436974789915967,
        2.911764705882353,
        2,
        2,
        2.0798319327731094,
        1.2478991596638656,
        2,
        2,
        3.7436974789915967,
        0.0,
        0,
        0,
        0.0,
        0.0,
        0,
        0,
        0.0,
        0.8319327731092437,
        0,
        0,
        0.8319327731092437,
        2.0798319327731094,
        2,
        2,
        2.911764705882353,
        3.7436974789915967,
        5,
        6,
        7.071428571428571,
        7.071428571428571,
        8,
        8,
        9.15126050420168,
        11.647058823529411,
        12,
        13,
        14.142857142857142,
        16.638655462184875,
        18,
        18,
        19.96638655462185,
        23.294117647058822,
        24,
        25,
        26.6218487394958,
        29.949579831932773,
        31,
        32,
        33.27731092436975,
        36.1890756302521,
        37,
        38,
        39.10084033613445,
        42.01260504201681,
        43,
        43,
        44.50840336134454,
        46.588235294117645,
        47,
        47,
        48.668067226890756,
        50.747899159663866,
        51,
        51,
        51.99579831932773,
        53.2436974789916,
        53,
        53,
        54.075630252100844,
        54.49159663865546,
        54,
        54,
        55.3235294117647,
        55.739495798319325,
        55,
        55,
        56.15546218487395,
        56.57142857142857,
        56,
        56,
        56.57142857142857,
        56.57142857142857,
        56,
        56,
        56.57142857142857,
        56.15546218487395,
        56,
        56.15546218487395,
        56.15546218487395,
        56,
        56.15546218487395
    ]
}