{
    "x": [
        94.8,
        94.8,
        94,
        94,
        94.2,
        94,
        94.2,
        93,
        93,
        93.6,
        92.4,
        91,
        90,
        89.4,
        87,
        86.4,
        84,
        82,
        81.6,
        77.4,
        75,
        73,
        69.0,
        68,
        67.2,
        64,
        62,
        61.8,
        55.8,
        53,
        52,
        49.8,
        46,
        43.8,
        41,
        39,
        38.4,
        32.4,
        30,
        29,
        26.4,
        23,
        21.0,
        18,
        16,
        15.6,
        10.2,
        9,
        8,
        6.6,
        4,
        3.0,
        2,
        1,
        1.8,
        0.0,
        0,
        0,
        0.0,
        0,
        1.2,
        1,
        1,
        2.4,
        5.4,
        5,
        6,
        7.8,
        9,
        12.0,
        14,
        15,
        16.2,
        19.8,
        20,
        21,
        24.0,
        26,
        28.8,
        31,
        32,
        33.6,
        38.4,
        39,
        41,
        43.8,
        46,
        48.6,
        51,
        52,
        54.0,
        59.4,
        60,
        62,
        64.8,
        67,
        70.2,
        72,
        73,
        75.0,
        80.4,
        81,
        82,
        84.6,
        86,
        88.8,
        90,
        91,
        92.4,
        95.4,
        95,
        96,
        97.2,
        97,
        98.4,
        98,
        98,
        99.0,
        99.0,
        99,
        99,
        99.0,
        98,
        97.8,
        97,
        96,
        96.6,
        94.2,
        93,
        92,
        91.2,
        89,
        88.2,
        86,
        85,
        84.6,
        81.0,
        79,
        78,
        76.2,
        73,
        71.4,
        69,
        67,
        66.6,
        61.2,
        59,
        58,
        55.8,
        52,
        49.8,
        47,
        45,
        44.4,
        39.0,
        37,
        36,
        34.2,
        31,
        29.4,
        27,
        26,
        25.2,
        21.6,
        20,
        20,
        18.6,
        17,
        16.8,
        15,
        15.0,
        15.0,
        14,
        13.8,
        13.8
    ],
    "y": [
        6.387096774193548,
        6.919354838709677,
        6,
        7,
        7.983870967741935,
        7,
        7.451612903225806,
        6,
        6,
        6.387096774193548,
        4.790322580645161,
        4,
        4,
        3.725806451612903,
        3,
        3.725806451612903,
        3,
        3,
        3.725806451612903,
        2.661290322580645,
        2,
        2,
        2.129032258064516,
        1,
        0.0,
        0,
        0,
        0.532258064516129,
        1.064516129032258,
        0,
        0,
        0.532258064516129,
        0,
        0.532258064516129,
        0,
        0,
        0.532258064516129,
        2.661290322580645,
        2,
        3,
        4.258064516129032,
        5,
        6.919354838709677,
        7,
        8,
        9.048387096774194,
        12.774193548387096,
        13,
        14,
        17.032258064516128,
        18,
        20.758064516129032,
        22,
        23,
        24.483870967741936,
        27.677419354838708,
        28,
        29,
        30.870967741935484,
        32,
        34.596774193548384,
        36,
        36,
        37.79032258064516,
        39.91935483870968,
        39,
        40,
        42.04838709677419,
        43,
        45.24193548387097,
        46,
        46,
        47.37096774193548,
        48.96774193548387,
        48,
        49,
        50.03225806451613,
        50,
        51.096774193548384,
        51,
        51,
        52.16129032258065,
        52.693548387096776,
        52,
        52,
        52.693548387096776,
        52,
        52.693548387096776,
        52,
        52,
        52.16129032258065,
        51.62903225806452,
        51,
        51,
        51.62903225806452,
        51,
        51.62903225806452,
        51,
        51,
        52.16129032258065,
        52.693548387096776,
        52,
        53,
        53.75806451612903,
        54,
        54.82258064516129,
        55,
        55,
        56.95161290322581,
        59.61290322580645,
        59,
        60,
        62.274193548387096,
        63,
        65.46774193548387,
        67,
        68,
        69.19354838709677,
        73.45161290322581,
        74,
        75,
        77.1774193548387,
        78,
        79.83870967741936,
        81,
        82,
        83.56451612903226,
        86.2258064516129,
        86,
        87,
        88.88709677419355,
        89,
        91.01612903225806,
        92,
        92,
        93.14516129032258,
        94.74193548387096,
        94,
        95,
        95.80645161290323,
        96,
        96.87096774193549,
        97,
        97,
        97.93548387096774,
        98.46774193548387,
        98,
        98,
        99.0,
        99,
        99.0,
        99,
        99,
        99.0,
        97.93548387096774,
        97,
        97,
        97.40322580645162,
        97,
        96.87096774193549,
        96,
        95,
        95.80645161290323,
        93.6774193548387,
        92,
        92,
        92.08064516129032,
        91,
        90.48387096774194,
        89,
        88.88709677419355,
        88.35483870967742,
        88,
        88.35483870967742,
        88.88709677419355
    ]
}