{
    "x": [
        99.0,
        97.68,
        96,
        96,
        95,
        95.04,
        94,
        94.38,
        90,
        89,
        88,
        87.12,
        89.1,
        88,
        87,
        87,
        85.8,
        83,
        81.84,
        80,
        79,
        77,
        76.56,
        71.94,
        70,
        70,
        69,
        67.32,
        64,
        62,
        61.38,
        58,
        56,
        54.78,
        51,
        48.18,
        46,
        44,
        40.92,
        38,
        37,
        33.66,
        30,
        28,
        27,
        27.06,
        20.46,
        18,
        17,
        16,
        15.18,
        12,
        10.56,
        8,
        7,
        7,
        7.26,
        9.9,
        7,
        6,
        6,
        3.3,
        2,
        1.98,
        1,
        1,
        1,
        1.98,
        3.3,
        3,
        3,
        4,
        5.94,
        7,
        8,
        9.24,
        11,
        12,
        13.2,
        15,
        18.48,
        19,
        21,
        25.08,
        26,
        27,
        30.36,
        33,
        34,
        35,
        36.3,
        42.24,
        43,
        45,
        46,
        48.18,
        51,
        54.78,
        57,
        57,
        58,
        60.72,
        66.66,
        67,
        68,
        69,
        72.6,
        75,
        77.88,
        78,
        80,
        81,
        83.16,
        87.78,
        87,
        88,
        89,
        91.74,
        93,
        94,
        95.04,
        96,
        96,
        97.02,
        97,
        97.68,
        97,
        97,
        97.02,
        96,
        96,
        95.04,
        94,
        93,
        93,
        93.06,
        90.42,
        89,
        88,
        87,
        86.46,
        83,
        81.18,
        78,
        77,
        76,
        75.24,
        74.58,
        71,
        69,
        68,
        62.04,
        58,
        55.44,
        51,
        49,
        48.18,
        40.26,
        38,
        36,
        33.0,
        29,
        25.74,
        22,
        20,
        19.14,
        12.54,
        10,
        9,
        7.26,
        5,
        3.3,
        1,
        0,
        0.0
    ],
    "y": [
        11.674528301886792,
        11.674528301886792,
        11,
        11,
        11,
        11.20754716981132,
        10,
        9.339622641509434,
        8,
        7,
        7,
        7.938679245283019,
        4.669811320754717,
        4,
        4,
        4,
        4.202830188679245,
        4,
        4.202830188679245,
        3,
        3,
        3,
        3.268867924528302,
        1.400943396226415,
        0,
        0,
        0,
        0.0,
        0,
        0,
        0.0,
        0,
        0,
        0.9339622641509434,
        1,
        2.3349056603773586,
        2,
        2,
        2.3349056603773586,
        2,
        3,
        3.7358490566037736,
        4,
        5,
        5,
        6.070754716981132,
        9.339622641509434,
        9,
        10,
        11,
        12.608490566037736,
        14,
        15.410377358490566,
        16,
        16,
        17,
        18.212264150943398,
        21.4811320754717,
        22,
        23,
        24,
        26.617924528301888,
        28,
        31.287735849056602,
        32,
        33,
        34,
        35.490566037735846,
        38.759433962264154,
        38,
        39,
        40,
        42.49528301886792,
        43,
        44,
        45.29716981132076,
        46,
        47,
        48.09905660377358,
        48,
        49.033018867924525,
        49,
        49,
        49.966981132075475,
        49,
        50,
        50.43396226415094,
        50,
        50,
        50,
        50.43396226415094,
        49.5,
        49,
        49,
        48,
        48.56603773584906,
        48,
        48.09905660377358,
        47,
        47,
        47,
        47.632075471698116,
        48.09905660377358,
        48,
        48,
        48,
        49.033018867924525,
        49,
        50.43396226415094,
        50,
        51,
        51,
        52.7688679245283,
        55.10377358490566,
        55,
        55,
        56,
        57.905660377358494,
        59,
        60,
        61.174528301886795,
        62,
        63,
        64.44339622641509,
        66,
        68.17924528301887,
        69,
        70,
        72.38207547169812,
        73,
        74,
        77.05188679245283,
        79,
        80,
        80,
        81.72169811320755,
        85.45754716981132,
        86,
        87,
        88,
        89.19339622641509,
        90,
        92.4622641509434,
        93,
        93,
        93,
        94.79716981132076,
        98.53301886792453,
        98,
        98,
        98,
        98.53301886792453,
        98,
        99.0,
        99,
        99,
        99.0,
        98.53301886792453,
        98,
        98,
        97.59905660377359,
        97,
        96.66509433962264,
        96,
        95,
        95.73113207547169,
        94.33018867924528,
        93,
        93,
        92.92924528301887,
        92,
        91.52830188679245,
        90,
        90,
        90.12735849056604
    ]
}