{
    "x": [
        91.08,
        89.1,
        88,
        88,
        87.78,
        86,
        85.14,
        84,
        83,
        83,
        83.16,
        80.52,
        79,
        78,
        76.56,
        74,
        72.6,
        69,
        68,
        67,
        67.32,
        62.04,
        60,
        58,
        55.44,
        49,
        43.56,
        37,
        34,
        32,
        31.02,
        25.08,
        23,
        22,
        19.14,
        17,
        15.18,
        13,
        12,
        11,
        11.22,
        7.92,
        6,
        6,
        5.28,
        4,
        3.3,
        1,
        0,
        0,
        0.66,
        0.0,
        0,
        0,
        0.66,
        0,
        0.66,
        1,
        2,
        2,
        3.3,
        7.92,
        7,
        7,
        7.26,
        8,
        10.56,
        12,
        13,
        14,
        15.18,
        20.46,
        21,
        23,
        25.74,
        28,
        31.02,
        34,
        36,
        37,
        38.28,
        45.54,
        46,
        48,
        50.82,
        57,
        63.36,
        66,
        67,
        67,
        68.64,
        74.58,
        75,
        76,
        77.88,
        79,
        81.84,
        84,
        85,
        86,
        87.12,
        91.74,
        91,
        92,
        93.72,
        94,
        95.7,
        96,
        96,
        96,
        96.36,
        99.0,
        99,
        99,
        99.0,
        96,
        93.06,
        91,
        90,
        90,
        90.42,
        90.42,
        88,
        86,
        82.5,
        79,
        75.9,
        73,
        71,
        70,
        70.62,
        65.34,
        63,
        62,
        60.06,
        57,
        55.44,
        52,
        50,
        49,
        49.5,
        43.56,
        42,
        41,
        38.94,
        36,
        34.32,
        32,
        31,
        30,
        30.36,
        29.04,
        27,
        25,
        22.44,
        20,
        17.82,
        16,
        15,
        14,
        14.52,
        11.88,
        10,
        10,
        9.9,
        8,
        7.92,
        7,
        6,
        6,
        6.6,
        6.6,
        6,
        6,
        5.94
    ],
    "y": [
        4.304347826086956,
        3.347826086956522,
        3,
        3,
        2.869565217391304,
        2,
        1.9130434782608696,
        1,
        0,
        0,
        0.9565217391304348,
        0.4782608695652174,
        0,
        0,
        0.4782608695652174,
        0,
        0.4782608695652174,
        0,
        0,
        0,
        0.4782608695652174,
        0.0,
        0,
        0,
        0.0,
        0,
        1.9130434782608696,
        3,
        4,
        4,
        5.260869565217392,
        7.173913043478261,
        7,
        8,
        10.043478260869565,
        11,
        11.956521739130435,
        13,
        13,
        13,
        14.347826086956522,
        16.26086956521739,
        17,
        18,
        20.08695652173913,
        21,
        23.434782608695652,
        25,
        26,
        26,
        27.26086956521739,
        30.608695652173914,
        31,
        32,
        33.95652173913044,
        35,
        36.34782608695652,
        38,
        38,
        38,
        39.69565217391305,
        40.17391304347826,
        40,
        41,
        43.52173913043478,
        44,
        44.47826086956522,
        45,
        45,
        45,
        45.91304347826087,
        45.43478260869565,
        45,
        46,
        47.34782608695652,
        46,
        46.391304347826086,
        45,
        45,
        45,
        45.43478260869565,
        46.391304347826086,
        46,
        46,
        47.34782608695652,
        49,
        50.69565217391305,
        51,
        51,
        51,
        52.130434782608695,
        54.04347826086956,
        54,
        55,
        56.43478260869565,
        57,
        58.34782608695652,
        59,
        60,
        60,
        61.21739130434783,
        63.608695652173914,
        64,
        65,
        66.47826086956522,
        68,
        70.78260869565217,
        72,
        72,
        72,
        73.65217391304348,
        75.56521739130434,
        76,
        77,
        78.91304347826087,
        81,
        83.21739130434783,
        84,
        85,
        85,
        86.56521739130434,
        87.52173913043478,
        88,
        89,
        91.34782608695652,
        92,
        93.73913043478261,
        94,
        95,
        95,
        96.1304347826087,
        99.0,
        98,
        98,
        97.56521739130434,
        97,
        97.56521739130434,
        98,
        98,
        98,
        98.52173913043478,
        98.52173913043478,
        98,
        98,
        98.04347826086956,
        97,
        97.56521739130434,
        97,
        96,
        96,
        96.6086956521739,
        95.17391304347827,
        95,
        95,
        95.17391304347827,
        95,
        95.17391304347827,
        94,
        94,
        94,
        94.21739130434783,
        93.26086956521739,
        92,
        92,
        92.30434782608695,
        92,
        92.30434782608695,
        92,
        92,
        92,
        92.30434782608695,
        91.34782608695652,
        91,
        91,
        92.30434782608695
    ]
}