{
    "x": [
        98.208,
        93.456,
        93,
        93,
        93,
        93,
        94.248,
        93,
        92,
        92.664,
        89,
        88,
        88,
        87.12,
        85,
        83.952,
        82,
        81,
        81,
        79.992,
        78,
        77,
        74.448,
        72,
        71,
        69,
        68,
        68.112,
        62.568,
        61,
        60,
        59,
        57,
        56.232,
        49,
        45,
        42.768,
        39,
        38,
        37,
        36.432,
        24,
        13.464,
        11,
        10,
        9,
        6.336,
        5,
        5,
        4.752,
        3,
        3,
        2,
        2,
        2.376,
        0.792,
        0,
        0,
        0,
        0,
        0.0,
        0,
        0,
        0.0,
        0,
        0,
        0,
        0.0,
        0,
        0.0,
        0,
        0,
        0,
        1.584,
        2,
        3,
        6.336,
        7,
        8,
        9,
        10,
        11.088,
        15.048,
        15,
        16,
        18,
        19,
        21.384,
        24,
        26,
        28.512,
        31,
        31,
        32,
        34.056,
        37,
        41.184,
        44,
        46,
        48,
        55.44,
        57,
        59,
        62.568,
        63,
        65,
        66,
        67,
        68.904,
        73.656,
        73,
        74,
        76,
        77,
        79.992,
        81,
        82,
        83.16,
        86,
        86,
        87,
        89.496,
        91,
        93.456,
        94,
        94,
        95,
        97.416,
        97,
        97,
        98.208,
        98,
        98,
        98,
        99.0,
        98.208,
        97,
        97,
        96.624,
        95,
        93.456,
        91,
        89,
        88.704,
        83.952,
        82,
        81,
        78.408,
        76,
        73.656,
        70,
        68,
        66.528,
        57.816,
        55,
        54,
        50.688,
        46,
        41.976,
        38,
        36,
        34.056,
        26.928,
        25,
        24,
        21.384,
        18,
        15.84,
        13,
        12,
        11.88,
        8.712,
        7,
        7,
        6.336
    ],
    "y": [
        6.809523809523809,
        7.333333333333333,
        7,
        7,
        7,
        6,
        6.809523809523809,
        6,
        5,
        5.238095238095238,
        4,
        3,
        3,
        3.6666666666666665,
        3,
        3.6666666666666665,
        3,
        3,
        3,
        3.142857142857143,
        2,
        2,
        1.5714285714285714,
        1,
        1,
        1,
        1,
        1.5714285714285714,
        0.0,
        0,
        0,
        0,
        0,
        0.0,
        0,
        0,
        1.0476190476190477,
        1,
        1,
        1,
        2.0952380952380953,
        5,
        8.904761904761905,
        8,
        8,
        9,
        11.0,
        12,
        13,
        15.19047619047619,
        15,
        16,
        16,
        16,
        17.80952380952381,
        20.952380952380953,
        20,
        21,
        22,
        23,
        24.095238095238095,
        25,
        26,
        27.761904761904763,
        30,
        30,
        31,
        32.476190476190474,
        34,
        35.61904761904762,
        35,
        35,
        36,
        37.714285714285715,
        38,
        39,
        40.857142857142854,
        40,
        41,
        41,
        41,
        42.42857142857143,
        44.523809523809526,
        44,
        44,
        44,
        44,
        44.0,
        44,
        44,
        45.04761904761905,
        45,
        45,
        45,
        45.04761904761905,
        45,
        45.57142857142857,
        45,
        45,
        45,
        45.57142857142857,
        45,
        45,
        46.095238095238095,
        46,
        46,
        46,
        46,
        47.142857142857146,
        48.19047619047619,
        48,
        48,
        49,
        49,
        50.80952380952381,
        52,
        52,
        53.42857142857143,
        55,
        55,
        55,
        56.57142857142857,
        58,
        60.23809523809524,
        60,
        60,
        61,
        63.38095238095238,
        64,
        65,
        67.04761904761905,
        68,
        69,
        70,
        71.76190476190476,
        74.9047619047619,
        75,
        76,
        78.57142857142857,
        80,
        82.23809523809524,
        83,
        84,
        85.38095238095238,
        89.57142857142857,
        89,
        90,
        91.66666666666667,
        92,
        93.76190476190476,
        94,
        94,
        95.33333333333333,
        98.47619047619048,
        97,
        97,
        97.42857142857143,
        97,
        98.47619047619048,
        98,
        98,
        99.0,
        99.0,
        98,
        98,
        98.47619047619048,
        97,
        97.42857142857143,
        97,
        96,
        96.9047619047619,
        94.80952380952381,
        94,
        94,
        94.28571428571429
    ]
}