{
    "x": [
        99.0,
        49,
        0.0,
        24,
        48,
        72,
        97.0,
        96,
        95.5,
        94,
        93,
        93,
        92.5,
        90.5,
        89,
        89,
        89,
        88.0,
        86,
        84.5,
        83,
        82,
        81,
        80.5,
        75.5,
        74,
        74,
        73,
        71.0,
        68,
        66,
        65.5,
        62,
        61,
        60.0,
        57,
        55.0,
        53,
        52,
        50.5,
        49,
        48,
        45.5,
        44,
        43,
        42,
        42.5,
        40.0,
        39,
        39,
        38,
        38.5,
        37,
        36.0,
        36,
        36,
        36,
        36.5,
        37.0,
        37,
        37,
        37,
        37.5,
        38,
        39.0,
        40,
        41,
        42,
        44.5,
        44.0,
        44,
        44,
        45,
        47.0,
        48,
        49,
        50.0,
        51,
        52,
        53.0,
        55,
        57.0,
        57,
        58,
        60.0,
        61,
        62,
        64.0,
        66,
        67,
        67,
        68.0,
        72.0,
        73,
        74,
        75,
        76.5,
        78,
        81.0,
        82,
        82,
        83,
        84.5,
        88.5,
        89,
        89,
        90,
        92.0,
        93,
        95.0,
        95,
        96,
        96,
        97.0,
        98.5,
        98,
        98,
        98,
        98.0,
        97,
        97,
        97.5,
        97,
        97,
        97.0,
        96,
        95.0,
        94,
        94,
        93.5,
        92,
        91,
        90.0,
        88,
        87,
        87,
        87.0,
        83.0,
        82,
        81,
        80,
        79.5,
        77,
        75.5,
        73,
        72,
        72,
        72.0,
        67.5,
        66,
        65,
        65,
        63.0,
        61,
        59.5,
        58,
        57,
        56,
        56.0,
        52.0,
        51,
        51,
        50,
        49.0,
        47,
        46,
        45.5,
        44,
        43,
        43.5,
        42,
        41.5,
        40,
        40,
        40.0
    ],
    "y": [
        1.757396449704142,
        50,
        99.0,
        74,
        50,
        25,
        1.4644970414201184,
        1,
        0.878698224852071,
        0,
        0,
        0,
        0.5857988165680473,
        0.0,
        0,
        0,
        0,
        0.29289940828402367,
        0,
        0.0,
        0,
        0,
        0,
        0.0,
        0.29289940828402367,
        0,
        0,
        0,
        0.29289940828402367,
        0,
        0,
        1.1715976331360947,
        1,
        1,
        1.757396449704142,
        2,
        3.514792899408284,
        3,
        3,
        4.393491124260355,
        4,
        5,
        6.443786982248521,
        7,
        7,
        7,
        8.201183431952662,
        10.251479289940828,
        10,
        11,
        11,
        12.00887573964497,
        13,
        14.059171597633137,
        15,
        15,
        15,
        16.109467455621303,
        17.57396449704142,
        17,
        17,
        18,
        19.03846153846154,
        19,
        20.502958579881657,
        20,
        20,
        20,
        20.79585798816568,
        21.674556213017752,
        21,
        21,
        21,
        21.967455621301774,
        21,
        21,
        21.967455621301774,
        21,
        21,
        21.967455621301774,
        21,
        21.674556213017752,
        21,
        21,
        21.381656804733726,
        21,
        21,
        21.088757396449704,
        21,
        21,
        21,
        21.088757396449704,
        21.381656804733726,
        21,
        21,
        21,
        21.381656804733726,
        21,
        21.088757396449704,
        21,
        21,
        21,
        21.674556213017752,
        22.55325443786982,
        22,
        22,
        23,
        23.724852071005916,
        24,
        25.48224852071006,
        25,
        26,
        26,
        27.2396449704142,
        28.997041420118343,
        28,
        29,
        30,
        31.92603550295858,
        33,
        33,
        34.85502958579882,
        35,
        35,
        36.905325443786985,
        38,
        39.248520710059175,
        39,
        40,
        41.59171597633136,
        41,
        42,
        43.642011834319526,
        44,
        44,
        44,
        45.39940828402367,
        46.571005917159766,
        46,
        47,
        47,
        47.74260355029586,
        48,
        48.62130177514793,
        48,
        48,
        48,
        48.914201183431956,
        48.914201183431956,
        48,
        48,
        49,
        49.79289940828402,
        49,
        49.20710059171598,
        49,
        49,
        49,
        50.085798816568044,
        49.5,
        49,
        49,
        49,
        49.20710059171598,
        48,
        48,
        48.328402366863905,
        48,
        47,
        47.74260355029586,
        47,
        47.44970414201183,
        47,
        47,
        47.15680473372781
    ]
}