{
    "x": [
        84.744,
        79.992,
        78,
        78,
        78,
        77,
        76.032,
        73,
        71,
        70.488,
        66,
        65,
        64,
        62.568,
        61,
        60.192,
        58,
        57,
        57,
        53.856,
        51,
        50,
        47.52,
        45,
        43,
        41,
        40,
        39.6,
        33.264,
        31,
        29,
        25,
        21,
        18.216,
        14,
        12,
        11.088,
        8,
        7,
        7,
        6.336,
        4,
        3.168,
        2,
        2,
        2,
        1.584,
        0,
        0,
        0.0,
        0,
        0,
        0,
        0,
        1.584,
        3.168,
        3,
        4,
        5,
        6,
        7.128,
        9,
        10,
        11.088,
        13,
        13,
        14,
        15.048,
        18,
        21.384,
        22,
        23,
        24,
        26.928,
        28,
        30,
        33.264,
        34,
        36,
        37,
        37,
        38.808,
        48.312,
        49,
        50,
        52,
        54,
        56.232,
        60,
        62,
        64.944,
        68,
        69,
        70,
        72.864,
        76,
        79.992,
        80,
        81,
        82,
        85.536,
        86,
        88,
        91.08,
        91,
        92,
        93,
        93,
        94.248,
        96.624,
        96,
        96,
        97,
        97,
        98.208,
        98,
        98,
        98.208,
        98,
        98,
        98,
        99.0,
        98,
        98.208,
        97,
        97,
        97,
        96.624,
        95,
        95,
        94.248,
        93,
        92,
        91,
        90,
        90.288,
        84.744,
        83,
        82,
        81,
        79,
        78.408,
        74,
        72,
        71.28,
        67,
        66,
        65,
        63.36,
        59,
        55.44,
        53,
        52,
        51,
        46.728,
        43,
        40,
        34.056,
        33,
        32,
        31,
        30,
        30.096,
        23.76,
        22,
        22,
        22,
        22,
        22.176,
        17,
        11.88,
        10,
        9,
        9.504,
        7.92
    ],
    "y": [
        3.09375,
        2.0625,
        1,
        1,
        1,
        1,
        1.03125,
        1,
        1,
        1.546875,
        1,
        1,
        1,
        2.0625,
        1,
        0.0,
        0,
        0,
        0,
        0.515625,
        0,
        0,
        1.03125,
        1,
        1,
        1,
        1,
        2.0625,
        3.609375,
        3,
        4,
        5,
        6,
        8.25,
        10,
        10,
        11.859375,
        13,
        13,
        13,
        14.953125,
        17,
        19.59375,
        20,
        20,
        21,
        22.6875,
        23,
        24,
        26.8125,
        27,
        28,
        29,
        29,
        30.421875,
        34.546875,
        34,
        35,
        36,
        37,
        38.15625,
        39,
        39,
        40.21875,
        41,
        41,
        41,
        42.28125,
        43,
        44.34375,
        44,
        44,
        44,
        45.375,
        45,
        45,
        45.375,
        45,
        45,
        45,
        45,
        45.890625,
        45.890625,
        45,
        45,
        46,
        46,
        46.921875,
        47,
        47,
        48.46875,
        48,
        48,
        48,
        48.984375,
        49,
        50.015625,
        50,
        50,
        51,
        52.59375,
        52,
        53,
        54.65625,
        54,
        55,
        55,
        55,
        56.71875,
        60.328125,
        60,
        60,
        61,
        62,
        63.421875,
        65,
        66,
        68.0625,
        69,
        69,
        70,
        71.15625,
        72,
        74.765625,
        75,
        75,
        76,
        78.890625,
        79,
        80,
        81.46875,
        82,
        83,
        84,
        84,
        85.078125,
        88.171875,
        88,
        88,
        89,
        89,
        90.75,
        92,
        92,
        93.328125,
        94,
        94,
        94,
        94.875,
        95,
        96.421875,
        96,
        96,
        96,
        97.453125,
        97,
        98,
        99.0,
        98,
        98,
        97,
        97,
        97.96875,
        98.484375,
        97,
        97,
        97,
        96,
        96.9375,
        97,
        98.484375,
        96,
        95,
        95.390625,
        95.90625
    ]
}