{
    "x": [
        91.872,
        89.496,
        88,
        87,
        87,
        86.328,
        84,
        83,
        82.368,
        79,
        78,
        77,
        77.616,
        72.864,
        70,
        69,
        69,
        65.736,
        63,
        61,
        60.984,
        57,
        55,
        54,
        54.648,
        47.52,
        45,
        44,
        43,
        38.808,
        35,
        33,
        31.68,
        28,
        26,
        25,
        25.344,
        19.8,
        18,
        17,
        17,
        15.048,
        12,
        10,
        9.504,
        7,
        6,
        5,
        5.544,
        2.376,
        1,
        1,
        1,
        0.792,
        1,
        1,
        2.376,
        1,
        0,
        0,
        0.0,
        0.792,
        1,
        1,
        2,
        3.96,
        5,
        6,
        7.128,
        10,
        11,
        12,
        13.464,
        19.008,
        20,
        21,
        22,
        25.344,
        28,
        30,
        32.472,
        36,
        37,
        38,
        39.6,
        46.728,
        48,
        49,
        50,
        53.856,
        57,
        58,
        60.192,
        63,
        65,
        66,
        67.32,
        72.864,
        74,
        75,
        76,
        79.2,
        82,
        83,
        85.536,
        87,
        88,
        89,
        90.288,
        91.872,
        92,
        93,
        94,
        96.624,
        97,
        97,
        98.208,
        96,
        95,
        95,
        95.04,
        99.0,
        99,
        99,
        99,
        99.0,
        97,
        96,
        96.624,
        95,
        94,
        94,
        94.248,
        91.08,
        89,
        88,
        88,
        86.328,
        83,
        81,
        80.784,
        77,
        75,
        74,
        73.656,
        67.32,
        64,
        63,
        62,
        57.816,
        54,
        52,
        50.688,
        47,
        45,
        44,
        43.56,
        36.432,
        34,
        33,
        33,
        30.096,
        26,
        24,
        22.968,
        19,
        17,
        16,
        16.632,
        15.048,
        12,
        10,
        6.336,
        4,
        3.168
    ],
    "y": [
        4.842391304347826,
        4.842391304347826,
        4,
        4,
        4,
        3.766304347826087,
        3,
        2,
        2.6902173913043477,
        2,
        2,
        2,
        2.152173913043478,
        1.076086956521739,
        0,
        0,
        0,
        0.5380434782608695,
        0,
        0,
        0.0,
        0,
        0,
        0,
        0.0,
        0.0,
        0,
        0,
        0,
        0.5380434782608695,
        1,
        1,
        2.152173913043478,
        3,
        3,
        3,
        4.304347826086956,
        6.456521739130435,
        6,
        6,
        7,
        8.608695652173912,
        10,
        10,
        11.83695652173913,
        13,
        14,
        14,
        15.065217391304348,
        18.293478260869566,
        19,
        19,
        20,
        22.059782608695652,
        23,
        24,
        25.28804347826087,
        27,
        28,
        28,
        29.054347826086957,
        31.744565217391305,
        32,
        32,
        33,
        36.04891304347826,
        37,
        38,
        39.27717391304348,
        40,
        40,
        40,
        41.42934782608695,
        42.505434782608695,
        42,
        42,
        42,
        43.04347826086956,
        43,
        43,
        44.119565217391305,
        44,
        44,
        44,
        44.119565217391305,
        44.65760869565217,
        44,
        44,
        44,
        45.19565217391305,
        45,
        45,
        45.733695652173914,
        46,
        46,
        46,
        47.34782608695652,
        48.96195652173913,
        48,
        48,
        49,
        50.03804347826087,
        50,
        50,
        51.65217391304348,
        52,
        52,
        52,
        53.80434782608695,
        55.41847826086956,
        56,
        56,
        57,
        59.18478260869565,
        61,
        62,
        63.48913043478261,
        65,
        65,
        65,
        66.71739130434783,
        70.4836956521739,
        71,
        71,
        72,
        74.78804347826087,
        76,
        77,
        79.09239130434783,
        81,
        82,
        82,
        83.39673913043478,
        86.625,
        87,
        87,
        88,
        90.92934782608695,
        91,
        91,
        92.0054347826087,
        92,
        92,
        92,
        93.6195652173913,
        95.77173913043478,
        96,
        96,
        97,
        98.46195652173913,
        98,
        98,
        98.46195652173913,
        98,
        98,
        98,
        99.0,
        97.92391304347827,
        97,
        97,
        97,
        97.38586956521739,
        96,
        95,
        95.77173913043478,
        94,
        93,
        93,
        93.6195652173913,
        92.0054347826087,
        91,
        90,
        89.85326086956522,
        89,
        88.77717391304348
    ]
}