{
    "x": [
        83.82,
        84.48,
        82,
        81,
        81,
        79.2,
        77,
        76,
        75.9,
        74,
        73,
        73,
        73.92,
        71.28,
        69,
        68,
        68,
        66.0,
        63,
        61,
        60.06,
        58,
        57,
        56,
        56.1,
        50.16,
        48,
        47,
        46,
        42.9,
        39,
        37,
        35.64,
        33,
        31,
        30,
        30.36,
        23.1,
        21,
        20,
        20,
        17.82,
        15,
        14,
        13.2,
        10,
        8,
        7,
        7.92,
        5.28,
        4,
        4,
        4,
        3.3,
        2,
        1,
        1.32,
        1,
        1,
        1,
        1.32,
        0.0,
        0,
        0,
        0,
        1.32,
        1,
        1,
        2.64,
        2,
        2,
        2,
        3.3,
        9.9,
        11,
        12,
        14,
        18.48,
        19,
        19,
        20.46,
        23,
        24,
        25,
        26.4,
        32.34,
        33,
        34,
        35,
        38.94,
        42,
        43,
        45.54,
        48,
        49,
        49,
        50.82,
        58.08,
        59,
        59,
        60,
        63.36,
        66,
        67,
        68.64,
        71,
        72,
        72,
        73.92,
        78.54,
        79,
        79,
        80,
        83.16,
        84,
        85,
        86.46,
        88,
        89,
        89,
        90.42,
        93.06,
        93,
        93,
        93,
        93.06,
        93,
        93,
        94.38,
        96,
        97,
        98,
        99.0,
        93.06,
        92,
        91,
        91,
        90.42,
        88,
        87,
        86.46,
        84,
        83,
        83,
        83.16,
        83.16,
        80,
        78,
        77,
        72.6,
        69,
        67,
        66.0,
        62,
        60,
        58.74,
        52.14,
        50,
        49,
        46.2,
        42,
        38.94,
        35,
        33,
        31.68,
        25.08,
        23,
        22,
        19.8,
        19,
        18.48,
        14,
        12,
        10.56,
        6.6
    ],
    "y": [
        5.876712328767123,
        6.780821917808219,
        5,
        5,
        5,
        4.52054794520548,
        4,
        3,
        3.6164383561643834,
        2,
        2,
        2,
        2.26027397260274,
        0.9041095890410958,
        0,
        0,
        0,
        0.9041095890410958,
        0,
        0,
        0.4520547945205479,
        0,
        0,
        0,
        0.0,
        0.4520547945205479,
        0,
        0,
        0,
        0.9041095890410958,
        1,
        1,
        2.712328767123288,
        3,
        3,
        3,
        4.068493150684931,
        5.876712328767123,
        5,
        5,
        6,
        7.684931506849315,
        9,
        9,
        10.849315068493151,
        12,
        13,
        13,
        14.013698630136986,
        16.726027397260275,
        17,
        17,
        18,
        19.89041095890411,
        21,
        22,
        23.506849315068493,
        25,
        25,
        25,
        26.671232876712327,
        29.383561643835616,
        30,
        30,
        31,
        33.0,
        34,
        35,
        36.16438356164384,
        38,
        39,
        39,
        40.23287671232877,
        41.136986301369866,
        41,
        41,
        41,
        41.58904109589041,
        42,
        42,
        43.397260273972606,
        44,
        44,
        44,
        44.75342465753425,
        45.657534246575345,
        45,
        45,
        45,
        45.657534246575345,
        45,
        45,
        46.10958904109589,
        46,
        46,
        46,
        47.013698630136986,
        47.465753424657535,
        47,
        47,
        48,
        48.821917808219176,
        49,
        49,
        49.726027397260275,
        50,
        50,
        50,
        51.534246575342465,
        53.794520547945204,
        53,
        53,
        54,
        56.054794520547944,
        57,
        57,
        58.76712328767123,
        59,
        60,
        60,
        61.02739726027397,
        64.64383561643835,
        65,
        65,
        66,
        68.26027397260275,
        70,
        70,
        71.87671232876713,
        73,
        73,
        73,
        74.58904109589041,
        79.56164383561644,
        79,
        79,
        80,
        82.27397260273973,
        84,
        85,
        86.34246575342466,
        87,
        88,
        88,
        89.5068493150685,
        90.41095890410959,
        90,
        90,
        91,
        93.12328767123287,
        94,
        94,
        95.83561643835617,
        96,
        96,
        97.64383561643835,
        97.64383561643835,
        97,
        97,
        98.0958904109589,
        98,
        99.0,
        98,
        98,
        98.0958904109589,
        99.0,
        98,
        98,
        97.64383561643835,
        97,
        97.64383561643835,
        96,
        96,
        96.28767123287672,
        97.1917808219178
    ]
}