{
    "x": [
        86.00625,
        84.15,
        83,
        83,
        82.29375,
        81,
        80,
        79.2,
        78,
        78,
        78.58125,
        77,
        75.4875,
        74,
        74,
        73.0125,
        71,
        70,
        70.5375,
        68,
        66,
        65.5875,
        61.25625,
        60,
        59,
        58,
        56.30625,
        53,
        50.7375,
        48,
        47,
        46,
        45.16875,
        38.98125,
        37,
        36,
        36,
        34.03125,
        30,
        27.225,
        25,
        24,
        24,
        23.5125,
        15.46875,
        14,
        13,
        12,
        11.1375,
        9,
        8.04375,
        6,
        5,
        4,
        4.33125,
        2.475,
        1,
        1,
        0.61875,
        0,
        0,
        0.0,
        0,
        0,
        0.61875,
        1,
        3.09375,
        3,
        4,
        6.1875,
        8,
        8,
        9.9,
        12,
        13,
        14.23125,
        20.41875,
        20,
        21,
        23,
        25.9875,
        29,
        32.175,
        33,
        35,
        36,
        38.3625,
        45.16875,
        46,
        46,
        47,
        50.7375,
        53,
        56.925,
        60,
        60,
        61,
        63.73125,
        70.5375,
        71,
        72,
        72,
        73.63125,
        77,
        81.675,
        84,
        85,
        85,
        86.625,
        90.95625,
        91,
        92,
        94.66875,
        94,
        95,
        97.14375,
        98,
        98,
        99.0,
        99,
        99.0,
        98,
        98,
        98.38125,
        97,
        97,
        97.14375,
        96,
        95,
        95.2875,
        96.525,
        95,
        94,
        93,
        90.95625,
        88,
        85.3875,
        83,
        82,
        80,
        79.81875,
        74.86875,
        73,
        73,
        73,
        71.775,
        66,
        61.875,
        58,
        57,
        56,
        55.6875,
        46.40625,
        45,
        44,
        43,
        42.075,
        38,
        35.26875,
        32,
        30,
        29.08125,
        23.5125,
        22,
        21,
        19.8,
        17,
        15.46875,
        14,
        14,
        14.23125,
        11.75625,
        11,
        11,
        11.75625
    ],
    "y": [
        4.068493150684931,
        3.164383561643836,
        2,
        2,
        2.26027397260274,
        2,
        2,
        1.8082191780821917,
        1,
        1,
        1.8082191780821917,
        1,
        0.4520547945205479,
        0,
        0,
        0.0,
        0,
        0,
        0.0,
        0,
        0,
        0.0,
        0.0,
        0,
        0,
        0,
        0.0,
        0,
        0.0,
        0,
        0,
        0,
        0.0,
        1.356164383561644,
        1,
        1,
        2,
        2.712328767123288,
        2,
        2.712328767123288,
        4,
        4,
        4,
        5.424657534246576,
        8.136986301369863,
        8,
        9,
        10,
        11.301369863013699,
        12,
        14.465753424657533,
        16,
        16,
        16,
        17.63013698630137,
        20.794520547945204,
        21,
        23,
        25.315068493150687,
        25,
        26,
        28.027397260273972,
        29,
        30,
        31.19178082191781,
        32,
        34.35616438356164,
        34,
        35,
        36.61643835616438,
        37,
        37,
        38.87671232876713,
        39,
        39,
        40.23287671232877,
        42.04109589041096,
        42,
        42,
        42,
        42.49315068493151,
        43,
        45.205479452054796,
        44,
        44,
        44,
        44.3013698630137,
        45.205479452054796,
        45,
        45,
        45,
        46.10958904109589,
        46,
        47.013698630136986,
        46,
        46,
        46,
        46.56164383561644,
        47.917808219178085,
        48,
        49,
        49,
        50.178082191780824,
        50,
        51.082191780821915,
        52,
        52,
        52,
        53.794520547945204,
        56.50684931506849,
        57,
        58,
        59.67123287671233,
        60,
        61,
        62.38356164383562,
        63,
        64,
        65.54794520547945,
        67,
        69.61643835616438,
        70,
        71,
        73.23287671232876,
        75,
        75,
        76.84931506849315,
        78,
        79,
        80.91780821917808,
        84.08219178082192,
        84,
        85,
        87,
        89.95890410958904,
        89,
        89.95890410958904,
        90,
        91,
        91,
        92.21917808219177,
        95.38356164383562,
        95,
        95,
        95,
        94.93150684931507,
        96,
        98.0958904109589,
        98,
        98,
        98,
        99.0,
        97.64383561643835,
        97,
        97,
        97,
        97.1917808219178,
        97,
        97.1917808219178,
        96,
        96,
        96.28767123287672,
        94.93150684931507,
        94,
        94,
        94.47945205479452,
        94,
        93.57534246575342,
        93,
        92,
        92.67123287671232,
        92.67123287671232,
        92,
        92,
        92.67123287671232
    ]
}