{
    "x": [
        4.62,
        4.62,
        4,
        3.96,
        3.96,
        3,
        3.96,
        3.96,
        3,
        3.96,
        3.3,
        2,
        2.64,
        2.64,
        2,
        2.64,
        2.64,
        2,
        2.64,
        2.64,
        2,
        2.64,
        2.64,
        2,
        3.3,
        3.96,
        3,
        3.96,
        2.64,
        2,
        1.98,
        1.32,
        1,
        1.32,
        1.32,
        0,
        0.66,
        0.66,
        0,
        0.66,
        0.0,
        0,
        0.0,
        0.66,
        0,
        0.0,
        0.0,
        0,
        0.0,
        0.66,
        0,
        0.66,
        1.32,
        1,
        1.32,
        1.32,
        0,
        0.66,
        1.32,
        0,
        0.66,
        1.32,
        1,
        1.98,
        2.64,
        2,
        2.64,
        4.62,
        5,
        6.6,
        9.24,
        11,
        13.2,
        16.5,
        18,
        19.8,
        23.76,
        25,
        27.72,
        31.68,
        33,
        35.64,
        38.94,
        41,
        43.56,
        47.52,
        49,
        52.14,
        56.1,
        58,
        60.06,
        64.02,
        66,
        67.98,
        71.94,
        73,
        74.58,
        77.88,
        79,
        81.18,
        83.82,
        85,
        86.46,
        89.1,
        90,
        92.4,
        94.38,
        95,
        95.7,
        97.02,
        97,
        97.02,
        98.34,
        98,
        98.34,
        99.0,
        98,
        97.02,
        97.02,
        96,
        96.36,
        95.7,
        95,
        94.38,
        93.72,
        92,
        91.74,
        89.76,
        88,
        87.12,
        85.14,
        83,
        81.84,
        77.88,
        75,
        73.92,
        69.96,
        67,
        66.0,
        62.7,
        60,
        58.08,
        54.12,
        52,
        50.16,
        46.86,
        45,
        43.56,
        39.6,
        37,
        36.3,
        33.0,
        31,
        29.04,
        26.4,
        25,
        23.76,
        21.12,
        20,
        19.14,
        17.16,
        16,
        15.84,
        15.84,
        15,
        15.84,
        15.18,
        13.86,
        13.86,
        12.54,
        11.88,
        11.88,
        11.22,
        11.22,
        11.22
    ],
    "y": [
        96.82894736842105,
        96.39473684210526,
        95,
        95.52631578947368,
        94.65789473684211,
        93,
        92.92105263157895,
        91.1842105263158,
        90,
        89.01315789473684,
        86.84210526315789,
        85,
        84.23684210526316,
        81.63157894736842,
        80,
        78.59210526315789,
        75.55263157894737,
        74,
        72.94736842105263,
        69.90789473684211,
        68,
        67.30263157894737,
        64.26315789473684,
        62,
        61.223684210526315,
        58.18421052631579,
        56,
        55.14473684210526,
        52.53947368421053,
        51,
        49.5,
        46.89473684210526,
        45,
        44.28947368421053,
        42.11842105263158,
        40,
        39.51315789473684,
        36.473684210526315,
        35,
        34.30263157894737,
        31.69736842105263,
        30,
        29.526315789473685,
        26.92105263157895,
        25,
        24.31578947368421,
        21.710526315789473,
        20,
        19.105263157894736,
        16.5,
        15,
        14.328947368421053,
        12.157894736842104,
        11,
        10.421052631578947,
        8.68421052631579,
        7,
        6.947368421052632,
        5.2105263157894735,
        4,
        4.342105263157895,
        3.473684210526316,
        3,
        3.039473684210526,
        3.039473684210526,
        3,
        3.039473684210526,
        2.6052631578947367,
        2,
        2.6052631578947367,
        1.736842105263158,
        1,
        0.868421052631579,
        0.0,
        0,
        0.4342105263157895,
        0.0,
        0,
        0.0,
        0.4342105263157895,
        0,
        0.868421052631579,
        0.868421052631579,
        1,
        1.736842105263158,
        2.6052631578947367,
        3,
        3.473684210526316,
        4.342105263157895,
        4,
        5.644736842105263,
        6.947368421052632,
        7,
        8.68421052631579,
        10.421052631578947,
        11,
        12.157894736842104,
        13.894736842105264,
        15,
        16.93421052631579,
        18.67105263157895,
        19,
        20.842105263157894,
        23.013157894736842,
        24,
        26.05263157894737,
        28.657894736842106,
        30,
        31.69736842105263,
        34.73684210526316,
        36,
        37.776315789473685,
        40.81578947368421,
        42,
        44.28947368421053,
        47.328947368421055,
        49,
        50.80263157894737,
        54.276315789473685,
        56,
        57.75,
        61.6578947368421,
        63,
        64.69736842105263,
        68.17105263157895,
        69,
        71.64473684210526,
        74.25,
        75,
        76.42105263157895,
        78.59210526315789,
        79,
        80.76315789473684,
        82.5,
        83,
        84.23684210526316,
        85.97368421052632,
        86,
        87.27631578947368,
        89.01315789473684,
        89,
        90.3157894736842,
        91.61842105263158,
        92,
        92.48684210526316,
        93.78947368421052,
        94,
        94.22368421052632,
        95.09210526315789,
        95,
        95.52631578947368,
        96.39473684210526,
        96,
        96.82894736842105,
        97.26315789473684,
        97,
        97.26315789473684,
        97.69736842105263,
        97,
        98.13157894736842,
        98.13157894736842,
        98,
        98.5657894736842,
        99.0,
        99,
        99.0,
        98.5657894736842,
        98.5657894736842,
        99.0,
        99.0,
        98.5657894736842,
        98.5657894736842,
        97.69736842105263,
        97.69736842105263,
        97.69736842105263
    ]
}