{
    "x": [
        5.5,
        5.5,
        5,
        5.5,
        5,
        4.8125,
        5,
        5.5,
        5.5,
        5,
        5,
        4.8125,
        4.125,
        3,
        3,
        3.4375,
        4.125,
        4,
        4.125,
        4,
        4.125,
        4,
        4.125,
        4.125,
        4,
        4,
        4.125,
        3.4375,
        3,
        3,
        3.4375,
        3.4375,
        3,
        2.75,
        2,
        2.75,
        2,
        1.375,
        1.375,
        1,
        1,
        1.375,
        1.375,
        1,
        1,
        1.375,
        1.375,
        0,
        0.0,
        0,
        0.0,
        0,
        0.0,
        1.375,
        1,
        1,
        1.375,
        0.6875,
        0,
        0,
        0.6875,
        0.6875,
        0,
        0.0,
        0,
        0.0,
        0,
        0.0,
        0.0,
        0,
        0,
        0.0,
        1.375,
        2,
        2,
        2.75,
        5.5,
        7,
        9.625,
        11,
        13.75,
        15,
        17.875,
        23.375,
        24,
        25,
        27.5,
        31.625,
        34,
        35,
        36.4375,
        40.5625,
        42,
        44.6875,
        47,
        49.5,
        51,
        52.9375,
        57.75,
        57,
        58,
        59.125,
        66.6875,
        68,
        69,
        70.8125,
        74.25,
        75,
        77.6875,
        80,
        82.5,
        84,
        86.625,
        89.375,
        89,
        90,
        92.125,
        94.1875,
        95,
        95,
        96.25,
        97.625,
        97,
        97.625,
        98,
        99.0,
        98,
        98.3125,
        97.625,
        97,
        97,
        96.9375,
        94.875,
        93,
        92,
        92.8125,
        90.0625,
        88,
        87.3125,
        85,
        83.1875,
        81,
        79.75,
        74.9375,
        73,
        72,
        69.4375,
        64.625,
        61,
        60,
        59.125,
        53.625,
        50,
        48.125,
        46.0625,
        41,
        37.8125,
        33.0,
        30,
        28.1875,
        24.0625,
        22,
        19.9375,
        15.8125,
        14,
        12.375,
        8.9375,
        7,
        6.875,
        5.5,
        5,
        4.8125,
        4.125,
        3,
        3.4375
    ],
    "y": [
        99.0,
        98.5170731707317,
        98,
        97.55121951219512,
        96,
        96.10243902439025,
        95,
        94.17073170731707,
        91.7560975609756,
        90,
        90,
        89.34146341463415,
        86.44390243902438,
        84,
        83,
        83.54634146341463,
        80.16585365853659,
        78,
        77.26829268292683,
        75,
        73.88780487804878,
        72,
        70.50731707317073,
        67.12682926829268,
        66,
        65,
        64.22926829268293,
        60.84878048780488,
        59,
        58,
        57.951219512195124,
        55.05365853658537,
        53,
        51.673170731707316,
        50,
        48.77560975609756,
        47,
        45.8780487804878,
        42.98048780487805,
        41,
        41,
        40.082926829268295,
        37.18536585365854,
        35,
        34,
        34.28780487804878,
        31.87317073170732,
        30,
        29.458536585365852,
        28,
        26.5609756097561,
        24,
        23.180487804878048,
        20.28292682926829,
        19,
        18,
        17.385365853658538,
        14.970731707317073,
        13,
        12,
        12.073170731707316,
        10.141463414634146,
        9,
        8.209756097560975,
        7,
        6.760975609756097,
        6,
        5.795121951219512,
        4.829268292682927,
        4,
        4,
        4.829268292682927,
        4.829268292682927,
        4,
        4,
        4.3463414634146345,
        3.8634146341463413,
        3,
        3.3804878048780487,
        2,
        2.4146341463414633,
        1,
        1.448780487804878,
        0.48292682926829267,
        0,
        0,
        0.0,
        0.48292682926829267,
        0,
        0,
        0.48292682926829267,
        0.9658536585365853,
        1,
        1.448780487804878,
        1,
        1.9317073170731707,
        2,
        2.897560975609756,
        4.3463414634146345,
        4,
        4,
        4.829268292682927,
        7.726829268292683,
        8,
        8,
        9.658536585365853,
        11.590243902439024,
        13,
        14.487804878048781,
        15,
        17.385365853658538,
        19,
        20.765853658536585,
        23.663414634146342,
        24,
        25,
        26.5609756097561,
        29.458536585365852,
        31,
        31,
        32.8390243902439,
        35.73658536585366,
        37,
        39.6,
        41,
        42.98048780487805,
        44,
        46.84390243902439,
        50.707317073170735,
        51,
        52,
        55.05365853658537,
        58.917073170731705,
        61,
        62,
        63.26341463414634,
        67.12682926829268,
        69,
        70.99024390243902,
        72,
        73.40487804878049,
        74,
        75.81951219512194,
        78.23414634146341,
        78,
        79,
        80.16585365853659,
        82.58048780487805,
        83,
        83,
        84.51219512195122,
        85.9609756097561,
        86,
        87.89268292682927,
        88.85853658536585,
        89,
        90.79024390243903,
        91.7560975609756,
        92,
        92.72195121951219,
        93.20487804878049,
        93,
        93.20487804878049,
        93.68780487804878,
        93,
        93.68780487804878,
        93.68780487804878,
        93,
        94.17073170731707,
        94.65365853658537,
        94,
        94.17073170731707,
        94.17073170731707,
        94,
        94.65365853658537
    ]
}