{
    "x": [
        2.25,
        3.0,
        3,
        3.0,
        2.25,
        2,
        3.0,
        3.0,
        3,
        3.0,
        3.0,
        2,
        2.25,
        3.0,
        3,
        3.0,
        3.75,
        3,
        3.75,
        3.75,
        3,
        3.75,
        4.5,
        2,
        0.0,
        3.75,
        4,
        5.25,
        5.25,
        5,
        5.25,
        5.25,
        5,
        5.25,
        5.25,
        6,
        6.75,
        6.75,
        7,
        7.5,
        8.25,
        8,
        9.0,
        10.5,
        11,
        12.75,
        14.25,
        15,
        17.25,
        20.25,
        22,
        24.0,
        27.75,
        29,
        31.5,
        35.25,
        37,
        39.75,
        43.5,
        45,
        48.0,
        51.75,
        54,
        56.25,
        60.75,
        62,
        64.5,
        69.75,
        71,
        73.5,
        78.0,
        79,
        81.75,
        85.5,
        87,
        89.25,
        91.5,
        93,
        94.5,
        96.0,
        96,
        97.5,
        98.25,
        98,
        99.0,
        99.0,
        99,
        99.0,
        93.0,
        95,
        97.5,
        97.5,
        97,
        97.5,
        96.75,
        96,
        96.75,
        96.0,
        95,
        95.25,
        94.5,
        94,
        94.5,
        93.75,
        93,
        93.75,
        93.75,
        93,
        93.75,
        93.75,
        93,
        93.75,
        93.75,
        93,
        93.75,
        90.0,
        91,
        93.75,
        93.0,
        92,
        92.25,
        92.25,
        91,
        90.0,
        87.75,
        86,
        84.75,
        81.0,
        78,
        75.75,
        75.75,
        70,
        64.5,
        57.75,
        54,
        51.75,
        45.0,
        42,
        39.75,
        34.5,
        31,
        29.25,
        25.5,
        24,
        22.5,
        21.0,
        20,
        20.25,
        20.25,
        21,
        21.75,
        23.25,
        21.0,
        28.5,
        31.5,
        35.25,
        38.25,
        42.0,
        45.75,
        49.5,
        54.75,
        56.25,
        60.0,
        63.75,
        66.0,
        67.5,
        69.75,
        71.25,
        74.25,
        75.0,
        76.5,
        77.25,
        76.5,
        76.5,
        76.5
    ],
    "y": [
        99.0,
        99.0,
        98,
        98.48704663212435,
        96.43523316062176,
        95,
        93.87046632124353,
        90.79274611398964,
        88,
        87.20207253886011,
        83.61139896373057,
        82,
        80.53367875647669,
        76.43005181347151,
        74,
        72.83937823834196,
        69.24870466321244,
        67,
        65.14507772020725,
        61.55440414507772,
        59,
        57.96373056994819,
        54.373056994818654,
        53,
        52.32124352331606,
        46.16580310880829,
        44,
        42.575129533678755,
        38.47150259067357,
        36,
        34.36787564766839,
        30.77720207253886,
        29,
        27.699481865284973,
        25.134715025906736,
        23,
        22.569948186528496,
        20.518134715025905,
        20,
        19.492227979274613,
        19.492227979274613,
        20,
        20.518134715025905,
        22.569948186528496,
        23,
        25.134715025906736,
        27.699481865284973,
        29,
        30.77720207253886,
        33.854922279792746,
        35,
        37.44559585492228,
        41.03626943005181,
        42,
        44.1139896373057,
        47.704663212435236,
        49,
        51.295336787564764,
        54.8860103626943,
        56,
        58.98963730569948,
        62.58031088082902,
        64,
        66.17098445595855,
        70.27461139896373,
        72,
        73.86528497409327,
        76.94300518134715,
        78,
        80.53367875647669,
        84.12435233160622,
        85,
        86.68911917098445,
        89.25388601036269,
        90,
        91.30569948186529,
        93.87046632124353,
        94,
        95.92227979274611,
        97.97409326424871,
        98,
        99.0,
        99.0,
        98,
        98.48704663212435,
        96.94818652849742,
        95,
        94.38341968911917,
        92.84455958549223,
        90,
        87.71502590673575,
        83.61139896373057,
        81,
        78.99481865284974,
        74.37823834196891,
        71,
        69.24870466321244,
        65.14507772020725,
        62,
        60.52849740932643,
        55.9119170984456,
        53,
        51.80829015544042,
        48.73056994818653,
        46,
        44.626943005181346,
        41.03626943005181,
        38,
        36.41968911917098,
        32.829015544041454,
        31,
        29.238341968911918,
        25.647668393782382,
        24,
        22.569948186528496,
        24.10880829015544,
        21,
        17.95336787564767,
        16.927461139896373,
        16,
        16.927461139896373,
        17.440414507772022,
        17,
        18.466321243523318,
        20.00518134715026,
        20,
        21.5440414507772,
        23.082901554404145,
        23,
        23.59585492227979,
        24.10880829015544,
        24,
        25.647668393782382,
        25.134715025906736,
        24,
        24.621761658031087,
        24.621761658031087,
        24,
        23.59585492227979,
        22.05699481865285,
        21,
        20.518134715025905,
        18.979274611398964,
        17,
        16.927461139896373,
        14.362694300518134,
        13,
        11.797927461139896,
        9.746113989637307,
        8,
        8.207253886010363,
        6.668393782383419,
        4.616580310880829,
        4.103626943005182,
        4.103626943005182,
        5.129533678756476,
        5.642487046632124,
        7.181347150259067,
        8.207253886010363,
        9.233160621761659,
        14.362694300518134,
        10.7720207253886,
        10.259067357512953,
        9.746113989637307,
        8.720207253886011,
        7.694300518134715,
        5.642487046632124,
        4.103626943005182,
        3.077720207253886,
        1.538860103626943,
        0.5129533678756477,
        0.0,
        0.0,
        0.5129533678756477,
        1.0259067357512954
    ]
}