{
    "x": [
        1.5,
        1,
        1.5,
        1,
        1.5,
        1.5,
        1,
        1.5,
        1.5,
        1,
        2.25,
        1.5,
        1,
        1.5,
        1.5,
        1,
        1.5,
        0.75,
        0,
        0.75,
        0.0,
        0,
        0.0,
        0.0,
        0,
        0.0,
        0.0,
        0,
        0.75,
        0.0,
        0,
        0.75,
        0.75,
        0,
        0.75,
        1,
        1.5,
        1,
        0.75,
        2.25,
        3,
        4.5,
        6.75,
        8,
        9.75,
        13.5,
        15,
        17.25,
        21.0,
        22,
        24.75,
        29.25,
        31,
        33.0,
        36.0,
        37,
        39.75,
        44.25,
        46,
        48.75,
        53.25,
        55,
        58.5,
        63.0,
        65,
        68.25,
        72.0,
        73,
        75.75,
        80.25,
        81,
        82,
        84.0,
        87.75,
        88,
        90.0,
        92.25,
        93,
        94.5,
        95.25,
        95,
        96.0,
        96.75,
        97,
        97.5,
        98.25,
        98,
        98.25,
        96.75,
        96,
        96.0,
        95.25,
        95,
        96.0,
        96.75,
        96,
        96.0,
        96.0,
        96,
        97.5,
        98.25,
        98,
        99.0,
        99.0,
        99,
        99,
        99.0,
        99.0,
        97,
        96.75,
        96.0,
        95,
        94.5,
        90.75,
        88,
        87.0,
        83.25,
        81,
        78.75,
        73.5,
        70,
        68.25,
        60.0,
        56,
        52.5,
        44.25,
        40,
        36.75,
        30.0,
        27,
        24.75,
        20.25,
        18,
        16.5,
        15.0,
        13,
        12.0,
        12.0,
        12,
        13.5,
        13,
        14.25,
        15,
        17.25,
        20.25,
        21,
        22.5,
        27.75,
        29,
        30.75,
        35.25,
        37,
        39.75,
        45.0,
        47,
        49.5,
        54.75,
        56,
        58.5,
        67.5,
        66,
        66.0,
        69.75,
        71,
        73.5,
        77.25,
        79,
        81.0,
        83.25,
        84,
        84.75,
        85.5,
        85,
        85.5,
        85.5
    ],
    "y": [
        99.0,
        98,
        98.07476635514018,
        97,
        97.14953271028037,
        95.29906542056075,
        94,
        92.98598130841121,
        89.74766355140187,
        88,
        86.50934579439253,
        82.80841121495327,
        80,
        78.64485981308411,
        74.48130841121495,
        72,
        70.3177570093458,
        65.69158878504673,
        63,
        61.06542056074766,
        56.901869158878505,
        55,
        53.200934579439256,
        49.03738317757009,
        46,
        44.873831775700936,
        40.71028037383178,
        38,
        37.00934579439252,
        33.308411214953274,
        31,
        30.070093457943926,
        26.83177570093458,
        25,
        24.981308411214954,
        24,
        23.130841121495326,
        22,
        22.205607476635514,
        22.205607476635514,
        22,
        23.593457943925234,
        25.44392523364486,
        26,
        27.757009345794394,
        30.53271028037383,
        31,
        33.308411214953274,
        37.00934579439252,
        38,
        39.78504672897196,
        43.02336448598131,
        44,
        46.26168224299065,
        49.96261682242991,
        51,
        53.66355140186916,
        57.36448598130841,
        59,
        61.06542056074766,
        64.30373831775701,
        65,
        67.54205607476635,
        69.85514018691589,
        71,
        73.09345794392523,
        75.86915887850468,
        77,
        79.57009345794393,
        81.88317757009345,
        82,
        83,
        84.19626168224299,
        86.04672897196262,
        86,
        87.89719626168224,
        88.82242990654206,
        89,
        89.28504672897196,
        89.74766355140187,
        89,
        89.74766355140187,
        88.82242990654206,
        88,
        87.43457943925233,
        85.58411214953271,
        83,
        82.34579439252336,
        78.64485981308411,
        76,
        74.01869158878505,
        68.92990654205607,
        66,
        63.37850467289719,
        57.82710280373832,
        55,
        52.73831775700935,
        47.18691588785047,
        44,
        42.098130841121495,
        37.47196261682243,
        35,
        33.308411214953274,
        29.14485981308411,
        27,
        26,
        25.44392523364486,
        22.205607476635514,
        21,
        19.89252336448598,
        18.50467289719626,
        18,
        17.57943925233645,
        17.57943925233645,
        18,
        18.50467289719626,
        18.96728971962617,
        19,
        20.35514018691589,
        20.817757009345794,
        20,
        20.817757009345794,
        21.742990654205606,
        22,
        22.66822429906542,
        23.130841121495326,
        23,
        23.593457943925234,
        23.130841121495326,
        22,
        22.205607476635514,
        21.2803738317757,
        20,
        19.429906542056074,
        17.11682242990654,
        15,
        14.80373831775701,
        12.02803738317757,
        10,
        9.25233644859813,
        8,
        6.9392523364485985,
        5,
        4.626168224299065,
        4.163551401869159,
        3,
        3.7009345794392523,
        4.163551401869159,
        4,
        5.5514018691588785,
        7.401869158878505,
        8,
        9.25233644859813,
        11.565420560747663,
        12,
        12.953271028037383,
        13.878504672897197,
        14,
        14.341121495327103,
        11.102803738317757,
        12,
        12.953271028037383,
        11.565420560747663,
        10,
        9.25233644859813,
        6.4766355140186915,
        5,
        4.163551401869159,
        2.3130841121495327,
        1,
        0.9252336448598131,
        0.46261682242990654,
        0,
        0.0,
        0.46261682242990654
    ]
}