{
    "x": [
        0.75,
        0.75,
        0,
        0.75,
        0.75,
        0,
        0.75,
        0.75,
        1,
        1.5,
        0.75,
        0,
        0.75,
        0.75,
        0,
        0.0,
        0.75,
        0,
        0.0,
        0.75,
        1,
        1.5,
        1.5,
        1,
        0.75,
        0.75,
        0,
        0.75,
        0.0,
        0,
        0.0,
        0.0,
        0,
        0.0,
        1.5,
        1,
        2.25,
        3.75,
        4,
        6.0,
        9.0,
        10,
        12.0,
        14.25,
        16,
        18.0,
        21.0,
        22,
        24.75,
        27.75,
        29,
        31.5,
        35.25,
        37,
        39.0,
        42.0,
        44,
        46.5,
        49.5,
        51,
        53.25,
        57.0,
        58,
        60.75,
        64.5,
        66,
        68.25,
        72.0,
        73,
        75.75,
        79.5,
        81,
        82.5,
        86.25,
        87,
        88.5,
        91.5,
        92,
        93.75,
        95.25,
        96,
        96.75,
        98.25,
        98,
        98.25,
        99.0,
        99,
        99.0,
        99.0,
        99,
        99.0,
        99.0,
        99,
        99.0,
        99.0,
        99,
        99.0,
        98.25,
        97,
        97.5,
        98.25,
        98,
        98.25,
        99.0,
        98,
        97.5,
        97.5,
        97,
        97.5,
        96.75,
        96,
        96.75,
        96.75,
        96,
        96.75,
        96.75,
        96,
        96.0,
        95.25,
        94,
        93.0,
        90.75,
        89,
        88.5,
        84.75,
        82,
        80.25,
        75.75,
        72,
        69.75,
        64.5,
        61,
        58.5,
        51.75,
        48,
        45.75,
        44.25,
        39,
        33.75,
        30.0,
        27,
        25.5,
        22.5,
        20,
        18.0,
        15.75,
        14,
        13.5,
        13.5,
        13.5,
        14.25,
        17.25,
        20.25,
        22.5,
        27.75,
        32.25,
        36.0,
        41.25,
        44.25,
        48.75,
        51.75,
        56.25,
        60.0,
        64.5,
        66.75,
        69.0,
        72.0,
        75.75,
        78.0,
        81.0,
        83.25,
        84.75,
        84.75,
        84.75,
        81.0
    ],
    "y": [
        99.0,
        97.63133640552995,
        96,
        95.80645161290323,
        93.52534562211981,
        92,
        90.78801843317973,
        87.13824884792626,
        85,
        83.48847926267281,
        79.38248847926268,
        77,
        74.82027649769586,
        70.25806451612904,
        67,
        65.23963133640552,
        60.67741935483871,
        58,
        55.65898617511521,
        50.64055299539171,
        48,
        46.07834101382488,
        41.516129032258064,
        39,
        36.953917050691246,
        33.30414746543779,
        31,
        29.65437788018433,
        26.46082949308756,
        25,
        24.179723502304146,
        21.898617511520737,
        20,
        20.07373271889401,
        19.161290322580644,
        19,
        19.161290322580644,
        19.617511520737327,
        20,
        20.986175115207374,
        23.267281105990783,
        24,
        26.004608294930875,
        28.285714285714285,
        29,
        31.023041474654377,
        33.30414746543779,
        34,
        36.04147465437788,
        38.77880184331797,
        40,
        41.516129032258064,
        44.25345622119816,
        46,
        47.903225806451616,
        50.64055299539171,
        52,
        54.29032258064516,
        57.483870967741936,
        59,
        61.133640552995395,
        64.78341013824885,
        66,
        68.88940092165899,
        72.53917050691244,
        74,
        75.73271889400921,
        79.38248847926268,
        80,
        82.57603686635944,
        85.31336405529954,
        86,
        87.59447004608295,
        89.87557603686636,
        91,
        92.15668202764977,
        94.43778801843318,
        95,
        96.26267281105991,
        98.08755760368663,
        98,
        99.0,
        98.08755760368663,
        97,
        97.17511520737327,
        94.89400921658986,
        93,
        92.15668202764977,
        88.963133640553,
        87,
        85.31336405529954,
        81.2073732718894,
        79,
        77.10138248847926,
        72.99539170506912,
        70,
        67.97695852534562,
        63.414746543778804,
        61,
        58.85253456221198,
        53.83410138248848,
        51,
        48.815668202764975,
        44.70967741935484,
        42,
        40.6036866359447,
        36.953917050691246,
        35,
        33.30414746543779,
        30.110599078341014,
        28,
        26.91705069124424,
        24.179723502304146,
        23,
        22.35483870967742,
        21.442396313364057,
        21,
        20.986175115207374,
        20.986175115207374,
        21,
        21.898617511520737,
        22.35483870967742,
        22,
        22.8110599078341,
        23.723502304147466,
        23,
        24.179723502304146,
        25.548387096774192,
        25,
        26.004608294930875,
        26.46082949308756,
        26,
        26.91705069124424,
        26.91705069124424,
        26,
        26.91705069124424,
        24.179723502304146,
        25,
        26.46082949308756,
        26.004608294930875,
        25,
        24.63594470046083,
        23.267281105990783,
        22,
        21.442396313364057,
        19.617511520737327,
        18,
        17.336405529953918,
        14.599078341013826,
        11.861751152073733,
        9.580645161290322,
        7.755760368663594,
        6.84331797235023,
        6.387096774193548,
        6.84331797235023,
        8.211981566820276,
        9.580645161290322,
        11.40552995391705,
        13.68663594470046,
        15.511520737327189,
        17.336405529953918,
        18.24884792626728,
        18.705069124423964,
        17.792626728110598,
        16.880184331797235,
        15.055299539170507,
        13.23041474654378,
        10.949308755760368,
        9.12442396313364,
        6.387096774193548,
        5.018433179723503,
        3.6497695852534564,
        2.737327188940092,
        2.28110599078341,
        0.0
    ]
}