{
    "x": [
        11.25,
        11.25,
        6.0,
        6,
        6.0,
        6.75,
        6.0,
        6,
        6.75,
        6.0,
        6.75,
        6,
        6.0,
        6.0,
        5.25,
        4,
        3.75,
        3.0,
        3.75,
        3,
        3.75,
        3.75,
        3.0,
        3,
        3.0,
        1.5,
        0.75,
        0,
        0.75,
        0.0,
        0.0,
        0,
        0.0,
        0.0,
        0.0,
        0,
        0.0,
        0.0,
        0.0,
        0,
        0.75,
        1.5,
        3.75,
        5,
        6.75,
        9.0,
        12.75,
        14,
        15.75,
        19.5,
        21.75,
        22,
        24.0,
        27.0,
        30.0,
        31,
        33.0,
        36.0,
        39.75,
        41,
        42.75,
        46.5,
        51.0,
        52,
        54.0,
        57.0,
        58.5,
        59,
        60.75,
        63.0,
        66.75,
        68,
        69.75,
        72.75,
        75.75,
        77,
        78.75,
        81.75,
        83.25,
        87,
        90.75,
        87.75,
        90.0,
        90,
        90.75,
        92.25,
        93.75,
        94,
        95.25,
        96.0,
        96.75,
        97,
        98.25,
        98.25,
        97.5,
        97,
        98.25,
        98.25,
        98.25,
        98,
        98.25,
        97.5,
        94.5,
        96,
        97.5,
        97.5,
        96.75,
        97,
        97.5,
        98.25,
        99.0,
        98,
        98.25,
        97.5,
        97.5,
        97,
        97.5,
        97.5,
        97.5,
        97,
        97.5,
        97.5,
        96.0,
        95,
        95.25,
        93.0,
        90.75,
        89,
        87.75,
        84.0,
        79.5,
        76,
        74.25,
        70.5,
        64.5,
        61,
        59.25,
        54.0,
        49.5,
        46,
        42.75,
        37.5,
        33.0,
        31,
        29.25,
        27.0,
        24.0,
        23,
        22.5,
        22.5,
        21.75,
        22.5,
        23.25,
        24.75,
        27.75,
        30.0,
        33.0,
        36.75,
        39.0,
        42.75,
        46.5,
        50.25,
        54.0,
        58.5,
        60.75,
        63.75,
        65.25,
        69.0,
        71.25,
        73.5,
        75.75,
        76.5,
        77.25,
        77.25,
        76.5
    ],
    "y": [
        98.55803571428571,
        97.67410714285714,
        99.0,
        98,
        98.11607142857143,
        97.23214285714286,
        95.46428571428571,
        94,
        94.13839285714286,
        91.92857142857143,
        89.71875,
        88,
        87.06696428571429,
        83.97321428571429,
        80.87946428571429,
        79,
        77.78571428571429,
        74.25,
        71.15625,
        69,
        67.62053571428571,
        64.52678571428571,
        60.99107142857143,
        59,
        57.455357142857146,
        53.919642857142854,
        50.38392857142857,
        48,
        46.40625,
        42.42857142857143,
        38.892857142857146,
        37,
        35.357142857142854,
        31.821428571428573,
        28.727678571428573,
        27,
        26.075892857142858,
        23.866071428571427,
        22.098214285714285,
        21,
        20.772321428571427,
        19.888392857142858,
        20.330357142857142,
        20,
        20.330357142857142,
        21.65625,
        22.982142857142858,
        23,
        24.75,
        26.959821428571427,
        29.169642857142858,
        30,
        31.379464285714285,
        34.03125,
        36.683035714285715,
        38,
        39.33482142857143,
        41.986607142857146,
        45.52232142857143,
        47,
        48.61607142857143,
        51.267857142857146,
        54.361607142857146,
        55,
        57.013392857142854,
        59.223214285714285,
        61.433035714285715,
        62,
        64.08482142857143,
        66.73660714285714,
        69.38839285714286,
        70,
        71.59821428571429,
        74.25,
        77.34375,
        78,
        79.99553571428571,
        82.64732142857143,
        85.29910714285714,
        86,
        88.39285714285714,
        89.71875,
        91.04464285714286,
        91,
        92.8125,
        94.13839285714286,
        95.02232142857143,
        95,
        95.46428571428571,
        96.34821428571429,
        96.34821428571429,
        96,
        96.34821428571429,
        95.02232142857143,
        93.69642857142857,
        92,
        91.48660714285714,
        88.83482142857143,
        85.74107142857143,
        83,
        81.76339285714286,
        77.78571428571429,
        75.13392857142857,
        72,
        68.94642857142857,
        64.52678571428571,
        59.66517857142857,
        57,
        55.245535714285715,
        50.825892857142854,
        46.40625,
        44,
        41.986607142857146,
        37.566964285714285,
        34.473214285714285,
        32,
        30.9375,
        27.401785714285715,
        24.308035714285715,
        22,
        21.65625,
        19.446428571428573,
        18.120535714285715,
        17,
        17.236607142857142,
        16.352678571428573,
        16.794642857142858,
        17,
        17.678571428571427,
        18.5625,
        19.446428571428573,
        19,
        19.888392857142858,
        20.330357142857142,
        20.772321428571427,
        20,
        20.772321428571427,
        21.214285714285715,
        21.214285714285715,
        21,
        21.214285714285715,
        21.65625,
        21.65625,
        21,
        20.772321428571427,
        19.446428571428573,
        18.120535714285715,
        17,
        15.910714285714286,
        13.700892857142858,
        11.049107142857142,
        8.397321428571429,
        6.1875,
        4.419642857142857,
        3.5357142857142856,
        3.09375,
        3.09375,
        3.9776785714285716,
        5.745535714285714,
        7.513392857142857,
        9.28125,
        11.049107142857142,
        11.491071428571429,
        11.933035714285714,
        11.491071428571429,
        10.607142857142858,
        9.28125,
        7.955357142857143,
        6.1875,
        4.419642857142857,
        2.6517857142857144,
        1.3258928571428572,
        0.4419642857142857,
        0.0,
        0.0
    ]
}