{
    "x": [
        4.62,
        4.62,
        4,
        4.62,
        3.96,
        3,
        3.96,
        3.3,
        3,
        3.3,
        3.3,
        3,
        3.3,
        3.3,
        3,
        3.96,
        3.3,
        1,
        0.0,
        3.3,
        3,
        3.3,
        3.3,
        1,
        0.0,
        3.3,
        3,
        3.3,
        3.3,
        3,
        3.3,
        3.96,
        3,
        3.96,
        3.96,
        3,
        3.96,
        5.28,
        5,
        5.28,
        6.6,
        7,
        7.92,
        10.56,
        11,
        13.2,
        15.84,
        17,
        19.8,
        23.76,
        25,
        27.72,
        32.34,
        34,
        36.96,
        40.92,
        42,
        44.22,
        48.84,
        50,
        52.8,
        56.76,
        58,
        60.06,
        64.02,
        66,
        67.98,
        71.28,
        72,
        73.92,
        77.22,
        78,
        79.86,
        82.5,
        83,
        85.14,
        88.44,
        90,
        91.74,
        93.72,
        94,
        95.7,
        97.02,
        97,
        98.34,
        99.0,
        99,
        99.0,
        99.0,
        98,
        98.34,
        98.34,
        96,
        93.72,
        97.68,
        97,
        96.36,
        96.36,
        96,
        96.36,
        95.7,
        95,
        95.04,
        95.04,
        95,
        95.04,
        95.04,
        95,
        95.04,
        94.38,
        94,
        93.72,
        93.06,
        93,
        93.06,
        91.74,
        89,
        87.12,
        89.76,
        88,
        87.78,
        85.14,
        83,
        81.84,
        77.88,
        75,
        73.26,
        69.3,
        66,
        64.02,
        58.74,
        55,
        52.14,
        46.86,
        44,
        41.58,
        36.3,
        33,
        31.68,
        28.38,
        26,
        24.42,
        22.44,
        21,
        20.46,
        19.14,
        19,
        19.14,
        20.46,
        21,
        22.44,
        24.42,
        26,
        27.72,
        31.02,
        33,
        34.98,
        38.28,
        40,
        42.9,
        46.86,
        48,
        50.16,
        52.8,
        54,
        56.1,
        58.74,
        62.04,
        65.34,
        67.32,
        69.96,
        71.28,
        73.26,
        75.9,
        73.92
    ],
    "y": [
        99.0,
        98.5170731707317,
        98,
        98.03414634146341,
        96.58536585365853,
        95,
        94.17073170731707,
        90.79024390243903,
        89,
        87.40975609756097,
        83.54634146341463,
        81,
        80.16585365853659,
        75.81951219512194,
        73,
        71.47317073170731,
        67.12682926829268,
        65,
        64.22926829268293,
        58.917073170731705,
        56,
        54.57073170731707,
        50.22439024390244,
        48,
        46.84390243902439,
        42.014634146341464,
        39,
        37.66829268292683,
        33.80487804878049,
        31,
        29.941463414634146,
        26.5609756097561,
        24,
        23.180487804878048,
        20.28292682926829,
        19,
        18.351219512195122,
        17.385365853658538,
        17,
        16.902439024390244,
        18.351219512195122,
        19,
        19.8,
        21.24878048780488,
        22,
        24.146341463414632,
        26.5609756097561,
        28,
        29.458536585365852,
        32.8390243902439,
        34,
        36.21951219512195,
        39.11707317073171,
        40,
        42.014634146341464,
        45.8780487804878,
        47,
        48.77560975609756,
        51.673170731707316,
        53,
        54.57073170731707,
        57.46829268292683,
        58,
        60.36585365853659,
        62.78048780487805,
        63,
        64.71219512195123,
        67.12682926829268,
        68,
        70.02439024390245,
        72.9219512195122,
        74,
        75.81951219512194,
        78.71707317073171,
        79,
        81.13170731707316,
        84.02926829268293,
        85,
        86.44390243902438,
        88.85853658536585,
        89,
        90.30731707317074,
        92.2390243902439,
        92,
        92.72195121951219,
        92.72195121951219,
        92,
        91.7560975609756,
        89.34146341463415,
        87,
        86.44390243902438,
        82.09756097560975,
        80,
        78.71707317073171,
        72.9219512195122,
        70,
        68.09268292682927,
        62.78048780487805,
        60,
        57.951219512195124,
        53.1219512195122,
        50,
        48.77560975609756,
        43.94634146341463,
        41,
        39.11707317073171,
        35.25365853658536,
        33,
        31.390243902439025,
        27.526829268292683,
        25,
        24.146341463414632,
        21.24878048780488,
        20,
        18.834146341463416,
        17.385365853658538,
        17,
        16.902439024390244,
        16.41951219512195,
        16,
        17.385365853658538,
        18.834146341463416,
        19,
        20.28292682926829,
        21.73170731707317,
        22,
        23.180487804878048,
        23.663414634146342,
        23,
        24.146341463414632,
        24.146341463414632,
        23,
        23.663414634146342,
        23.663414634146342,
        23,
        23.180487804878048,
        22.214634146341464,
        21,
        20.765853658536585,
        18.834146341463416,
        17,
        16.902439024390244,
        14.970731707317073,
        13,
        12.55609756097561,
        10.141463414634146,
        9,
        8.209756097560975,
        5.795121951219512,
        5,
        4.3463414634146345,
        3.8634146341463413,
        3,
        3.8634146341463413,
        3.8634146341463413,
        4,
        4.3463414634146345,
        5.795121951219512,
        6,
        6.278048780487805,
        7.2439024390243905,
        7,
        8.692682926829269,
        9.175609756097561,
        8,
        8.692682926829269,
        8.692682926829269,
        7.726829268292683,
        6.760975609756097,
        5.31219512195122,
        3.3804878048780487,
        1.9317073170731707,
        0.9658536585365853,
        4.829268292682927,
        0.0
    ]
}