{
    "x": [
        0.792,
        2.376,
        2,
        2.376,
        2.376,
        2,
        2,
        2.376,
        2.376,
        2,
        2.376,
        2,
        2.376,
        2,
        2.376,
        3.168,
        3,
        3,
        3.168,
        3.168,
        3,
        4.752,
        3.96,
        3,
        4,
        4.752,
        5.544,
        5,
        4.752,
        3,
        1.584,
        2,
        3.96,
        4.752,
        4,
        4,
        4.752,
        4.752,
        3,
        1.584,
        3.96,
        3,
        4,
        4.752,
        5.544,
        4,
        3.96,
        3,
        3.96,
        3,
        3.168,
        3.96,
        1,
        0,
        0.0,
        3.168,
        3,
        3.168,
        3.168,
        2,
        1,
        0.0,
        0.0,
        3,
        7.128,
        4,
        2.376,
        1,
        1.584,
        3.96,
        4,
        4,
        5.544,
        7.92,
        8,
        9.504,
        14.256,
        15,
        17,
        20.592,
        26.928,
        29,
        31.68,
        34,
        37.224,
        39,
        42.768,
        49.896,
        53,
        54,
        56.232,
        62.568,
        65,
        68.904,
        74.448,
        75,
        76,
        77.616,
        82.368,
        86,
        91.08,
        95,
        99.0,
        97,
        95.832,
        95.832,
        93,
        91,
        90.288,
        88.704,
        87,
        85.536,
        79.2,
        76,
        74,
        70.488,
        62.568,
        59,
        55.44,
        50,
        45.144,
        40,
        35.64,
        26.928,
        24,
        22,
        21.384,
        16.632,
        15,
        14.256,
        14.256,
        13,
        13,
        12.672,
        11.088,
        11,
        11.088,
        11,
        11.088,
        10,
        10.296,
        11.088,
        12,
        13,
        14.256,
        22.176,
        24,
        26.136,
        30.096,
        31,
        32,
        35.64,
        42.768,
        44,
        46.728,
        49,
        53.064,
        55,
        58.608,
        64.152,
        67,
        69,
        71.28,
        76.824,
        78,
        80.784,
        88.704,
        89,
        90,
        91.872,
        92.664,
        93,
        93.456,
        91,
        88.704
    ],
    "y": [
        99.0,
        98.50746268656717,
        98,
        98.01492537313433,
        96.04477611940298,
        95,
        95,
        94.56716417910448,
        93.58208955223881,
        93,
        92.59701492537313,
        91,
        90.13432835820896,
        88,
        86.68656716417911,
        83.73134328358209,
        82,
        81,
        80.77611940298507,
        77.32835820895522,
        75,
        73.88059701492537,
        69.94029850746269,
        68,
        67,
        66.0,
        62.55223880597015,
        61,
        59.59701492537314,
        57,
        56.149253731343286,
        53,
        51.223880597014926,
        47.776119402985074,
        46,
        45,
        44.32835820895522,
        41.37313432835821,
        40,
        38.91044776119403,
        35.46268656716418,
        34,
        33,
        32.014925373134325,
        28.567164179104477,
        27,
        25.611940298507463,
        24,
        23.149253731343283,
        21,
        19.208955223880597,
        16.253731343283583,
        15,
        14,
        14.776119402985074,
        10.343283582089553,
        9,
        8.865671641791044,
        6.402985074626866,
        5,
        5,
        5.417910447761194,
        4.925373134328358,
        4,
        3.4477611940298507,
        3,
        3.9402985074626864,
        3,
        3.9402985074626864,
        3.9402985074626864,
        4,
        4,
        4.925373134328358,
        4.432835820895522,
        5,
        5.91044776119403,
        4.925373134328358,
        4,
        4,
        3.4477611940298507,
        3.4477611940298507,
        3,
        2.955223880597015,
        2,
        2.955223880597015,
        2,
        2.955223880597015,
        2.462686567164179,
        2,
        1,
        1.9701492537313432,
        1.9701492537313432,
        1,
        1.4776119402985075,
        0.9850746268656716,
        0,
        1,
        1.4776119402985075,
        1.4776119402985075,
        0,
        0.4925373134328358,
        0,
        0.0,
        0,
        0.4925373134328358,
        0.9850746268656716,
        2,
        2,
        3.4477611940298507,
        3.9402985074626864,
        4,
        5.417910447761194,
        8.373134328358208,
        9,
        10,
        12.313432835820896,
        16.253731343283583,
        18,
        21.17910447761194,
        23,
        26.104477611940297,
        28,
        31.029850746268657,
        34.97014925373134,
        36,
        36,
        37.92537313432836,
        40.88059701492537,
        41,
        42.35820895522388,
        42.850746268656714,
        42,
        43,
        43.83582089552239,
        44.32835820895522,
        44,
        44.82089552238806,
        45,
        45.3134328358209,
        46,
        46.791044776119406,
        45.80597014925373,
        45,
        45,
        45.3134328358209,
        43.83582089552239,
        43,
        43.83582089552239,
        44.32835820895522,
        44,
        44,
        43.83582089552239,
        43.83582089552239,
        43,
        43.83582089552239,
        44,
        44.32835820895522,
        44,
        43.83582089552239,
        43.83582089552239,
        43,
        43,
        43.343283582089555,
        43.83582089552239,
        44,
        44.32835820895522,
        43.343283582089555,
        43,
        43,
        43.343283582089555,
        42.850746268656714,
        43,
        43.343283582089555,
        44,
        44.82089552238806
    ]
}