{
    "x": [
        0.0,
        3.96,
        3,
        3.96,
        3.96,
        3,
        3,
        3.96,
        5.28,
        5,
        5.28,
        5,
        5.94,
        5,
        4.62,
        5.28,
        5,
        5,
        5.94,
        6.6,
        6,
        6.6,
        6.6,
        6,
        6,
        5.94,
        5.94,
        5,
        5.94,
        5,
        5.28,
        4,
        4.62,
        4.62,
        3,
        2,
        2.64,
        1.98,
        2,
        2.64,
        2.64,
        2,
        2,
        2.64,
        2.64,
        2,
        2.64,
        2,
        2.64,
        2,
        2.64,
        2.64,
        1,
        1,
        1.32,
        7.26,
        5,
        3.3,
        3.96,
        3,
        4,
        5.28,
        8.58,
        9,
        11.22,
        13,
        15.84,
        18,
        20.46,
        24.42,
        26,
        27,
        29.04,
        33.0,
        34,
        36.96,
        41.58,
        42,
        43,
        46.2,
        50.16,
        52,
        54.78,
        57,
        59.4,
        62,
        64.68,
        69.3,
        72,
        73,
        75.24,
        79.86,
        82,
        85.14,
        89.1,
        89,
        90,
        92.4,
        95.7,
        97,
        98.34,
        98,
        97.68,
        97,
        96.36,
        92.4,
        89,
        88,
        87.12,
        79.86,
        75,
        70.62,
        62.04,
        59,
        57,
        52.14,
        43.56,
        39,
        34.98,
        31,
        27.72,
        25,
        22.44,
        17.16,
        14,
        13,
        12.54,
        9.24,
        9,
        9.24,
        5.28,
        5,
        6,
        8.58,
        9.24,
        10,
        11.88,
        12,
        13.86,
        15,
        17.16,
        21.12,
        23,
        24,
        25.74,
        29.7,
        31,
        33.66,
        38.28,
        39,
        40,
        42.9,
        47.52,
        49,
        51.48,
        53,
        56.1,
        58,
        60.06,
        64.68,
        66,
        67,
        68.64,
        72.6,
        75,
        77.88,
        81.84,
        83,
        85.8,
        89.76,
        92,
        95.04,
        97.68,
        98,
        99.0
    ],
    "y": [
        99.0,
        96.4061135371179,
        96,
        95.97379912663756,
        95.5414847161572,
        94,
        94,
        93.8122270742358,
        91.65065502183405,
        90,
        89.05676855895196,
        87,
        85.59825327510917,
        83,
        81.70742358078603,
        78.24890829694323,
        76,
        75,
        74.35807860262008,
        70.0349344978166,
        68,
        66.14410480349345,
        62.685589519650655,
        61,
        60,
        58.79475982532751,
        55.76855895196506,
        54,
        52.31004366812227,
        50,
        48.851528384279476,
        47,
        45.82532751091703,
        41.93449781659389,
        40,
        39,
        38.47598253275109,
        35.44978165938865,
        33,
        31.558951965065503,
        28.100436681222707,
        27,
        26,
        24.641921397379914,
        21.183406113537117,
        19,
        17.724890829694324,
        16,
        14.698689956331878,
        13,
        11.672489082969433,
        9.510917030567686,
        11,
        11,
        12.537117903930131,
        4.323144104803493,
        4,
        5.620087336244541,
        5.187772925764192,
        6,
        7,
        10.375545851528384,
        5.187772925764192,
        5,
        5.187772925764192,
        5,
        5.187772925764192,
        4,
        4.755458515283843,
        4.323144104803493,
        4,
        4,
        4.323144104803493,
        4.323144104803493,
        4,
        4.323144104803493,
        3.890829694323144,
        3,
        3,
        3.458515283842795,
        3.458515283842795,
        3,
        3.890829694323144,
        3,
        3.0262008733624453,
        2,
        2.593886462882096,
        2.593886462882096,
        2,
        1,
        1.7292576419213974,
        1.296943231441048,
        1,
        0.8646288209606987,
        0.43231441048034935,
        0,
        0,
        0.43231441048034935,
        0.0,
        0,
        0.0,
        0,
        0.43231441048034935,
        1,
        1.7292576419213974,
        3.890829694323144,
        5,
        5,
        6.4847161572052405,
        9.510917030567686,
        11,
        13.40174672489083,
        17.724890829694324,
        18,
        20,
        22.480349344978166,
        26.37117903930131,
        28,
        29.829694323144103,
        31,
        32.85589519650655,
        34,
        36.314410480349345,
        38.90829694323144,
        39,
        40,
        41.069868995633186,
        42.366812227074234,
        42,
        43.23144104803494,
        47.55458515283843,
        46,
        46,
        44.52838427947598,
        44.096069868995635,
        44,
        44.96069868995633,
        44,
        44.96069868995633,
        44,
        44.96069868995633,
        45.39301310043668,
        45,
        45,
        45.39301310043668,
        45.82532751091703,
        45,
        45.82532751091703,
        45.39301310043668,
        45,
        45,
        45.39301310043668,
        45.82532751091703,
        45,
        45.39301310043668,
        45,
        44.96069868995633,
        44,
        44.52838427947598,
        44.96069868995633,
        44,
        44,
        44.096069868995635,
        43.66375545851528,
        43,
        43.23144104803494,
        42.799126637554586,
        42,
        42.366812227074234,
        42.366812227074234,
        42,
        41.93449781659389,
        41.50218340611354,
        41,
        41.50218340611354
    ]
}