{
    "x": [
        0.66,
        1.32,
        1,
        1,
        1.32,
        1.32,
        1,
        1,
        1.32,
        1.32,
        1,
        1,
        1.32,
        0.66,
        0,
        0,
        1.32,
        0.66,
        0,
        0,
        0.0,
        0.66,
        0,
        0,
        0.66,
        1.98,
        1,
        1,
        1.32,
        1.98,
        2,
        2,
        2.64,
        0.0,
        0,
        0,
        0.0,
        0.0,
        0,
        0,
        1.98,
        2.64,
        2,
        1,
        1.98,
        1.32,
        1,
        1,
        1.32,
        0.66,
        0,
        0,
        0.66,
        0.66,
        0,
        0,
        1.32,
        1.98,
        2,
        2,
        3.96,
        7.92,
        10,
        11,
        12.54,
        18.48,
        21,
        22,
        24.42,
        30.36,
        33,
        34,
        36.96,
        42.9,
        46,
        47,
        49.5,
        54.78,
        58,
        59,
        61.38,
        66.66,
        69,
        71,
        73.26,
        79.2,
        81,
        82,
        84.48,
        89.1,
        91,
        92,
        93.72,
        97.68,
        96,
        95,
        95.04,
        99.0,
        98,
        97,
        97.68,
        93.72,
        90,
        88,
        87.78,
        79.86,
        74,
        71,
        69.3,
        58.08,
        53,
        50,
        48.18,
        40.26,
        36,
        34,
        32.34,
        25.74,
        22,
        20,
        19.8,
        14.52,
        12,
        11,
        11.22,
        8.58,
        7,
        7,
        7.26,
        7.26,
        7,
        7,
        7.26,
        8.58,
        9,
        9,
        10.56,
        13.86,
        15,
        16,
        17.16,
        21.12,
        23,
        24,
        25.74,
        30.36,
        32,
        33,
        34.98,
        39.6,
        41,
        42,
        44.22,
        48.18,
        50,
        51,
        52.8,
        57.42,
        59,
        60,
        62.04,
        67.32,
        69,
        70,
        71.28,
        76.56,
        78,
        81.18,
        85.8,
        88,
        91.08,
        93.72,
        95,
        96.36,
        97.68
    ],
    "y": [
        99.0,
        98.53738317757009,
        98,
        97,
        97.61214953271028,
        95.76168224299066,
        94,
        93,
        93.44859813084112,
        90.67289719626169,
        89,
        88,
        87.43457943925233,
        83.73364485981308,
        81,
        80,
        79.57009345794393,
        74.94392523364486,
        72,
        70,
        69.85514018691589,
        65.69158878504673,
        63,
        61,
        60.60280373831776,
        56.4392523364486,
        53,
        52,
        51.350467289719624,
        46.26168224299065,
        44,
        43,
        42.098130841121495,
        42.098130841121495,
        40,
        38,
        37.93457943925234,
        33.771028037383175,
        30,
        28,
        26.369158878504674,
        22.205607476635514,
        20,
        19,
        18.96728971962617,
        20.35514018691589,
        18,
        17,
        17.57943925233645,
        9.25233644859813,
        8,
        7,
        6.9392523364485985,
        4.626168224299065,
        3,
        2,
        2.7757009345794392,
        2.3130841121495327,
        2,
        1,
        1.8504672897196262,
        1.8504672897196262,
        1,
        1,
        1.8504672897196262,
        1.8504672897196262,
        1,
        1,
        1.8504672897196262,
        0.9252336448598131,
        0,
        0,
        0.9252336448598131,
        0.9252336448598131,
        0,
        0,
        0.9252336448598131,
        0.46261682242990654,
        0,
        0,
        0.46261682242990654,
        0.9252336448598131,
        0,
        0,
        0.46261682242990654,
        0.0,
        0,
        0,
        0.0,
        0.46261682242990654,
        0,
        0,
        0.0,
        0.0,
        1,
        2,
        3.2383177570093458,
        0.9252336448598131,
        1,
        1,
        1.8504672897196262,
        4.163551401869159,
        5,
        6,
        7.401869158878505,
        12.02803738317757,
        15,
        16,
        18.042056074766354,
        24.518691588785046,
        27,
        28,
        30.53271028037383,
        36.546728971962615,
        38,
        39,
        40.71028037383178,
        44.41121495327103,
        45,
        45,
        46.72429906542056,
        49.03738317757009,
        49,
        49,
        50.425233644859816,
        51.350467289719624,
        51,
        51,
        52.27570093457944,
        53.200934579439256,
        53,
        53,
        53.200934579439256,
        53.66355140186916,
        53,
        53,
        53.200934579439256,
        53.200934579439256,
        52,
        52,
        52.73831775700935,
        52.27570093457944,
        52,
        52,
        52.73831775700935,
        51.81308411214953,
        52,
        52,
        52.27570093457944,
        51.81308411214953,
        51,
        51,
        51.350467289719624,
        51.81308411214953,
        51,
        50,
        50.88785046728972,
        50.88785046728972,
        50,
        49,
        49.96261682242991,
        50.425233644859816,
        50,
        49,
        49.96261682242991,
        49.96261682242991,
        49,
        49.5,
        49.5,
        49,
        49.03738317757009,
        49.03738317757009,
        49,
        49.03738317757009,
        48.574766355140184
    ]
}