{
    "x": [
        4.8,
        4.8,
        4,
        4.2,
        4.8,
        4,
        4,
        4.8,
        4.8,
        4,
        4.8,
        4,
        4.8,
        4,
        4.2,
        4.2,
        4,
        4,
        4.2,
        5.4,
        5,
        5.4,
        4.8,
        4,
        5,
        5.4,
        4.8,
        4,
        4.8,
        4,
        4.8,
        4,
        4.2,
        3.6,
        4,
        4,
        5.4,
        2.4,
        1,
        1.2,
        1.2,
        1,
        1,
        1.2,
        2.4,
        2,
        1.8,
        1,
        1.8,
        1,
        1.2,
        0.6,
        0,
        0,
        0.0,
        0.6,
        0,
        0.6,
        1.2,
        1,
        1,
        2.4,
        4.8,
        6,
        7.8,
        10,
        12.6,
        14,
        16.8,
        21.6,
        24,
        25,
        27.6,
        32.4,
        35,
        37.8,
        43.2,
        44,
        46,
        49.2,
        54.0,
        56,
        59.4,
        62,
        64.8,
        67,
        70.8,
        76.2,
        78,
        79,
        81.0,
        86.4,
        88,
        91.2,
        94.2,
        94,
        95,
        97.2,
        99.0,
        98,
        97.8,
        96,
        94.8,
        92,
        90.0,
        84.0,
        79,
        77,
        75.6,
        66.0,
        60,
        54.6,
        44.4,
        41,
        39,
        35.4,
        25.8,
        22,
        18.6,
        15,
        12.6,
        10,
        8.4,
        5.4,
        4,
        4,
        4.2,
        4.2,
        4,
        4.8,
        6.6,
        6,
        7,
        7.8,
        9.6,
        11,
        12.6,
        14,
        16.2,
        17,
        19.2,
        22.2,
        24,
        24,
        25.8,
        28.8,
        30,
        32.4,
        35.4,
        35,
        36,
        38.4,
        42.0,
        44,
        46.2,
        48,
        50.4,
        52,
        54.0,
        57.6,
        60,
        61,
        62.4,
        67.2,
        69,
        70.8,
        75.6,
        76,
        77,
        79.2,
        81.6,
        82,
        84.0,
        84,
        85.8
    ],
    "y": [
        98.56387665198238,
        98.56387665198238,
        98,
        99.0,
        99.0,
        98,
        98,
        97.69162995594714,
        95.51101321585904,
        93,
        92.45814977973568,
        90,
        89.40528634361233,
        87,
        85.48017621145374,
        81.11894273127753,
        78,
        77,
        76.75770925110132,
        72.39647577092511,
        70,
        68.0352422907489,
        63.67400881057269,
        62,
        61,
        59.31277533039648,
        54.951541850220266,
        53,
        51.4625550660793,
        49,
        47.5374449339207,
        45,
        44.048458149779734,
        40.12334801762115,
        40,
        40,
        41.43171806167401,
        33.581497797356825,
        34,
        34.88986784140969,
        31.400881057268723,
        30,
        29,
        27.911894273127754,
        20.061674008810574,
        18,
        17.008810572687224,
        15,
        13.519823788546255,
        11,
        10.030837004405287,
        6.977973568281938,
        5,
        4,
        4.797356828193832,
        2.616740088105727,
        1,
        1.3083700440528634,
        0.8722466960352423,
        0,
        0,
        0.8722466960352423,
        1.3083700440528634,
        1,
        1.3083700440528634,
        1,
        1.3083700440528634,
        1,
        1.3083700440528634,
        1.3083700440528634,
        1,
        0,
        0.8722466960352423,
        1.3083700440528634,
        1,
        0.8722466960352423,
        1.3083700440528634,
        1,
        1,
        1.3083700440528634,
        0.8722466960352423,
        1,
        1.3083700440528634,
        1,
        1.3083700440528634,
        1,
        0.8722466960352423,
        0.8722466960352423,
        0,
        0,
        0.8722466960352423,
        0.8722466960352423,
        0,
        0.8722466960352423,
        0.43612334801762115,
        0,
        0,
        0.0,
        0.8722466960352423,
        1,
        1.3083700440528634,
        2,
        3.052863436123348,
        4,
        5.233480176211454,
        8.286343612334802,
        10,
        11,
        12.647577092511014,
        17.008810572687224,
        19,
        22.6784140969163,
        27.911894273127754,
        28,
        30,
        32.709251101321584,
        37.50660792951542,
        39,
        40.99559471365639,
        42,
        44.48458149779736,
        45,
        46.66519823788546,
        48.84581497797357,
        49,
        49,
        49.28193832599119,
        50.15418502202643,
        50,
        50.590308370044056,
        51.02643171806167,
        51,
        51,
        51.4625550660793,
        51.89867841409691,
        52,
        52.33480176211454,
        52,
        51.89867841409691,
        51,
        51.89867841409691,
        51.4625550660793,
        51,
        51,
        51.02643171806167,
        51.02643171806167,
        50,
        50.15418502202643,
        50.15418502202643,
        49,
        49,
        49.71806167400881,
        49.71806167400881,
        49,
        49.28193832599119,
        49,
        49.71806167400881,
        49,
        49.28193832599119,
        48.84581497797357,
        48,
        48,
        48.84581497797357,
        48.84581497797357,
        48,
        48.84581497797357,
        48.409691629955944,
        48,
        48,
        47.97356828193833,
        47.97356828193833,
        47,
        47.5374449339207,
        47,
        47.5374449339207
    ]
}