{
    "x": [
        2.2,
        0.55,
        0,
        0.0,
        0.55,
        1,
        2.75,
        4.95,
        6,
        8.25,
        11.0,
        12,
        14.85,
        18.7,
        20,
        22.55,
        27.5,
        29,
        32.45,
        37.4,
        39,
        42.35,
        46.75,
        49,
        52.25,
        57.75,
        60,
        62.7,
        68.2,
        70,
        73.7,
        80.3,
        82,
        85.25,
        89.65,
        91,
        92.4,
        93.5,
        92,
        92.4,
        90.75,
        88,
        86.9,
        81.95,
        79,
        76.45,
        71.5,
        68,
        65.45,
        59.95,
        59,
        59.4,
        56.1,
        52,
        49.5,
        48.4,
        47,
        46.75,
        45.65,
        45,
        44.55,
        42.9,
        42,
        42.9,
        42.35,
        42,
        42.9,
        44.0,
        44,
        45.1,
        46.75,
        46,
        46.75,
        47.85,
        48,
        48.95,
        50.05,
        50,
        51.15,
        51.7,
        52,
        52.8,
        53.35,
        53,
        53.9,
        53.9,
        53,
        53.35,
        50.6,
        48,
        47.3,
        41.8,
        39,
        36.3,
        30.25,
        26,
        23.65,
        16.5,
        14,
        12.1,
        8.8,
        8,
        8.25,
        8.8,
        10,
        11.55,
        15.4,
        17,
        19.25,
        24.75,
        27,
        29.7,
        35.2,
        37,
        40.7,
        45.1,
        47,
        50.6,
        55.55,
        58,
        61.05,
        66.0,
        68,
        71.5,
        76.45,
        78,
        81.4,
        86.35,
        88,
        90.75,
        94.05,
        95,
        96.25,
        97.9,
        99.0,
        96.25,
        97.9,
        95.7,
        93.5,
        89.65,
        85.8,
        81.4,
        76.45,
        72.05,
        67.65,
        63.8,
        59.95,
        56.65,
        52.8,
        49.5,
        46.75,
        45.65,
        44.0,
        43.45,
        43.45,
        42.9,
        43.45,
        44.55,
        46.75,
        48.95,
        51.7,
        53.35,
        56.65,
        58.85,
        61.05,
        63.8,
        66.55,
        68.2,
        73.7,
        72.05,
        73.7,
        75.35,
        75.9,
        75.9,
        75.9
    ],
    "y": [
        25.843373493975903,
        25.843373493975903,
        26,
        26.240963855421686,
        26.240963855421686,
        26,
        26.240963855421686,
        25.44578313253012,
        25,
        25.44578313253012,
        25.048192771084338,
        25,
        25.048192771084338,
        25.048192771084338,
        25,
        25.44578313253012,
        25.843373493975903,
        25,
        25.44578313253012,
        25.44578313253012,
        25,
        25.44578313253012,
        25.44578313253012,
        25,
        25.44578313253012,
        25.44578313253012,
        25,
        25.44578313253012,
        25.843373493975903,
        25,
        25.843373493975903,
        26.240963855421686,
        25,
        25.44578313253012,
        25.843373493975903,
        26,
        26.240963855421686,
        26.240963855421686,
        26,
        25.843373493975903,
        25.843373493975903,
        25,
        25.843373493975903,
        26.240963855421686,
        26,
        26.240963855421686,
        26.63855421686747,
        26,
        27.03614457831325,
        27.433734939759034,
        26,
        25.843373493975903,
        26.240963855421686,
        27,
        29.02409638554217,
        30.216867469879517,
        30,
        31.40963855421687,
        33.0,
        33,
        34.98795180722892,
        37.7710843373494,
        39,
        40.95180722891566,
        44.13253012048193,
        45,
        47.31325301204819,
        50.493975903614455,
        52,
        53.674698795180724,
        57.25301204819277,
        58,
        60.036144578313255,
        63.21686746987952,
        64,
        66.39759036144578,
        69.97590361445783,
        71,
        73.55421686746988,
        77.53012048192771,
        79,
        81.50602409638554,
        85.48192771084338,
        87,
        88.66265060240964,
        91.04819277108433,
        92,
        93.03614457831326,
        94.2289156626506,
        94,
        95.42168674698796,
        99.0,
        97,
        95.81927710843374,
        95.81927710843374,
        95,
        95.42168674698796,
        95.81927710843374,
        95,
        95.81927710843374,
        95.42168674698796,
        95,
        95.81927710843374,
        95.42168674698796,
        95,
        95.42168674698796,
        95.42168674698796,
        95,
        95.42168674698796,
        95.42168674698796,
        95,
        95.81927710843374,
        95.81927710843374,
        95,
        95.81927710843374,
        95.42168674698796,
        95,
        96.21686746987952,
        95.81927710843374,
        96,
        96.21686746987952,
        96.21686746987952,
        96,
        96.6144578313253,
        96.6144578313253,
        96,
        96.6144578313253,
        96.6144578313253,
        96,
        96.6144578313253,
        96.6144578313253,
        96,
        96.6144578313253,
        96.6144578313253,
        96.21686746987952,
        95.42168674698796,
        93.83132530120481,
        91.44578313253012,
        88.66265060240964,
        84.6867469879518,
        80.3132530120482,
        75.5421686746988,
        71.16867469879519,
        66.39759036144578,
        61.2289156626506,
        56.06024096385542,
        50.89156626506024,
        46.12048192771084,
        41.34939759036145,
        36.975903614457835,
        33.397590361445786,
        30.6144578313253,
        28.228915662650603,
        26.240963855421686,
        24.253012048192772,
        22.662650602409638,
        21.072289156626507,
        19.481927710843372,
        17.89156626506024,
        16.301204819277107,
        15.108433734939759,
        13.518072289156626,
        11.927710843373495,
        9.939759036144578,
        8.74698795180723,
        7.554216867469879,
        6.36144578313253,
        5.168674698795181,
        1.5903614457831325,
        0.0,
        2.3855421686746987,
        1.9879518072289157,
        1.1927710843373494,
        1.1927710843373494,
        1.5903614457831325
    ]
}