{
    "x": [
        3.75,
        9.75,
        7,
        6,
        4,
        3.75,
        3,
        3.75,
        4,
        4,
        4,
        4.5,
        5.25,
        4,
        4,
        4,
        4.5,
        4,
        4.5,
        3,
        3,
        3,
        3.0,
        3.75,
        3,
        3,
        3,
        3.75,
        3,
        3,
        3.75,
        3,
        3,
        3.0,
        2,
        1.5,
        1,
        2,
        3.75,
        3,
        3,
        3.75,
        1,
        0,
        0,
        0.0,
        3.75,
        3,
        3,
        3,
        3.0,
        3,
        3.75,
        3,
        3,
        3,
        3.0,
        7.5,
        8,
        8,
        9,
        10.5,
        11,
        12.75,
        13,
        14,
        14,
        15.75,
        18.75,
        18,
        18,
        19,
        19.5,
        21,
        22,
        24.0,
        27,
        28,
        30.75,
        32,
        33.75,
        34,
        36,
        39.0,
        40,
        41,
        43.5,
        46,
        47,
        48,
        49.5,
        54.0,
        55,
        56,
        57,
        58.5,
        60,
        63.0,
        65,
        65,
        66,
        67.5,
        73.5,
        74,
        75,
        76,
        79.5,
        81,
        84.0,
        85,
        86,
        87,
        89.25,
        90.75,
        90,
        90,
        91,
        92.25,
        92,
        92,
        93.0,
        92,
        92,
        92.25,
        92,
        93.0,
        93,
        93,
        93.75,
        93,
        93,
        93.75,
        93,
        93,
        93,
        93.75,
        94.5,
        93,
        93,
        92,
        92.25,
        92,
        93.0,
        92,
        92,
        92,
        92.25,
        92.25,
        92,
        92,
        92,
        92.25,
        93,
        93.75,
        93,
        94,
        94,
        94.5,
        95.25,
        94,
        94,
        94,
        93.0,
        94,
        95,
        96.75,
        97,
        97,
        97.5,
        98.25,
        98,
        98,
        99.0,
        98,
        98.25
    ],
    "y": [
        99.0,
        95.90625,
        95,
        95,
        94,
        94.66875,
        92,
        90.95625,
        88,
        87,
        87,
        86.625,
        82.29375,
        80,
        79,
        79,
        76.725,
        73,
        70.5375,
        68,
        67,
        65,
        64.35,
        58.1625,
        57,
        56,
        54,
        51.35625,
        48,
        46,
        45.16875,
        42,
        40,
        38.98125,
        36,
        34.03125,
        32,
        30,
        27.225,
        25,
        24,
        21.65625,
        20,
        19,
        18,
        18.5625,
        12.375,
        11,
        10,
        9,
        8.6625,
        7,
        6.1875,
        7,
        7,
        7,
        8.04375,
        6.1875,
        6,
        6,
        7,
        8.04375,
        8,
        9.9,
        10,
        11,
        11,
        12.375,
        16.0875,
        16,
        17,
        18,
        21.0375,
        22,
        23,
        24.13125,
        25,
        26,
        27.84375,
        30,
        32.175,
        33,
        34,
        36.50625,
        37,
        38,
        40.21875,
        43,
        44,
        44,
        45.7875,
        50.7375,
        51,
        53,
        54,
        56.30625,
        59,
        61.875,
        64,
        64,
        65,
        67.44375,
        72.39375,
        73,
        73,
        74,
        76.725,
        79,
        82.29375,
        83,
        84,
        85,
        86.625,
        90.3375,
        90,
        90,
        91,
        92.19375,
        92,
        92,
        93.43125,
        92,
        92,
        92.19375,
        91,
        90.3375,
        89,
        88,
        87.24375,
        86,
        85,
        82.9125,
        80,
        78,
        77,
        77.34375,
        70.5375,
        68,
        67,
        65,
        64.96875,
        60,
        56.30625,
        52,
        51,
        50,
        49.5,
        41.45625,
        39,
        38,
        37,
        33.4125,
        30,
        26.60625,
        25,
        24,
        22,
        21.65625,
        13.6125,
        12,
        12,
        12,
        10.51875,
        7,
        5,
        4.33125,
        3,
        2,
        2.475,
        0.61875,
        0,
        0,
        0.0,
        0,
        1.2375
    ]
}