{
    "x": [
        6.875,
        5.5,
        5,
        5,
        4.8125,
        5,
        5.5,
        5,
        5,
        5.5,
        5.5,
        5,
        5,
        4.8125,
        4,
        3.4375,
        3,
        2,
        2.75,
        2.0625,
        2,
        2,
        2.75,
        2,
        2.75,
        2,
        2,
        2.75,
        2.75,
        2,
        2,
        2.0625,
        2,
        2.75,
        2,
        2,
        2.75,
        0.0,
        0,
        1,
        2.75,
        3,
        3.4375,
        3,
        2,
        2.75,
        0.0,
        0,
        1,
        2.0625,
        2,
        2.75,
        2,
        2,
        2.75,
        1.375,
        1,
        2,
        3.4375,
        3,
        3.4375,
        4,
        4,
        4.8125,
        6.1875,
        6,
        7,
        8.25,
        10,
        13.0625,
        12,
        11,
        11.6875,
        11.0,
        13,
        15,
        19.9375,
        19,
        18.5625,
        19,
        19,
        20.625,
        23.375,
        23,
        24,
        25.4375,
        27,
        29.5625,
        30,
        30,
        31.625,
        35.75,
        35,
        36,
        36.4375,
        38,
        41.25,
        42,
        43,
        44.0,
        46.75,
        47,
        48,
        50.875,
        52,
        54.3125,
        55,
        55,
        56.375,
        59.8125,
        60,
        61,
        63.25,
        64,
        66.0,
        67,
        68,
        69.4375,
        72.1875,
        72,
        73,
        74.25,
        75,
        77.6875,
        79,
        80,
        81.125,
        84.5625,
        85,
        86,
        88.6875,
        90,
        91.4375,
        92,
        93.5,
        94.875,
        95,
        96.25,
        97.625,
        97,
        98.3125,
        99.0,
        98,
        98.3125,
        97.625,
        97,
        96.9375,
        96.9375,
        97,
        97.625,
        98.3125,
        97,
        97.625,
        97.625,
        97,
        97.625,
        97.625,
        97,
        97.625,
        97.625,
        97,
        97.625,
        97.625,
        97,
        96.9375,
        96.9375,
        96,
        96.9375,
        96.9375,
        96,
        96.9375,
        97.625,
        98,
        99.0,
        99.0
    ],
    "y": [
        94.85340314136126,
        96.92670157068063,
        96,
        97,
        99.0,
        99,
        99.0,
        98,
        97,
        97.96335078534031,
        95.89005235602095,
        94,
        94,
        92.78010471204189,
        90,
        88.63350785340315,
        86,
        84,
        83.45026178010471,
        77.74869109947645,
        76,
        75,
        73.08376963350786,
        70,
        68.41884816753927,
        66,
        64,
        63.753926701570684,
        59.089005235602095,
        57,
        56,
        54.424083769633505,
        51,
        49.24083769633508,
        47,
        46,
        45.09424083769633,
        41.46596858638743,
        39,
        38,
        35.76439790575916,
        33,
        31.099476439790575,
        28,
        27,
        26.43455497382199,
        23.842931937172775,
        22,
        21,
        18.659685863874344,
        16,
        14.513089005235603,
        12,
        11,
        10.884816753926701,
        9.329842931937172,
        8,
        7,
        5.183246073298429,
        4,
        3.6282722513089007,
        2,
        2,
        2.073298429319372,
        2.5916230366492146,
        2,
        2,
        3.1099476439790577,
        3,
        3.6282722513089007,
        5,
        5,
        6.738219895287958,
        10.366492146596858,
        10,
        10,
        9.848167539267015,
        11,
        12.958115183246074,
        14,
        15,
        16.06806282722513,
        18.141361256544503,
        18,
        19,
        20.732984293193716,
        22,
        23.842931937172775,
        25,
        26,
        27.471204188481675,
        30.06282722513089,
        30,
        31,
        32.654450261780106,
        34,
        35.76439790575916,
        37,
        37,
        38.35602094240838,
        41.46596858638743,
        42,
        43,
        44.575916230366495,
        46,
        48.204188481675395,
        49,
        49,
        50.795811518324605,
        53.38743455497382,
        54,
        55,
        57.53403141361257,
        59,
        61.16230366492147,
        62,
        63,
        64.79057591623037,
        67.90052356020942,
        68,
        69,
        71.52879581151832,
        73,
        74.63874345549738,
        76,
        77,
        78.78534031413612,
        82.41361256544502,
        82,
        83,
        85.52356020942409,
        87,
        89.15183246073299,
        90,
        91.22513089005236,
        93.29842931937172,
        94,
        94.85340314136126,
        95.89005235602095,
        96,
        96.40837696335079,
        96.40837696335079,
        95,
        95.3717277486911,
        92.78010471204189,
        90,
        88.63350785340315,
        84.4869109947644,
        81,
        79.30366492146597,
        74.63874345549738,
        72,
        69.45549738219896,
        64.27225130890052,
        61,
        58.05235602094241,
        52.86910994764398,
        50,
        47.167539267015705,
        41.98429319371728,
        39,
        36.80104712041885,
        31.61780104712042,
        29,
        26.43455497382199,
        21.769633507853403,
        18,
        16.06806282722513,
        11.403141361256544,
        9,
        7.2565445026178015,
        4.146596858638744,
        2,
        1.036649214659686,
        0.0
    ]
}