{
    "x": [
        0.0,
        0.0,
        0,
        0,
        0.0,
        0.66,
        0,
        0,
        0.66,
        1.32,
        1,
        1,
        1.32,
        1.98,
        1,
        1,
        1.98,
        1.98,
        1,
        1,
        1.98,
        1.98,
        2,
        2,
        2.64,
        3.3,
        3,
        3,
        3.96,
        2.64,
        3,
        3,
        3.96,
        1.98,
        2,
        2,
        2.64,
        2.64,
        2,
        2,
        2.64,
        0.66,
        0,
        0,
        0.66,
        0.66,
        1,
        1,
        1.98,
        0.66,
        1,
        1,
        1.98,
        4.62,
        5,
        5,
        5.94,
        5.94,
        6,
        6,
        7.26,
        7.92,
        8,
        8,
        8.58,
        9.24,
        10,
        10,
        11.22,
        13.2,
        13,
        13,
        13.86,
        19.14,
        20,
        20,
        21.12,
        24.42,
        25,
        26,
        27.06,
        29.7,
        31,
        31,
        32.34,
        34.98,
        36,
        36,
        37.62,
        40.92,
        42,
        43,
        44.22,
        46.86,
        48,
        49,
        50.16,
        54.12,
        56,
        57,
        58.08,
        62.04,
        63,
        63,
        64.68,
        68.64,
        70,
        70,
        71.94,
        75.9,
        78,
        79,
        80.52,
        84.48,
        86,
        86,
        87.78,
        90.42,
        91,
        92,
        93.06,
        95.7,
        96,
        96,
        97.02,
        99.0,
        99,
        99,
        99.0,
        99.0,
        99,
        99,
        99.0,
        99.0,
        98,
        98,
        98.34,
        97.68,
        97,
        97,
        97.68,
        97.02,
        96,
        96,
        96.36,
        95.04,
        95,
        95,
        95.04,
        93.72,
        93,
        93,
        93.06,
        93.06,
        92,
        91.74,
        91.74,
        91,
        91.74,
        92.4,
        92,
        91.74,
        91.74,
        91,
        90.42,
        90.42,
        90,
        91.08,
        91.08,
        90,
        89.1,
        91.08,
        90,
        89.76,
        87.78
    ],
    "y": [
        99.0,
        97.36813186813187,
        96,
        95,
        95.73626373626374,
        93.56043956043956,
        92,
        91,
        91.92857142857143,
        88.12087912087912,
        86,
        85,
        85.4010989010989,
        81.5934065934066,
        79,
        78,
        77.78571428571429,
        73.97802197802197,
        72,
        71,
        70.17032967032966,
        65.81868131868131,
        63,
        62,
        62.010989010989015,
        57.65934065934066,
        55,
        54,
        53.85164835164835,
        50.043956043956044,
        47,
        46,
        45.14835164835165,
        42.42857142857143,
        39,
        38,
        37.532967032967036,
        33.72527472527472,
        31,
        30,
        29.373626373626372,
        26.653846153846153,
        25,
        24,
        23.39010989010989,
        20.126373626373628,
        17,
        16,
        15.774725274725276,
        13.598901098901099,
        11,
        10,
        10.335164835164836,
        6.527472527472527,
        5,
        4,
        4.351648351648351,
        2.1758241758241756,
        1,
        0,
        0.0,
        0.5439560439560439,
        0,
        0,
        1.0879120879120878,
        2.1758241758241756,
        2,
        2,
        3.8076923076923075,
        5.983516483516484,
        8,
        9,
        10.335164835164836,
        11.967032967032967,
        13,
        13,
        14.686813186813186,
        18.494505494505493,
        20,
        21,
        22.302197802197803,
        26.10989010989011,
        27,
        27,
        28.82967032967033,
        31.54945054945055,
        33,
        33,
        34.81318681318681,
        38.07692307692308,
        39,
        40,
        41.34065934065934,
        45.69230769230769,
        47,
        47,
        48.956043956043956,
        52.21978021978022,
        53,
        53,
        54.93956043956044,
        58.747252747252745,
        60,
        60,
        61.467032967032964,
        65.81868131868131,
        67,
        68,
        69.62637362637362,
        73.43406593406593,
        75,
        76,
        77.24175824175825,
        79.96153846153847,
        81,
        82,
        83.76923076923077,
        86.48901098901099,
        87,
        88,
        89.20879120879121,
        91.92857142857143,
        93,
        93,
        94.1043956043956,
        95.1923076923077,
        95,
        95,
        96.28021978021978,
        95.1923076923077,
        94,
        94,
        94.1043956043956,
        91.38461538461539,
        90,
        89,
        88.66483516483517,
        83.76923076923077,
        81,
        80,
        79.96153846153847,
        75.60989010989012,
        73,
        71,
        70.71428571428571,
        65.81868131868131,
        63,
        62,
        61.467032967032964,
        56.027472527472526,
        53,
        52,
        51.675824175824175,
        46.78021978021978,
        44,
        41.88461538461539,
        36.989010989010985,
        34,
        32.09340659340659,
        27.74175824175824,
        25,
        23.39010989010989,
        19.03846153846154,
        16,
        14.686813186813186,
        11.423076923076923,
        9,
        7.615384615384615,
        5.43956043956044,
        4,
        3.8076923076923075,
        1.0879120879120878,
        1,
        2.1758241758241756,
        1.6318681318681318
    ]
}