{
    "x": [
        0.0,
        0.0,
        0,
        0,
        0.0,
        0,
        1.32,
        1,
        1,
        1.98,
        1.98,
        1,
        2,
        2,
        2.64,
        2,
        3.3,
        3,
        3,
        3.3,
        3.96,
        3,
        3,
        3.3,
        3,
        3.96,
        4,
        4,
        4,
        5.28,
        3.3,
        3,
        4,
        6.6,
        6,
        7.26,
        7,
        7,
        7.26,
        5.94,
        6,
        6,
        7,
        8.58,
        8,
        8.58,
        7,
        7,
        7.26,
        9.9,
        9,
        10,
        11.22,
        11,
        12.54,
        12,
        12,
        12,
        13.2,
        14.52,
        14,
        14,
        15.18,
        16,
        18.48,
        19,
        19,
        19.8,
        23.76,
        23,
        23,
        24,
        24.42,
        27,
        30.36,
        32,
        32,
        33.66,
        33.66,
        34,
        35,
        38.28,
        39,
        40,
        41.58,
        42,
        43,
        44.22,
        47.52,
        48,
        49,
        50.82,
        52,
        53.46,
        55,
        56,
        57.42,
        58,
        60.06,
        60,
        61,
        63.36,
        65,
        67.98,
        69,
        70,
        71.94,
        75.9,
        76,
        77,
        79.2,
        80,
        81,
        83.16,
        84,
        84,
        85.14,
        87.78,
        87,
        88,
        89.76,
        91,
        92.4,
        93,
        93,
        93,
        93.72,
        95.04,
        95,
        95,
        95.7,
        96,
        96.36,
        96,
        96,
        96.36,
        96.36,
        96,
        96,
        96,
        97.02,
        97,
        97.02,
        96,
        96,
        96.36,
        96.36,
        96,
        96,
        97.02,
        97,
        97.02,
        97,
        97,
        97,
        97.68,
        99.0,
        98,
        98,
        98.34,
        98,
        99.0,
        99,
        99,
        99.0,
        95.7,
        96,
        96,
        97,
        98.34,
        98,
        99.0,
        99,
        99,
        99.0
    ],
    "y": [
        99.0,
        96.72413793103448,
        95,
        95,
        94.44827586206897,
        92,
        91.03448275862068,
        89,
        88,
        87.62068965517241,
        83.63793103448276,
        82,
        81,
        79,
        78.51724137931035,
        76,
        73.96551724137932,
        71,
        69,
        68.27586206896552,
        62.58620689655172,
        61,
        60,
        58.03448275862069,
        55,
        52.91379310344828,
        50,
        49,
        48,
        47.224137931034484,
        43.810344827586206,
        41,
        40,
        38.12068965517241,
        35,
        33.0,
        30,
        28,
        27.879310344827587,
        23.896551724137932,
        22,
        21,
        21,
        19.344827586206897,
        17,
        14.793103448275861,
        13,
        13,
        13.086206896551724,
        7.9655172413793105,
        7,
        7,
        6.258620689655173,
        5,
        5.120689655172414,
        5,
        5,
        5,
        5.689655172413793,
        7.396551724137931,
        7,
        8,
        9.672413793103448,
        10,
        11.948275862068966,
        13,
        14,
        15.931034482758621,
        18.775862068965516,
        18,
        19,
        20,
        22.75862068965517,
        23,
        25.03448275862069,
        26,
        26,
        27.310344827586206,
        31.862068965517242,
        32,
        33,
        34.13793103448276,
        35,
        35,
        36.41379310344828,
        37,
        37,
        38.689655172413794,
        41.53448275862069,
        42,
        43,
        44.94827586206897,
        46,
        48.36206896551724,
        49,
        50,
        51.206896551724135,
        53,
        55.189655172413794,
        55,
        56,
        57.46551724137931,
        59,
        61.44827586206897,
        63,
        64,
        65.43103448275862,
        69.41379310344827,
        70,
        71,
        73.39655172413794,
        74,
        75,
        77.37931034482759,
        79,
        79,
        80.79310344827586,
        84.20689655172414,
        84,
        85,
        87.62068965517241,
        89,
        90.46551724137932,
        91,
        91,
        91,
        92.17241379310344,
        92.74137931034483,
        92,
        92,
        92.17241379310344,
        91,
        90.46551724137932,
        88,
        87,
        87.05172413793103,
        82.5,
        80,
        79,
        78,
        77.37931034482759,
        74,
        71.6896551724138,
        68,
        66,
        65.43103448275862,
        59.172413793103445,
        57,
        55,
        52.3448275862069,
        48,
        45.51724137931034,
        42,
        41,
        41,
        40.39655172413793,
        34.13793103448276,
        32,
        31,
        27.879310344827587,
        25,
        22.75862068965517,
        19,
        17,
        16.5,
        12.517241379310345,
        10,
        9,
        9,
        6.827586206896552,
        4,
        2.2758620689655173,
        1,
        0,
        0.0
    ]
}