{
    "x": [
        0.0,
        0.0,
        0,
        0.0,
        0.0,
        0,
        0.0,
        2.64,
        1,
        0.66,
        0.66,
        1,
        1.98,
        1.98,
        2,
        2.64,
        2.64,
        2,
        2,
        2.64,
        4.62,
        4,
        4.62,
        4.62,
        5,
        5.94,
        5.94,
        5,
        5.28,
        5.94,
        5,
        5.28,
        5.94,
        5,
        4.62,
        5.94,
        5,
        5,
        5.94,
        6.6,
        6,
        7.26,
        5.94,
        6,
        7.92,
        7.92,
        7,
        7.92,
        6.6,
        6,
        7.26,
        5.94,
        5,
        5.94,
        5.28,
        5,
        5,
        5.94,
        6.6,
        6,
        7.26,
        7.26,
        7,
        8.58,
        9.9,
        10,
        10.56,
        12.54,
        12,
        13.2,
        16.5,
        17,
        17.82,
        22.44,
        23,
        24,
        25.08,
        28.38,
        31,
        33.66,
        38.94,
        40,
        42.9,
        47.52,
        49,
        51.48,
        56.1,
        58,
        60.06,
        65.34,
        67,
        69.96,
        74.58,
        76,
        77,
        78.54,
        82.5,
        83,
        84.48,
        87.12,
        87,
        88.44,
        86.46,
        88,
        90.42,
        87.78,
        90,
        92.4,
        92.4,
        92,
        93.06,
        93.06,
        92,
        92,
        92.4,
        92.4,
        92,
        92.4,
        92.4,
        92,
        92.4,
        89.1,
        90,
        91.08,
        91.08,
        89,
        87.78,
        89.1,
        89,
        89.76,
        90.42,
        90,
        90,
        90.42,
        90.42,
        90,
        91.08,
        91.08,
        91,
        91.08,
        91.74,
        91,
        91.74,
        93.06,
        93,
        94.38,
        94.38,
        94,
        94.38,
        95.04,
        95,
        95,
        95.04,
        95.7,
        95,
        95.7,
        95.7,
        95,
        95.7,
        97.02,
        97,
        97.02,
        97.02,
        97,
        97.68,
        98.34,
        98,
        98.34,
        98.34,
        98,
        98,
        99.0,
        99.0,
        99,
        99.0
    ],
    "y": [
        99.0,
        99.0,
        98,
        98.50746268656717,
        96.53731343283582,
        94,
        93.08955223880596,
        90.13432835820896,
        87,
        84.22388059701493,
        79.7910447761194,
        77,
        74.3731343283582,
        68.46268656716418,
        65,
        63.04477611940298,
        58.11940298507463,
        55,
        54,
        53.6865671641791,
        48.26865671641791,
        45,
        42.850746268656714,
        36.940298507462686,
        34,
        31.52238805970149,
        26.597014925373134,
        24,
        22.16417910447761,
        17.73134328358209,
        15,
        13.298507462686567,
        9.35820895522388,
        7,
        5.91044776119403,
        2.955223880597015,
        1,
        0,
        0.9850746268656716,
        0.0,
        0,
        0.4925373134328358,
        3.4477611940298507,
        4,
        4.925373134328358,
        8.373134328358208,
        10,
        11.82089552238806,
        17.238805970149254,
        18,
        19.70149253731343,
        23.64179104477612,
        25,
        27.582089552238806,
        31.52238805970149,
        33,
        33,
        34.47761194029851,
        36.940298507462686,
        37,
        38.91044776119403,
        40.88059701492537,
        41,
        41.865671641791046,
        43.343283582089555,
        43,
        43.83582089552239,
        43.83582089552239,
        44,
        45.3134328358209,
        44.82089552238806,
        45,
        45.80597014925373,
        46.298507462686565,
        46,
        46,
        46.791044776119406,
        46.298507462686565,
        46,
        46.298507462686565,
        46.791044776119406,
        46,
        46.791044776119406,
        46.791044776119406,
        46,
        46.791044776119406,
        46.298507462686565,
        46,
        45.80597014925373,
        45.3134328358209,
        45,
        46.298507462686565,
        46.298507462686565,
        46,
        45,
        45.80597014925373,
        46.791044776119406,
        46,
        46.791044776119406,
        46.298507462686565,
        46,
        45.80597014925373,
        46.791044776119406,
        45,
        44.32835820895522,
        43.83582089552239,
        42,
        40.38805970149254,
        37.92537313432836,
        36,
        35.46268656716418,
        31.52238805970149,
        30,
        29,
        28.567164179104477,
        25.119402985074625,
        22,
        20.686567164179106,
        16.746268656716417,
        15,
        13.298507462686567,
        10.343283582089553,
        8,
        7.388059701492537,
        4.925373134328358,
        4,
        4.432835820895522,
        2.955223880597015,
        2,
        2.955223880597015,
        4.925373134328358,
        5,
        5,
        6.402985074626866,
        9.850746268656716,
        11,
        13.298507462686567,
        16.746268656716417,
        18,
        20.686567164179106,
        25.611940298507463,
        27,
        30.044776119402986,
        33.985074626865675,
        36,
        38.417910447761194,
        42.35820895522388,
        44,
        45.80597014925373,
        49.25373134328358,
        50,
        51,
        52.701492537313435,
        56.149253731343286,
        58,
        60.582089552238806,
        64.5223880597015,
        66,
        68.95522388059702,
        73.38805970149254,
        75,
        77.32835820895522,
        81.26865671641791,
        83,
        85.2089552238806,
        89.14925373134328,
        90,
        92.1044776119403,
        94.56716417910448,
        95,
        95,
        96.04477611940298,
        96.53731343283582,
        96,
        96.53731343283582
    ]
}