{
    "x": [
        4.2,
        4.2,
        4,
        4.8,
        4.2,
        4,
        4.8,
        4.8,
        6,
        9.0,
        1.2,
        3,
        4.8,
        4.8,
        4,
        4.8,
        4.2,
        3,
        3.6,
        3.6,
        3,
        3.0,
        2.4,
        2,
        2.4,
        4.2,
        3,
        2.4,
        1.8,
        1,
        1.2,
        1.8,
        2,
        3.0,
        2.4,
        1,
        1.2,
        1.8,
        0,
        0.0,
        0.0,
        0,
        0.0,
        0.0,
        0,
        0.6,
        0.6,
        0,
        0.0,
        1.8,
        1,
        1.2,
        1.8,
        1,
        1.8,
        1.8,
        2,
        2.4,
        1.8,
        2,
        3.0,
        2.4,
        2,
        3.0,
        4.8,
        4,
        4.2,
        4.8,
        4,
        4.8,
        4.2,
        4,
        5.4,
        4.8,
        4,
        4.2,
        5.4,
        5,
        6.0,
        7.8,
        9,
        11.4,
        8.4,
        10,
        12.6,
        15.6,
        17,
        19.8,
        23.4,
        24,
        25.2,
        29.4,
        31,
        33.6,
        36.6,
        38,
        40.8,
        44.4,
        46,
        48.0,
        52.2,
        54,
        55.8,
        57.6,
        60,
        63.0,
        67.2,
        69,
        70.8,
        73.8,
        75,
        76.8,
        78.6,
        79,
        79.8,
        84.6,
        83,
        81.6,
        79.2,
        80,
        81.6,
        82.2,
        81,
        81.6,
        79.8,
        80,
        81.0,
        80.4,
        80,
        81.0,
        79.2,
        79,
        79.2,
        78.6,
        78,
        78.0,
        76.8,
        76,
        75.6,
        76.2,
        75.0,
        75.6,
        75.6,
        75.6,
        74.4,
        76.8,
        78.6,
        78.0,
        79.2,
        79.2,
        79.8,
        80.4,
        81.0,
        79.2,
        81.6,
        82.8,
        84.0,
        84.0,
        85.2,
        87.0,
        87.6,
        88.8,
        89.4,
        90.0,
        90.0,
        90.6,
        91.2,
        93.0,
        93.0,
        94.2,
        94.2,
        93.6,
        99.0,
        94.8,
        94.8
    ],
    "y": [
        93.47441860465116,
        93.47441860465116,
        93,
        93.0139534883721,
        91.63255813953488,
        90,
        88.4093023255814,
        86.10697674418604,
        84,
        82.88372093023256,
        85.18604651162791,
        82,
        80.12093023255814,
        76.89767441860465,
        75,
        73.2139534883721,
        70.45116279069768,
        69,
        68.14883720930233,
        65.84651162790698,
        64,
        63.08372093023256,
        59.4,
        57,
        55.716279069767445,
        52.032558139534885,
        50,
        49.730232558139534,
        46.50697674418605,
        44,
        42.82325581395349,
        38.21860465116279,
        36,
        34.074418604651164,
        31.311627906976746,
        29,
        27.627906976744185,
        23.94418604651163,
        22,
        20.72093023255814,
        17.037209302325582,
        15,
        13.813953488372093,
        11.051162790697674,
        9,
        7.8279069767441865,
        5.065116279069767,
        4,
        3.683720930232558,
        0.4604651162790698,
        0,
        0.0,
        0.9209302325581395,
        1,
        1.841860465116279,
        3.683720930232558,
        5,
        6.446511627906977,
        9.669767441860465,
        11,
        12.893023255813954,
        16.11627906976744,
        17,
        18.87906976744186,
        21.641860465116277,
        23,
        24.865116279069767,
        28.548837209302327,
        29,
        31.311627906976746,
        34.074418604651164,
        35,
        36.37674418604651,
        38.67906976744186,
        40,
        41.44186046511628,
        42.82325581395349,
        43,
        44.2046511627907,
        45.12558139534884,
        45,
        45.586046511627906,
        47.42790697674418,
        47,
        46.967441860465115,
        46.967441860465115,
        47,
        47.42790697674418,
        47.88837209302326,
        47,
        47.88837209302326,
        47.88837209302326,
        47,
        47.88837209302326,
        48.348837209302324,
        48,
        47.88837209302326,
        47.88837209302326,
        47,
        47.88837209302326,
        47.88837209302326,
        47,
        47.88837209302326,
        48.348837209302324,
        47,
        47.42790697674418,
        47.42790697674418,
        47,
        47.88837209302326,
        47.88837209302326,
        47,
        47.88837209302326,
        47.88837209302326,
        47,
        47.88837209302326,
        46.967441860465115,
        46,
        46.967441860465115,
        46.04651162790697,
        44,
        43.283720930232555,
        40.06046511627907,
        38,
        37.75813953488372,
        34.53488372093023,
        32,
        31.311627906976746,
        28.088372093023256,
        26,
        24.404651162790696,
        21.641860465116277,
        20,
        18.41860465116279,
        16.11627906976744,
        14,
        12.893023255813954,
        11.511627906976743,
        10,
        8.748837209302325,
        7.367441860465116,
        6.446511627906977,
        5.525581395348837,
        5.986046511627907,
        7.367441860465116,
        10.590697674418605,
        11.972093023255814,
        14.274418604651164,
        17.49767441860465,
        20.72093023255814,
        24.404651162790696,
        27.167441860465118,
        30.390697674418604,
        34.9953488372093,
        39.13953488372093,
        41.902325581395345,
        45.586046511627906,
        48.80930232558139,
        52.49302325581395,
        55.716279069767445,
        59.4,
        63.08372093023256,
        66.30697674418604,
        68.6093023255814,
        71.37209302325581,
        74.5953488372093,
        77.81860465116279,
        80.5813953488372,
        84.26511627906977,
        87.48837209302326,
        90.25116279069768,
        93.47441860465116,
        95.77674418604651,
        98.07906976744187,
        99.0,
        99.0
    ]
}