{
    "x": [
        2.4,
        2.4,
        2,
        2.4,
        3.0,
        3,
        3.0,
        3.0,
        2,
        2.4,
        1,
        0.0,
        1,
        3.6,
        3.6,
        3,
        3.6,
        3.6,
        3,
        4.2,
        4.2,
        4,
        4,
        5.4,
        5.4,
        5,
        5.4,
        5.4,
        5,
        5.4,
        5.4,
        5,
        5,
        5.4,
        5.4,
        5,
        5.4,
        5.4,
        5,
        5.4,
        5.4,
        5,
        6.0,
        6,
        6.6,
        6,
        6.0,
        6.0,
        6,
        6.0,
        6.6,
        6,
        6.6,
        6.6,
        6,
        6,
        6.0,
        6.0,
        6,
        6.0,
        6.6,
        6,
        6.6,
        8.4,
        9,
        9,
        9.6,
        12.0,
        13,
        14.4,
        18.0,
        19,
        21.0,
        24.6,
        26,
        28.2,
        29,
        31.2,
        33,
        35.4,
        39.6,
        42,
        44.4,
        49.2,
        51,
        54.6,
        60.0,
        61,
        63,
        66.0,
        72.0,
        75,
        78.0,
        82.8,
        85,
        87.6,
        91.2,
        92,
        92,
        93.0,
        94.2,
        94,
        94.2,
        94.2,
        94,
        94.2,
        93.6,
        91,
        90.0,
        91,
        92.4,
        92,
        91.8,
        88.8,
        90,
        91.8,
        91.2,
        91,
        91.2,
        87.6,
        87,
        88,
        90.0,
        88.8,
        88,
        88.2,
        88.8,
        88,
        88.8,
        89.4,
        89,
        89,
        90.0,
        90.6,
        89,
        88.8,
        92.4,
        91,
        90.0,
        94.2,
        94,
        94.2,
        94,
        94.8,
        95,
        96.0,
        96.0,
        94,
        93.6,
        96.0,
        95,
        95.4,
        99.0,
        98,
        97,
        95.4,
        95.4,
        95,
        94.8,
        94.8,
        94,
        94.8,
        95.4,
        95,
        95,
        96.0,
        96.0,
        96,
        96.0,
        96.0,
        96,
        96.0,
        96.0,
        96,
        96.6
    ],
    "y": [
        96.38095238095238,
        96.38095238095238,
        95,
        95.33333333333333,
        93.76190476190476,
        93,
        92.71428571428571,
        90.0952380952381,
        88,
        87.47619047619048,
        86,
        85.38095238095238,
        83,
        80.66666666666667,
        76.47619047619048,
        74,
        71.76190476190476,
        66.52380952380952,
        63,
        61.285714285714285,
        55.523809523809526,
        53,
        52,
        49.76190476190476,
        44.0,
        41,
        38.23809523809524,
        33.0,
        30,
        28.285714285714285,
        23.047619047619047,
        20,
        19,
        18.333333333333332,
        13.095238095238095,
        11,
        8.904761904761905,
        5.238095238095238,
        3,
        2.0952380952380953,
        0.5238095238095238,
        0,
        0.0,
        0,
        1.5714285714285714,
        3,
        4.714285714285714,
        8.904761904761905,
        11,
        13.619047619047619,
        17.80952380952381,
        20,
        22.523809523809526,
        27.238095238095237,
        28,
        29,
        31.952380952380953,
        35.61904761904762,
        37,
        39.80952380952381,
        42.95238095238095,
        44,
        45.57142857142857,
        48.19047619047619,
        48,
        48,
        49.23809523809524,
        50.285714285714285,
        50,
        50.285714285714285,
        50.80952380952381,
        50,
        50.285714285714285,
        50.80952380952381,
        51,
        51.333333333333336,
        51,
        51.333333333333336,
        51,
        51.857142857142854,
        51.857142857142854,
        51,
        51.857142857142854,
        51.857142857142854,
        51,
        51.857142857142854,
        51.857142857142854,
        51,
        51,
        51.857142857142854,
        51.857142857142854,
        51,
        51.333333333333336,
        51.333333333333336,
        51,
        51.857142857142854,
        51.857142857142854,
        51,
        51,
        51.857142857142854,
        51.857142857142854,
        51,
        50.80952380952381,
        49.23809523809524,
        47,
        46.61904761904762,
        43.476190476190474,
        42,
        41.38095238095238,
        38,
        35.61904761904762,
        33,
        30.904761904761905,
        28.285714285714285,
        25,
        22.0,
        17.80952380952381,
        15,
        14.142857142857142,
        12.571428571428571,
        11,
        10,
        8.380952380952381,
        6.285714285714286,
        6,
        5.761904761904762,
        5.761904761904762,
        6,
        6.285714285714286,
        8.380952380952381,
        9,
        10,
        11.523809523809524,
        15.19047619047619,
        17,
        20.428571428571427,
        23.047619047619047,
        26,
        29.333333333333332,
        31.952380952380953,
        34,
        36.666666666666664,
        38,
        40.857142857142854,
        42,
        45.04761904761905,
        49.23809523809524,
        51,
        54.476190476190474,
        57.61904761904762,
        59,
        61.80952380952381,
        64.95238095238095,
        65,
        66,
        68.0952380952381,
        71.76190476190476,
        73,
        75.42857142857143,
        79.0952380952381,
        80,
        82.76190476190476,
        85.9047619047619,
        87,
        88,
        89.04761904761905,
        91.66666666666667,
        93,
        94.80952380952381,
        96.9047619047619,
        97,
        98.47619047619048,
        99.0,
        98,
        98.47619047619048
    ]
}