{
    "x": [
        96.9375,
        96.9375,
        96,
        96,
        96.25,
        95,
        95,
        95.5625,
        94,
        93,
        93.5,
        90.75,
        89,
        89,
        89,
        87.3125,
        84,
        82.5,
        79,
        78,
        77,
        77.0,
        70.8125,
        68,
        67,
        64.625,
        61,
        59,
        57.75,
        53,
        51,
        50.1875,
        43.3125,
        41,
        40,
        39,
        36.4375,
        32,
        28.875,
        25,
        23,
        22,
        22.0,
        16.5,
        14,
        13,
        11.0,
        8,
        7,
        6.1875,
        4,
        3,
        2.75,
        0.0,
        0,
        0,
        0,
        0.0,
        0,
        0.6875,
        1,
        1,
        1,
        2.0625,
        4.8125,
        5,
        6,
        8.9375,
        11,
        12,
        13.75,
        16,
        17,
        19.25,
        25.4375,
        26,
        27,
        28,
        31.625,
        34,
        37.125,
        39,
        40,
        41,
        42.625,
        48.8125,
        49,
        51,
        54.3125,
        57,
        58,
        60.5,
        63,
        64,
        66.6875,
        72.1875,
        73,
        73,
        74,
        77.6875,
        80,
        82.5,
        84,
        85,
        86,
        87.3125,
        91.4375,
        91,
        92,
        94.1875,
        95,
        95,
        96.9375,
        97,
        98,
        99.0,
        98.3125,
        97,
        97,
        97,
        97.625,
        96,
        96.25,
        95,
        94,
        94,
        94.1875,
        91.4375,
        90,
        89,
        87.3125,
        85,
        84,
        83.875,
        81,
        80,
        79.0625,
        74.9375,
        73,
        72,
        72,
        69.4375,
        66,
        63.9375,
        61,
        59,
        58,
        58.4375,
        51.5625,
        49,
        48,
        46.0625,
        43,
        41,
        40.5625,
        37,
        36,
        35.0625,
        29.5625,
        28,
        27,
        27,
        24.75,
        22,
        19.9375,
        17,
        16,
        15,
        15.8125,
        13.0625,
        12,
        12,
        11.0,
        10,
        9.625
    ],
    "y": [
        14.06842105263158,
        13.547368421052632,
        13,
        13,
        13.026315789473685,
        11,
        10,
        10.942105263157895,
        9,
        8,
        8.336842105263157,
        6.773684210526316,
        6,
        6,
        6,
        6.252631578947368,
        5,
        4.689473684210526,
        3,
        2,
        2,
        2.6052631578947367,
        0.5210526315789473,
        0,
        0,
        0.0,
        0,
        0,
        0.5210526315789473,
        1,
        1,
        1.563157894736842,
        2.6052631578947367,
        2,
        2,
        3,
        4.168421052631579,
        5,
        6.252631578947368,
        8,
        8,
        8,
        9.9,
        13.026315789473685,
        14,
        15,
        17.194736842105264,
        19,
        19,
        20.842105263157894,
        22,
        23,
        25.010526315789473,
        29.178947368421053,
        30,
        30,
        31,
        33.34736842105263,
        35,
        37.51578947368421,
        39,
        39,
        39,
        40.642105263157895,
        43.247368421052634,
        43,
        44,
        45.33157894736842,
        46,
        46,
        47.415789473684214,
        48,
        48,
        48.97894736842105,
        50.02105263157895,
        50,
        50,
        50,
        51.06315789473684,
        51,
        51.06315789473684,
        51,
        51,
        51,
        51.584210526315786,
        51.584210526315786,
        51,
        51,
        51.584210526315786,
        51,
        51,
        51.584210526315786,
        51,
        51,
        51.584210526315786,
        51.584210526315786,
        51,
        51,
        52,
        52.626315789473686,
        53,
        53.66842105263158,
        54,
        54,
        54,
        55.23157894736842,
        57.31578947368421,
        57,
        58,
        60.44210526315789,
        62,
        63,
        64.08947368421053,
        65,
        66,
        67.73684210526316,
        71.38421052631578,
        72,
        72,
        73,
        75.55263157894737,
        77,
        79.2,
        80,
        81,
        81,
        82.32631578947368,
        85.97368421052632,
        86,
        87,
        89.1,
        90,
        91,
        92.22631578947369,
        93,
        93,
        93.78947368421052,
        95.35263157894737,
        95,
        95,
        95,
        96.39473684210526,
        96,
        97.43684210526315,
        97,
        97,
        97,
        98.47894736842105,
        99.0,
        99,
        99,
        99.0,
        99,
        99,
        99.0,
        98,
        98,
        98.47894736842105,
        96.91578947368421,
        96,
        96,
        96,
        95.87368421052632,
        95,
        94.31052631578947,
        93,
        92,
        92,
        92.22631578947369,
        90.1421052631579,
        89,
        89,
        88.57894736842105,
        87,
        87.01578947368421
    ]
}