{
    "x": [
        95.90625,
        94.66875,
        92,
        91,
        89.1,
        90,
        91.575,
        90,
        89,
        89,
        89.1,
        86.00625,
        85,
        84,
        82.29375,
        82,
        83.53125,
        78,
        76,
        75,
        74.25,
        69.91875,
        68,
        67,
        64.35,
        61,
        59.4,
        56,
        55,
        54,
        54.45,
        48.2625,
        46,
        45,
        43.3125,
        40,
        37.74375,
        34,
        33,
        32,
        32.175,
        26.60625,
        24,
        23,
        21.0375,
        18,
        16.0875,
        13,
        12,
        11,
        11.1375,
        6.80625,
        5,
        5,
        3.7125,
        2,
        1.85625,
        1,
        0,
        0,
        0.61875,
        0.0,
        0,
        0,
        0.61875,
        0,
        1.2375,
        2,
        2,
        2,
        3.09375,
        5.56875,
        6,
        7,
        8.6625,
        10,
        12.99375,
        15,
        16,
        16,
        17.325,
        22.275,
        23,
        25,
        27.84375,
        30,
        32.79375,
        35,
        36,
        37,
        38.98125,
        45.16875,
        46,
        48,
        51.35625,
        54,
        57.54375,
        60,
        62,
        63,
        64.35,
        71.15625,
        72,
        73,
        76.725,
        79,
        82.29375,
        84,
        85,
        86,
        87.24375,
        90.95625,
        91,
        92,
        94.05,
        95,
        96.525,
        97,
        97,
        97,
        98.38125,
        99.0,
        98,
        98,
        98.38125,
        98,
        97.7625,
        96,
        95,
        95,
        95.90625,
        93.43125,
        92,
        91,
        89.71875,
        86,
        84.15,
        81,
        79,
        78,
        77.9625,
        71.15625,
        69,
        67,
        64.35,
        60,
        57.54375,
        53,
        51,
        50,
        50.11875,
        43.93125,
        42,
        41,
        38.3625,
        35,
        32.175,
        29,
        28,
        27,
        27.225,
        22.275,
        21,
        20,
        18.5625,
        16,
        14.85,
        13,
        12,
        12,
        12.99375,
        10.51875,
        10,
        11,
        12.99375
    ],
    "y": [
        11.704433497536947,
        11.704433497536947,
        11,
        11,
        11.216748768472906,
        10,
        9.266009852216749,
        8,
        7,
        7,
        7.315270935960591,
        6.3399014778325125,
        6,
        6,
        5.852216748768473,
        5,
        4.876847290640394,
        4,
        4,
        4,
        4.389162561576355,
        1.9507389162561577,
        1,
        1,
        1.4630541871921183,
        1,
        0.9753694581280788,
        0,
        0,
        0,
        0.4876847290640394,
        0.9753694581280788,
        0,
        0,
        0.4876847290640394,
        0,
        0.0,
        0,
        0,
        0,
        0.4876847290640394,
        1.4630541871921183,
        1,
        2,
        2.9261083743842367,
        3,
        4.876847290640394,
        6,
        6,
        6,
        7.315270935960591,
        10.729064039408867,
        11,
        12,
        13.655172413793103,
        15,
        17.06896551724138,
        18,
        18,
        18,
        19.995073891625616,
        23.408866995073893,
        24,
        25,
        27.310344827586206,
        29,
        31.211822660098523,
        33,
        34,
        34,
        35.600985221674875,
        39.01477832512315,
        39,
        40,
        41.45320197044335,
        42,
        43.891625615763544,
        44,
        44,
        44,
        45.8423645320197,
        46.330049261083744,
        46,
        46,
        46.81773399014779,
        47,
        47.30541871921182,
        47,
        47,
        47,
        48.2807881773399,
        48.76847290640394,
        48,
        49,
        49.25615763546798,
        49,
        49.25615763546798,
        49,
        49,
        49,
        50.23152709359606,
        51.206896551724135,
        51,
        51,
        52.669950738916256,
        53,
        54.62068965517241,
        55,
        55,
        55,
        56.57142857142857,
        59.00985221674877,
        59,
        60,
        61.935960591133004,
        63,
        65.34975369458128,
        67,
        67,
        67,
        68.76354679802955,
        73.15270935960591,
        73,
        74,
        76.56650246305419,
        78,
        80.4679802955665,
        81,
        82,
        82,
        83.39408866995073,
        86.80788177339902,
        87,
        88,
        89.73399014778325,
        90,
        92.17241379310344,
        93,
        94,
        94,
        95.09852216748769,
        97.04926108374384,
        97,
        97,
        98.51231527093596,
        98,
        99.0,
        98,
        98,
        98,
        98.51231527093596,
        98.51231527093596,
        98,
        98,
        99.0,
        98,
        98.02463054187191,
        97,
        97,
        97,
        97.04926108374384,
        95.58620689655173,
        94,
        94,
        94.1231527093596,
        93,
        92.17241379310344,
        91,
        90,
        90,
        90.22167487684729,
        87.29556650246306,
        86,
        86,
        84.85714285714286
    ]
}