{
    "x": [
        0.9,
        0.0,
        0.9,
        0.9,
        0,
        0.9,
        0.9,
        0.9,
        1.8,
        0,
        0.0,
        2.7,
        2.7,
        3.6,
        3,
        3.6,
        3.6,
        5.4,
        5.4,
        5,
        5.4,
        5.4,
        4.5,
        6.3,
        5,
        5.4,
        1.8,
        5.4,
        3.6,
        4,
        4.5,
        5.4,
        5.4,
        5.4,
        4,
        3.6,
        6.3,
        6.3,
        6.3,
        6,
        6.3,
        5.4,
        4.5,
        3.6,
        3,
        3.6,
        2.7,
        1.8,
        0.0,
        1,
        3.6,
        3.6,
        3.6,
        5.4,
        4,
        3.6,
        5.4,
        5.4,
        5.4,
        5,
        5.4,
        6.3,
        5.4,
        5.4,
        5,
        5.4,
        5.4,
        3.6,
        4.5,
        3,
        1.8,
        1.8,
        3.6,
        4.5,
        4,
        5.4,
        4.5,
        5.4,
        5.4,
        4,
        3.6,
        7.2,
        7.2,
        9.0,
        9,
        9.0,
        9.9,
        10.8,
        7.2,
        9,
        11.7,
        12.6,
        14.4,
        16.2,
        17,
        18.9,
        21.6,
        24.3,
        26.1,
        27,
        29.7,
        30.6,
        36.9,
        42.3,
        44,
        45.9,
        50.4,
        52.2,
        58.5,
        61,
        63.9,
        68.4,
        72.9,
        77.4,
        78,
        80.1,
        82.8,
        83.7,
        82.8,
        82,
        82.8,
        77.4,
        77.4,
        73.8,
        72,
        70.2,
        65.7,
        62.1,
        57.6,
        55,
        54.0,
        48.6,
        44.1,
        37.8,
        34,
        30.6,
        30.6,
        27.0,
        21.6,
        20,
        18.9,
        15.3,
        14.4,
        13.5,
        13,
        12.6,
        15.3,
        17.1,
        19.8,
        21,
        23.4,
        27.9,
        27.9,
        32.4,
        38.7,
        41.4,
        45.9,
        49.5,
        53.1,
        57.6,
        61.2,
        65.7,
        69.3,
        74.7,
        79.2,
        82.8,
        86.4,
        90.0,
        91.8,
        93.6,
        95.4,
        97.2,
        98.1,
        93.6,
        99.0
    ],
    "y": [
        99.0,
        98.52631578947368,
        98.52631578947368,
        96.63157894736842,
        95,
        94.73684210526316,
        93.3157894736842,
        91.89473684210526,
        90.0,
        89,
        89.05263157894737,
        86.6842105263158,
        84.3157894736842,
        81.94736842105263,
        81,
        80.05263157894737,
        77.6842105263158,
        74.36842105263158,
        72.0,
        70,
        69.15789473684211,
        65.84210526315789,
        63.94736842105263,
        60.1578947368421,
        58,
        57.78947368421053,
        56.36842105263158,
        52.578947368421055,
        50.21052631578947,
        48,
        46.89473684210526,
        43.578947368421055,
        41.21052631578947,
        38.8421052631579,
        37,
        36.94736842105263,
        33.1578947368421,
        30.789473684210527,
        27.94736842105263,
        26,
        25.57894736842105,
        23.68421052631579,
        21.789473684210527,
        19.42105263157895,
        18,
        17.526315789473685,
        14.68421052631579,
        12.789473684210526,
        11.842105263157896,
        9,
        7.578947368421052,
        5.684210526315789,
        3.3157894736842106,
        1.4210526315789473,
        1,
        1.4210526315789473,
        0.0,
        0.47368421052631576,
        2.3684210526315788,
        2,
        2.8421052631578947,
        4.7368421052631575,
        6.157894736842105,
        8.526315789473685,
        9,
        10.894736842105264,
        13.736842105263158,
        17.526315789473685,
        18.473684210526315,
        20,
        23.210526315789473,
        24.63157894736842,
        26.526315789473685,
        28.42105263157895,
        29,
        30.31578947368421,
        32.21052631578947,
        33.63157894736842,
        35.526315789473685,
        37,
        38.8421052631579,
        39.31578947368421,
        40.73684210526316,
        42.1578947368421,
        42,
        43.10526315789474,
        44.05263157894737,
        44.526315789473685,
        45.473684210526315,
        45,
        45.0,
        44.05263157894737,
        43.10526315789474,
        42.1578947368421,
        41,
        41.21052631578947,
        38.8421052631579,
        37.421052631578945,
        36.0,
        34,
        33.63157894736842,
        32.68421052631579,
        29.842105263157894,
        27.473684210526315,
        26,
        25.105263157894736,
        22.263157894736842,
        21.789473684210527,
        18.0,
        16,
        14.68421052631579,
        12.31578947368421,
        10.421052631578947,
        8.526315789473685,
        7,
        6.157894736842105,
        5.2105263157894735,
        4.7368421052631575,
        6.157894736842105,
        5,
        4.7368421052631575,
        8.526315789473685,
        8.526315789473685,
        10.421052631578947,
        11,
        12.31578947368421,
        14.68421052631579,
        16.57894736842105,
        19.42105263157895,
        20,
        21.789473684210527,
        24.157894736842106,
        27.0,
        28.894736842105264,
        31,
        33.1578947368421,
        33.63157894736842,
        35.526315789473685,
        37.421052631578945,
        38,
        39.78947368421053,
        41.21052631578947,
        42.63157894736842,
        43.578947368421055,
        44,
        44.526315789473685,
        45.0,
        45.473684210526315,
        46.89473684210526,
        47,
        47.8421052631579,
        49.26315789473684,
        52.10526315789474,
        54.0,
        54.0,
        56.8421052631579,
        58.26315789473684,
        60.1578947368421,
        62.05263157894737,
        64.42105263157895,
        66.78947368421052,
        69.63157894736842,
        71.52631578947368,
        74.36842105263158,
        76.26315789473684,
        78.63157894736842,
        80.52631578947368,
        83.36842105263158,
        84.78947368421052,
        87.15789473684211,
        89.05263157894737,
        89.52631578947368,
        90.94736842105263,
        92.84210526315789,
        91.89473684210526
    ]
}