{
    "x": [
        0.0,
        0.5,
        0,
        0,
        0,
        0,
        1.0,
        1,
        1,
        2.5,
        3,
        3,
        3,
        4.5,
        5,
        7.0,
        7,
        7,
        8,
        10.0,
        10,
        11,
        12.5,
        13,
        14,
        15,
        15,
        16.0,
        19.5,
        19,
        20,
        21,
        22,
        23.0,
        24,
        25,
        26.0,
        27,
        27,
        28,
        29.0,
        30,
        31.0,
        31,
        31,
        32,
        33.5,
        33,
        34,
        35.5,
        35,
        36,
        36,
        36,
        36.5,
        38.0,
        38,
        38,
        39,
        39,
        40.0,
        41,
        41,
        42.0,
        43,
        43,
        43,
        44.0,
        45,
        46.0,
        46,
        46,
        47,
        48.5,
        48,
        49,
        50.5,
        50,
        51,
        52,
        52,
        53.0,
        55.0,
        55,
        55,
        56,
        56,
        57.5,
        59,
        59,
        60.5,
        60,
        60,
        60,
        60.0,
        60,
        61.0,
        61,
        61,
        61,
        61.5,
        61,
        61,
        62.0,
        62,
        62,
        62,
        62,
        63.0,
        64.0,
        64,
        64,
        65,
        65,
        66.0,
        67,
        67,
        68.0,
        69,
        69,
        69,
        70.0,
        71,
        73.0,
        73,
        73,
        74,
        75.5,
        76,
        77,
        78.5,
        79,
        80,
        80,
        81.5,
        83.0,
        83,
        83,
        84.5,
        85,
        85.5,
        86,
        86,
        86.5,
        87.5,
        87,
        88,
        88.5,
        88,
        89.0,
        89,
        89,
        90.5,
        91.0,
        91,
        91,
        92.5,
        93,
        93.5,
        94,
        94,
        95.0,
        96.5,
        96,
        97,
        97.5,
        98,
        98.5,
        98,
        98,
        99.0,
        99.0,
        99,
        99,
        99.0
    ],
    "y": [
        4.534351145038168,
        8.312977099236642,
        8,
        8,
        9,
        10,
        11.335877862595419,
        13,
        14,
        15.114503816793894,
        17,
        17,
        17,
        18.893129770992367,
        21,
        24.18320610687023,
        25,
        26,
        27,
        31.740458015267176,
        33,
        35,
        39.29770992366412,
        41,
        43,
        45,
        46,
        47.61068702290076,
        55.16793893129771,
        55,
        56,
        58,
        60,
        62.725190839694655,
        66,
        68,
        71.0381679389313,
        75,
        76,
        77,
        79.35114503816794,
        83,
        87.66412213740458,
        88,
        89,
        90,
        93.70992366412214,
        94,
        95,
        97.4885496183206,
        97,
        98,
        98,
        98,
        99.0,
        97.4885496183206,
        96,
        96,
        95,
        94,
        94.46564885496183,
        91,
        90,
        89.17557251908397,
        86,
        85,
        84,
        83.12977099236642,
        79,
        76.32824427480917,
        74,
        73,
        72,
        68.77099236641222,
        66,
        64,
        61.213740458015266,
        58,
        56,
        54,
        53,
        52.14503816793893,
        43.83206106870229,
        42,
        41,
        40,
        38,
        36.274809160305345,
        36,
        36,
        36.274809160305345,
        32,
        30,
        29,
        27.9618320610687,
        26,
        25.69465648854962,
        25,
        25,
        25,
        25.69465648854962,
        25,
        26,
        27.9618320610687,
        28,
        30,
        31,
        32,
        33.25190839694657,
        39.29770992366412,
        39,
        40,
        42,
        43,
        45.343511450381676,
        49,
        50,
        52.900763358778626,
        56,
        57,
        58,
        60.458015267175576,
        64,
        68.01526717557252,
        69,
        70,
        71,
        74.81679389312977,
        75,
        77,
        80.86259541984732,
        81,
        83,
        84,
        86.1526717557252,
        90.68702290076335,
        90,
        91,
        92.95419847328245,
        93,
        93.70992366412214,
        92,
        92,
        92.19847328244275,
        88.41984732824427,
        87,
        86,
        83.8854961832061,
        80,
        77.08396946564885,
        73,
        71,
        70.2824427480916,
        62.725190839694655,
        59,
        57,
        52.900763358778626,
        47,
        43.0763358778626,
        38,
        35,
        33.25190839694657,
        24.938931297709924,
        22,
        20,
        16.625954198473284,
        13,
        9.82442748091603,
        7,
        6,
        5.290076335877862,
        2.267175572519084,
        1,
        1,
        0.0
    ]
}