{
    "x": [
        5.94,
        5.94,
        5,
        6,
        6.93,
        6,
        6,
        6.93,
        7,
        7,
        7.92,
        7,
        7.92,
        7,
        8,
        8.91,
        8,
        8,
        8.91,
        8,
        7,
        7.92,
        7.92,
        7,
        7,
        7,
        7.92,
        8,
        8.91,
        8,
        8,
        7,
        7.92,
        9.9,
        9,
        9,
        9,
        8.91,
        9,
        9.9,
        9,
        8,
        8,
        8.91,
        8.91,
        8,
        8,
        8,
        8.91,
        8,
        7.92,
        8,
        8,
        8,
        9.9,
        10.89,
        9,
        9,
        7.92,
        7,
        7,
        7.92,
        8,
        8,
        8.91,
        8,
        7.92,
        8,
        10,
        12.87,
        10,
        8,
        7.92,
        5,
        4,
        3.96,
        5.94,
        5,
        6,
        7,
        8.91,
        5,
        1.98,
        2,
        3,
        3,
        4.95,
        5.94,
        5,
        5,
        5,
        4.95,
        3,
        2.97,
        2,
        1,
        1,
        1.98,
        2.97,
        1,
        1,
        0,
        0.99,
        0,
        0.99,
        0,
        0,
        0,
        0.0,
        0.0,
        0,
        0,
        0.0,
        0,
        0,
        1.98,
        1,
        1,
        1.98,
        2,
        3.96,
        4,
        5,
        7.92,
        9,
        9,
        10.89,
        13,
        14,
        15.84,
        20.79,
        20,
        20,
        21,
        22.77,
        25,
        28.71,
        30,
        32,
        34,
        36.63,
        43.56,
        45,
        46,
        47,
        50.49,
        52,
        55.44,
        58,
        59,
        60,
        62.37,
        69.3,
        70,
        71,
        72,
        74.25,
        77,
        80.19,
        83,
        85,
        86,
        87.12,
        91.08,
        92,
        93,
        96.03,
        95,
        95,
        94.05,
        96,
        97,
        99.0,
        97,
        95.04
    ],
    "y": [
        0.0,
        0.0,
        0,
        0,
        0.0,
        0,
        0,
        1.064516129032258,
        0,
        0,
        0.0,
        0,
        1.064516129032258,
        1,
        2,
        3.193548387096774,
        3,
        3,
        3.725806451612903,
        4,
        4,
        5.854838709677419,
        7.451612903225806,
        7,
        7,
        7,
        8.516129032258064,
        9,
        10.64516129032258,
        10,
        11,
        11,
        12.774193548387096,
        14.370967741935484,
        14,
        14,
        15,
        17.032258064516128,
        17,
        18.629032258064516,
        19,
        19,
        19,
        20.758064516129032,
        23.419354838709676,
        24,
        25,
        25,
        26.612903225806452,
        28,
        30.870967741935484,
        31,
        31,
        31,
        31.93548387096774,
        34.596774193548384,
        35,
        36,
        38.32258064516129,
        38,
        39,
        41.516129032258064,
        42,
        43,
        44.17741935483871,
        45,
        47.37096774193548,
        47,
        48,
        49.5,
        51,
        52,
        53.75806451612903,
        56,
        57,
        58.54838709677419,
        60.67741935483871,
        60,
        60,
        61,
        62.806451612903224,
        65,
        68.12903225806451,
        68,
        68,
        68,
        69.7258064516129,
        72.38709677419355,
        72,
        72,
        73,
        75.58064516129032,
        77,
        78.7741935483871,
        80,
        80,
        80,
        81.96774193548387,
        85.16129032258064,
        85,
        86,
        86,
        87.29032258064517,
        88,
        89.95161290322581,
        91,
        91,
        91,
        92.61290322580645,
        93.6774193548387,
        93,
        94,
        94.74193548387096,
        94,
        94,
        94.74193548387096,
        95,
        95,
        95.2741935483871,
        94,
        94.20967741935483,
        94,
        94,
        94.74193548387096,
        94,
        94,
        94.20967741935483,
        94,
        94,
        94.20967741935483,
        94.20967741935483,
        94,
        94,
        94,
        95.2741935483871,
        95,
        94.74193548387096,
        94,
        94,
        93,
        93.6774193548387,
        94.74193548387096,
        94,
        94,
        94,
        94.20967741935483,
        94,
        94.20967741935483,
        93,
        93,
        93,
        93.6774193548387,
        94.20967741935483,
        94,
        94,
        94,
        94.20967741935483,
        93,
        93.6774193548387,
        93,
        93,
        93,
        94.20967741935483,
        94.74193548387096,
        94,
        94,
        94.74193548387096,
        95,
        96,
        99.0,
        97,
        96,
        96.33870967741936,
        97,
        97.93548387096774
    ]
}