{
    "x": [
        3.96,
        3.96,
        3,
        3,
        3,
        3,
        3.96,
        4,
        4,
        4.95,
        4,
        4,
        4,
        4.95,
        5,
        5.94,
        5,
        5,
        5,
        5.94,
        4,
        4,
        3.96,
        3,
        3,
        3,
        3,
        3.96,
        3.96,
        3,
        3,
        3,
        2,
        2.97,
        3,
        3,
        4.95,
        4,
        3,
        3,
        3.96,
        5,
        6.93,
        5,
        5,
        5,
        4.95,
        4,
        4,
        3.96,
        3,
        4,
        4,
        4,
        4.95,
        5.94,
        5,
        5,
        5,
        5,
        5.94,
        5,
        5,
        5.94,
        4,
        3,
        3,
        3.96,
        4,
        5.94,
        4,
        4,
        4,
        3.96,
        3,
        4,
        5.94,
        5,
        5,
        5,
        5,
        5.94,
        3.96,
        3,
        4,
        6,
        7,
        9.9,
        7,
        5,
        4.95,
        5,
        5,
        5,
        5.94,
        5,
        5.94,
        5,
        5,
        5,
        4.95,
        4,
        4,
        3.96,
        2,
        1,
        0,
        0,
        0.0,
        7.92,
        7,
        7,
        8,
        8,
        8.91,
        10,
        11,
        12.87,
        15,
        15,
        16,
        17.82,
        20,
        22.77,
        23,
        24,
        25,
        28.71,
        29,
        31,
        34.65,
        35,
        36,
        37,
        37,
        38.61,
        44.55,
        44,
        45,
        47,
        48,
        50.49,
        52,
        53,
        55.44,
        58,
        58,
        59,
        61.38,
        63,
        66.33,
        67,
        67,
        68,
        71.28,
        72,
        74,
        77.22,
        78,
        80,
        81,
        82,
        83.16,
        89.1,
        89,
        90,
        91,
        92,
        93.06,
        95,
        97.02,
        96,
        96,
        96.03,
        99.0
    ],
    "y": [
        0.0,
        1.0879120879120878,
        1,
        1,
        1,
        1,
        2.71978021978022,
        2,
        2,
        3.2637362637362637,
        3,
        3,
        3,
        4.351648351648351,
        5,
        6.527472527472527,
        6,
        6,
        7,
        8.703296703296703,
        9,
        10,
        11.423076923076923,
        11,
        12,
        12,
        12,
        13.598901098901099,
        15.774725274725276,
        16,
        17,
        19,
        20,
        22.846153846153847,
        24,
        25,
        26.10989010989011,
        27,
        27,
        27,
        28.82967032967033,
        29,
        31.005494505494507,
        31,
        31,
        32,
        34.81318681318681,
        35,
        36,
        39.16483516483517,
        39,
        40,
        40,
        40,
        41.88461538461539,
        44.604395604395606,
        44,
        45,
        46,
        47,
        48.41208791208791,
        50,
        50,
        51.675824175824175,
        54,
        54,
        55,
        56.57142857142857,
        57,
        59.29120879120879,
        60,
        60,
        61,
        64.18681318681318,
        65,
        66,
        67.99450549450549,
        68,
        70,
        71,
        71,
        72.34615384615384,
        76.6978021978022,
        76,
        76,
        77,
        77,
        78.32967032967034,
        80,
        81,
        82.68131868131869,
        83,
        83,
        83,
        84.85714285714286,
        86,
        87.57692307692308,
        87,
        87,
        88,
        89.75274725274726,
        89,
        90,
        90.84065934065934,
        91,
        92,
        92,
        92,
        93.56043956043956,
        91.92857142857143,
        91,
        91,
        92,
        92,
        92.47252747252747,
        92,
        92,
        92.47252747252747,
        92,
        92,
        92,
        92.47252747252747,
        92,
        93.01648351648352,
        93,
        93,
        93,
        93.56043956043956,
        93,
        93,
        93.01648351648352,
        93,
        93,
        93,
        93,
        94.1043956043956,
        94.64835164835165,
        94,
        94,
        94,
        94,
        95.1923076923077,
        94,
        94,
        94.64835164835165,
        94,
        94,
        94,
        95.1923076923077,
        95,
        95.73626373626374,
        95,
        95,
        96,
        96.28021978021978,
        96,
        96,
        96.28021978021978,
        96,
        96,
        95,
        95,
        95.73626373626374,
        95.73626373626374,
        95,
        95,
        95,
        95,
        95.73626373626374,
        96,
        96.28021978021978,
        97,
        98,
        99.0,
        96.28021978021978
    ]
}