{
    "x": [
        10.3125,
        8.25,
        8,
        8,
        8,
        8,
        8.25,
        7,
        6,
        6.1875,
        7,
        7,
        7,
        8.25,
        8,
        8,
        9.28125,
        9,
        9,
        9,
        9.28125,
        9,
        9,
        9.28125,
        9,
        9,
        9,
        9,
        10.3125,
        10,
        10.3125,
        10,
        10,
        10,
        10,
        10.3125,
        9,
        9,
        9.28125,
        8,
        8,
        8,
        8.25,
        8,
        8,
        8.25,
        8,
        8,
        9,
        10.3125,
        10,
        11,
        12.375,
        11,
        10,
        9,
        8,
        8.25,
        8.25,
        7,
        7,
        7,
        7,
        6,
        6.1875,
        5,
        5,
        5.15625,
        4,
        4,
        4,
        4.125,
        4,
        5.15625,
        4,
        4,
        3,
        3,
        2.0625,
        2,
        2,
        3.09375,
        2,
        1,
        0,
        0,
        0.0,
        0.0,
        0,
        0,
        1,
        2,
        3,
        4.125,
        4,
        4,
        4.125,
        4,
        4,
        4,
        4.125,
        4,
        5.15625,
        5,
        5,
        5,
        5,
        5.15625,
        5,
        5,
        6.1875,
        7,
        8,
        9,
        9,
        10.3125,
        13.40625,
        14,
        15,
        16,
        18,
        20,
        22.6875,
        22,
        22,
        22.6875,
        25,
        25,
        26,
        27.84375,
        31,
        35.0625,
        36,
        37,
        37,
        38,
        42.28125,
        43,
        45,
        48.46875,
        50,
        52,
        54,
        55,
        56.71875,
        63.9375,
        64,
        65,
        67,
        67,
        68,
        70.125,
        73,
        75,
        77.34375,
        80,
        81,
        82,
        84.5625,
        86,
        88.6875,
        89,
        90,
        91,
        92,
        94.875,
        94,
        95,
        96.9375,
        96,
        97,
        98,
        98,
        99.0,
        92.8125
    ],
    "y": [
        0.0,
        1.0588235294117647,
        1,
        1,
        1,
        1,
        2.6470588235294117,
        3,
        4,
        5.294117647058823,
        5,
        4,
        4,
        4.764705882352941,
        4,
        5,
        6.352941176470588,
        6,
        6,
        7,
        8.470588235294118,
        9,
        10,
        12.705882352941176,
        12,
        13,
        13,
        13,
        14.823529411764707,
        16,
        17.470588235294116,
        17,
        18,
        19,
        19,
        20.647058823529413,
        22,
        23,
        24.352941176470587,
        26,
        26,
        27,
        29.11764705882353,
        31,
        32,
        33.35294117647059,
        33,
        33,
        34,
        36.0,
        36,
        37,
        39.705882352941174,
        40,
        42,
        43,
        44,
        45.0,
        49.76470588235294,
        49,
        49,
        50,
        52,
        53,
        55.05882352941177,
        57,
        58,
        59.294117647058826,
        61,
        61,
        62,
        64.58823529411765,
        66,
        67.76470588235294,
        67,
        68,
        69,
        70,
        73.05882352941177,
        74,
        75,
        77.29411764705883,
        78,
        79,
        80,
        81,
        82.05882352941177,
        85.23529411764706,
        85,
        85,
        85,
        86,
        86,
        87.3529411764706,
        88,
        89,
        90.52941176470588,
        91,
        91,
        91,
        92.6470588235294,
        93,
        94.23529411764706,
        94,
        94,
        94,
        94,
        94.76470588235294,
        94,
        94,
        94.23529411764706,
        94,
        94,
        94,
        94,
        94.23529411764706,
        93.70588235294117,
        92,
        92,
        92,
        92,
        92,
        92.11764705882354,
        92,
        92,
        92.6470588235294,
        92,
        92,
        92,
        93.17647058823529,
        93,
        93.70588235294117,
        93,
        93,
        93,
        93,
        93.70588235294117,
        93,
        93,
        93.70588235294117,
        93,
        93,
        93,
        93,
        94.23529411764706,
        94.23529411764706,
        94,
        94,
        94,
        94,
        94,
        94.76470588235294,
        95,
        95,
        95.29411764705883,
        95,
        95,
        95,
        95.82352941176471,
        95,
        95.82352941176471,
        95,
        95,
        95,
        95,
        95.82352941176471,
        95,
        96,
        96.3529411764706,
        96,
        96,
        96,
        96,
        96.88235294117646,
        99.0
    ]
}