{
    "x": [
        1.8,
        2.7,
        2,
        2,
        2,
        2,
        2.7,
        2,
        2,
        2.7,
        1,
        0,
        0,
        0.9,
        1,
        2.7,
        2,
        2,
        3,
        3.6,
        3,
        3,
        3.6,
        3,
        3,
        3,
        3,
        3.6,
        4.5,
        4,
        4,
        4,
        4,
        4.5,
        4,
        4,
        4.5,
        3,
        2,
        2,
        2.7,
        3,
        4.5,
        4,
        4,
        4,
        4.5,
        3,
        3,
        2.7,
        3,
        4,
        5,
        5,
        6.3,
        2.7,
        2,
        2,
        2,
        2,
        2.7,
        3,
        3,
        4.5,
        4,
        4,
        4,
        4.5,
        4,
        3.6,
        2,
        2,
        2,
        0.9,
        0,
        1,
        2.7,
        1,
        1,
        0,
        0,
        0.0,
        0.9,
        0,
        0,
        0,
        0,
        0.0,
        0,
        0,
        1.8,
        0,
        0,
        0,
        0.0,
        0,
        0.9,
        0,
        0,
        1,
        1.8,
        1,
        1,
        1.8,
        1,
        2,
        2,
        2,
        2.7,
        1.8,
        1,
        1,
        1,
        0,
        0.9,
        1,
        1,
        2.7,
        3,
        3,
        3,
        4.5,
        6,
        8.1,
        8,
        8,
        9,
        9.9,
        10,
        11,
        13.5,
        14,
        15,
        16,
        18.0,
        22.5,
        23,
        25,
        27.9,
        30,
        33.3,
        35,
        35,
        36.9,
        44.1,
        44,
        45,
        47.7,
        50,
        54.0,
        56,
        57,
        59.4,
        64.8,
        65,
        67,
        71.1,
        74,
        77.4,
        80,
        81,
        82.8,
        87.3,
        88,
        89,
        91.8,
        93,
        95.4,
        94,
        93,
        92.7,
        98.1,
        98,
        98,
        99.0
    ],
    "y": [
        0.0,
        1.1445086705202312,
        1,
        1,
        2,
        2,
        2.861271676300578,
        3,
        3,
        3.433526011560694,
        4,
        4,
        4,
        5.722543352601156,
        6,
        6.294797687861272,
        6,
        6,
        7,
        9.15606936416185,
        9,
        10,
        12.589595375722544,
        12,
        13,
        13,
        13,
        14.878612716763005,
        17.167630057803468,
        17,
        17,
        18,
        19,
        20.601156069364162,
        22,
        23,
        25.179190751445088,
        27,
        27,
        28,
        29.75722543352601,
        31,
        32.61849710982659,
        33,
        33,
        34,
        35.47976878612717,
        36,
        37,
        40.05780346820809,
        40,
        41,
        41,
        41,
        42.91907514450867,
        48.641618497109825,
        48,
        49,
        50,
        51,
        52.64739884393064,
        54,
        54,
        55.50867052023121,
        57,
        57,
        58,
        59.51445086705202,
        61,
        63.52023121387283,
        64,
        65,
        66,
        68.67052023121387,
        69,
        70,
        71.53179190751445,
        72,
        74,
        75,
        75,
        76.6820809248555,
        80.11560693641619,
        80,
        81,
        82,
        83,
        84.121387283237,
        85,
        85,
        86.98265895953757,
        88,
        88,
        89,
        90.41618497109826,
        91,
        92.70520231213872,
        92,
        92,
        93,
        93.84971098265896,
        93,
        94,
        95.56647398843931,
        95,
        95,
        95,
        95,
        96.13872832369943,
        97.28323699421965,
        97,
        97,
        98,
        98,
        99.0,
        98,
        98,
        98.42774566473989,
        98,
        97,
        97,
        97.85549132947978,
        97,
        97.28323699421965,
        97,
        97,
        97,
        97.28323699421965,
        96,
        96,
        96.71098265895954,
        96,
        96,
        96,
        96.71098265895954,
        96.71098265895954,
        96,
        96,
        96.71098265895954,
        96,
        96.13872832369943,
        97,
        97,
        98.42774566473989,
        96.13872832369943,
        96,
        96,
        96.71098265895954,
        96,
        97.28323699421965,
        97,
        97,
        97.28323699421965,
        97.85549132947978,
        97,
        97,
        96.71098265895954,
        96,
        96.71098265895954,
        96,
        96,
        96.71098265895954,
        96.71098265895954,
        96,
        96,
        97.28323699421965,
        96,
        96.71098265895954,
        97,
        98,
        99.0,
        97.85549132947978,
        97,
        97,
        97.28323699421965
    ]
}