{
    "x": [
        3.3,
        1.65,
        2,
        2,
        3,
        4.95,
        5,
        5,
        6.6,
        7,
        7,
        7,
        7.425,
        5.775,
        5,
        5,
        5,
        5.775,
        4,
        3,
        3.3,
        4,
        4,
        4,
        5.775,
        5.775,
        5,
        5,
        5,
        4.95,
        4,
        4,
        4.125,
        4,
        4,
        4,
        4.125,
        3.3,
        3,
        3,
        3,
        4.125,
        4,
        4,
        4.125,
        4,
        4,
        4,
        4.125,
        3.3,
        2,
        2,
        2,
        2.475,
        2,
        2,
        3.3,
        1,
        0,
        0,
        0.0,
        4.95,
        3,
        3,
        3,
        2.475,
        2,
        2,
        2.475,
        2,
        2,
        2,
        3.3,
        3.3,
        3,
        3,
        4,
        4.95,
        4,
        4,
        4.95,
        5,
        5,
        5,
        6.6,
        4.95,
        4,
        4,
        5,
        5.775,
        8,
        9,
        10.725,
        9,
        8,
        7,
        7.425,
        6.6,
        6,
        6,
        6,
        5.775,
        5,
        4,
        4.95,
        4,
        4,
        4,
        4.95,
        6.6,
        6,
        6,
        7,
        9.075,
        11,
        12,
        13.2,
        14,
        15,
        15,
        16.5,
        19.8,
        20,
        20,
        21,
        22.275,
        24,
        25,
        27.225,
        29,
        30,
        31,
        32.175,
        40.425,
        40,
        40,
        41,
        42.9,
        44,
        45,
        47.025,
        49,
        50,
        50,
        51.975,
        56.925,
        57,
        58,
        59,
        62.7,
        65,
        66,
        68.475,
        71,
        72,
        73,
        74.25,
        79.2,
        80,
        82,
        84.975,
        87,
        89.925,
        91,
        92,
        94.05,
        96.525,
        95,
        95,
        94.05,
        96,
        99.0,
        98,
        97,
        97.35
    ],
    "y": [
        0.0,
        1.757396449704142,
        1,
        1,
        1,
        1.757396449704142,
        1,
        1,
        1.1715976331360947,
        1,
        1,
        1,
        2.3431952662721893,
        4.100591715976331,
        4,
        4,
        5,
        7.029585798816568,
        9,
        10,
        12.301775147928995,
        12,
        11,
        11,
        11.715976331360947,
        14.644970414201184,
        15,
        15,
        16,
        18.159763313609467,
        20,
        21,
        22.846153846153847,
        25,
        26,
        26,
        27.532544378698226,
        32.218934911242606,
        32,
        32,
        33,
        34.562130177514796,
        36,
        37,
        38.07692307692308,
        40,
        41,
        42,
        43.349112426035504,
        47.44970414201183,
        48,
        48,
        49,
        51.55029585798817,
        53,
        53,
        54.4792899408284,
        56,
        57,
        58,
        59.16568047337278,
        60.92307692307692,
        61,
        61,
        62,
        64.43786982248521,
        66,
        67,
        68.53846153846153,
        70,
        70,
        70,
        71.46745562130178,
        74.98224852071006,
        75,
        75,
        76,
        78.49704142011835,
        80,
        81,
        82.01183431952663,
        83,
        84,
        84,
        85.5266272189349,
        90.21301775147928,
        90,
        90,
        91,
        91.97041420118343,
        92,
        92,
        93.14201183431953,
        94,
        94,
        94,
        95.48520710059172,
        96.65680473372781,
        96,
        96,
        97,
        97.82840236686391,
        98,
        98,
        98.41420118343196,
        98,
        98,
        98,
        99.0,
        98.41420118343196,
        98,
        98,
        98,
        97.82840236686391,
        96,
        96,
        96.07100591715977,
        96,
        96,
        96,
        96.65680473372781,
        96.07100591715977,
        96,
        96,
        96,
        96.07100591715977,
        96,
        96,
        96.07100591715977,
        96,
        96,
        96,
        96.07100591715977,
        94.89940828402366,
        94,
        94,
        95,
        95.48520710059172,
        95,
        95,
        95.48520710059172,
        95,
        94,
        94,
        94.89940828402366,
        94.89940828402366,
        94,
        94,
        94,
        94.31360946745562,
        94,
        94,
        94.31360946745562,
        94,
        93,
        93,
        93.72781065088758,
        93.72781065088758,
        93,
        94,
        94.31360946745562,
        94,
        93.72781065088758,
        93,
        93,
        93.72781065088758,
        93.14201183431953,
        93,
        94,
        94.89940828402366,
        93,
        92.55621301775147,
        92,
        92,
        93.14201183431953
    ]
}