{
    "x": [
        0.0,
        1.0,
        1,
        1,
        1,
        1,
        2.0,
        2,
        2,
        2.0,
        3,
        3,
        3,
        4.0,
        3,
        2.0,
        2,
        2,
        2,
        2.0,
        2,
        2,
        3.0,
        2,
        2,
        2,
        2,
        2.0,
        4.0,
        4,
        4,
        4,
        4,
        4.0,
        5,
        6,
        7.0,
        5,
        4,
        4,
        3.0,
        4,
        5.0,
        5,
        5,
        5,
        6.0,
        5,
        4,
        2.0,
        2,
        3,
        3,
        3,
        4.0,
        4.0,
        4,
        4,
        4,
        4,
        4.0,
        5,
        5,
        6.0,
        6,
        6,
        6,
        6.0,
        6,
        6.0,
        6,
        6,
        6,
        7.0,
        7,
        7,
        7.0,
        6,
        6,
        5,
        5,
        5.0,
        3.0,
        3,
        3,
        4,
        4,
        5.0,
        4,
        4,
        4.0,
        3,
        3,
        3,
        3.0,
        3,
        3.0,
        3,
        3,
        3,
        4.0,
        4,
        4,
        4.0,
        4,
        4,
        4,
        4,
        4.0,
        6.0,
        6,
        6,
        7,
        7,
        8.0,
        10,
        11,
        12.0,
        13,
        13,
        14,
        15.0,
        17,
        19.0,
        20,
        20,
        21,
        24.0,
        25,
        26,
        29.0,
        30,
        31,
        32,
        33,
        34.0,
        41.0,
        41,
        42,
        44,
        45,
        47.0,
        50,
        51,
        53.0,
        56,
        56,
        57,
        59.0,
        62,
        65.0,
        66,
        67,
        68,
        71.0,
        71,
        72.0,
        77,
        80,
        83.0,
        88.0,
        89,
        90,
        93.0,
        94,
        95.0,
        96,
        96,
        97.0,
        99.0,
        99,
        99,
        99.0,
        99,
        99.0
    ],
    "y": [
        0.0,
        1.5797872340425532,
        1,
        1,
        2,
        2,
        3.6861702127659575,
        4,
        4,
        4.73936170212766,
        5,
        5,
        5,
        5.26595744680851,
        6,
        8.425531914893616,
        9,
        9,
        10,
        12.638297872340425,
        12,
        13,
        15.27127659574468,
        16,
        17,
        18,
        19,
        20.53723404255319,
        21.06382978723404,
        21,
        21,
        22,
        22,
        23.6968085106383,
        25,
        25,
        26.856382978723403,
        29,
        29,
        30,
        31.595744680851062,
        33,
        34.755319148936174,
        35,
        35,
        36,
        37.91489361702128,
        38,
        40,
        43.180851063829785,
        43,
        44,
        44,
        44,
        45.287234042553195,
        50.026595744680854,
        50,
        50,
        51,
        52,
        53.712765957446805,
        55,
        55,
        56.87234042553192,
        58,
        58,
        59,
        60.558510638297875,
        62,
        64.24468085106383,
        65,
        65,
        66,
        67.93085106382979,
        68,
        70,
        72.1436170212766,
        73,
        74,
        75,
        76,
        77.40957446808511,
        81.09574468085107,
        81,
        81,
        82,
        82,
        83.72872340425532,
        85,
        85,
        86.88829787234043,
        88,
        88,
        89,
        91.10106382978724,
        92,
        94.7872340425532,
        94,
        94,
        95,
        96.36702127659575,
        96,
        97,
        97.94680851063829,
        97,
        98,
        98,
        98,
        98.47340425531915,
        98.47340425531915,
        98,
        98,
        98,
        97,
        97.94680851063829,
        97,
        96,
        96.36702127659575,
        96,
        96,
        96,
        96.36702127659575,
        96,
        95.84042553191489,
        95,
        95,
        95,
        95.84042553191489,
        95,
        95,
        95.84042553191489,
        95,
        96,
        96,
        96,
        96.36702127659575,
        96.36702127659575,
        96,
        96,
        96,
        96,
        96.36702127659575,
        96,
        96,
        96.8936170212766,
        96,
        96,
        96,
        96.36702127659575,
        96,
        96.36702127659575,
        96,
        96,
        96,
        96.36702127659575,
        97,
        99.0,
        97,
        96,
        96.8936170212766,
        97.94680851063829,
        97,
        97,
        96.8936170212766,
        96,
        96.36702127659575,
        96,
        96,
        96.8936170212766,
        97.42021276595744,
        97,
        97,
        97.42021276595744,
        97,
        97.42021276595744
    ]
}