{
    "x": [
        0.0,
        0.4125,
        0,
        0,
        0.0,
        0,
        0.4125,
        0,
        0,
        0.825,
        2.0625,
        2,
        2,
        3.3,
        3,
        4.125,
        4,
        4,
        4.95,
        6.6,
        6,
        7,
        7.425,
        8,
        8.6625,
        9,
        9,
        9.9,
        11.1375,
        11,
        11,
        12.7875,
        13,
        14.025,
        14,
        14,
        15.675,
        16.5,
        16,
        17,
        18.15,
        18,
        19.8,
        20,
        20,
        20.625,
        21.45,
        21,
        21,
        21.8625,
        22,
        22.275,
        22,
        21,
        21.8625,
        23.925,
        23,
        24,
        24.75,
        24,
        25.1625,
        26,
        27,
        28.4625,
        29.7,
        29,
        30,
        31.7625,
        32,
        33.825,
        34,
        34,
        35.475,
        37.125,
        37,
        38,
        39.1875,
        39,
        40.425,
        41,
        41,
        42.075,
        42.9,
        42,
        43,
        43.725,
        43,
        44.1375,
        44,
        44,
        44.55,
        42.4875,
        43,
        45,
        48.675,
        48,
        47.4375,
        47,
        47,
        48.2625,
        49.9125,
        49,
        50,
        51.5625,
        52,
        53.2125,
        54,
        54,
        54.8625,
        56.5125,
        56,
        57,
        58.575,
        59,
        60.225,
        61,
        61,
        62.2875,
        63.525,
        63,
        63,
        64.35,
        65,
        66.4125,
        66,
        66,
        67.2375,
        68.0625,
        68,
        68,
        68.475,
        68,
        69.3,
        69,
        69,
        69.7125,
        72.6,
        71,
        71,
        70.95,
        71,
        71.775,
        72,
        72,
        73.425,
        75.4875,
        75,
        76,
        77.1375,
        77,
        78.7875,
        80,
        81.2625,
        82.5,
        83,
        84.5625,
        86.2125,
        86,
        87.45,
        88.275,
        89,
        89.925,
        91.575,
        91,
        92.4,
        93.6375,
        94,
        94.875,
        95.2875,
        95,
        95.2875,
        95.2875,
        97,
        99.0,
        94.875
    ],
    "y": [
        84.85714285714286,
        84.85714285714286,
        84,
        84,
        84.85714285714286,
        83,
        83.01242236024845,
        81,
        80,
        80.5527950310559,
        78.09316770186335,
        77,
        76,
        74.40372670807453,
        72,
        70.71428571428571,
        68,
        67,
        67.0248447204969,
        60.26086956521739,
        59,
        58,
        55.95652173913044,
        52,
        49.807453416149066,
        47,
        45,
        44.27329192546584,
        38.73913043478261,
        36,
        35,
        31.975155279503106,
        28,
        25.82608695652174,
        23,
        21,
        20.29192546583851,
        15.372670807453416,
        14,
        13,
        11.06832298136646,
        8,
        6.763975155279503,
        5,
        4,
        4.304347826086956,
        2.459627329192547,
        2,
        2,
        2.459627329192547,
        3,
        3.68944099378882,
        5,
        5,
        6.763975155279503,
        7.37888198757764,
        8,
        9,
        11.06832298136646,
        13,
        16.60248447204969,
        18,
        18,
        19.677018633540374,
        23.981366459627328,
        24,
        26,
        28.900621118012424,
        31,
        34.43478260869565,
        37,
        38,
        39.96894409937888,
        44.27329192546584,
        45,
        46,
        49.192546583850934,
        50,
        52.267080745341616,
        54,
        54,
        55.95652173913044,
        57.80124223602485,
        58,
        59,
        60.26086956521739,
        60,
        61.49068322981366,
        60,
        60,
        60.26086956521739,
        60.87577639751553,
        59,
        58,
        55.3416149068323,
        54,
        54.11180124223603,
        51,
        50,
        49.807453416149066,
        46.11801242236025,
        44,
        43,
        41.19875776397515,
        38,
        36.27950310559006,
        34,
        32,
        31.975155279503106,
        26.440993788819874,
        25,
        24,
        22.13664596273292,
        19,
        17.217391304347824,
        15,
        14,
        13.527950310559007,
        9.22360248447205,
        8,
        7,
        6.763975155279503,
        5,
        3.68944099378882,
        2,
        1,
        1.2298136645962734,
        0.0,
        0,
        0,
        0.6149068322981367,
        0,
        0.6149068322981367,
        1,
        2,
        3.0745341614906834,
        4.919254658385094,
        5,
        7,
        9.838509316770187,
        12,
        14.75776397515528,
        17,
        18,
        19.677018633540374,
        25.82608695652174,
        26,
        28,
        31.975155279503106,
        34,
        37.50931677018634,
        41,
        45.50310559006211,
        51.037267080745345,
        54,
        57.80124223602485,
        63.33540372670807,
        66,
        68.8695652173913,
        74.40372670807453,
        77,
        80.5527950310559,
        86.08695652173913,
        88,
        91.00621118012423,
        94.69565217391305,
        95,
        97.15527950310559,
        98.38509316770187,
        98,
        99.0,
        98.38509316770187,
        97,
        97.15527950310559,
        97.77018633540372
    ]
}