{
    "x": [
        43.45,
        42.35,
        42,
        41.8,
        40.15,
        39,
        37.95,
        35.2,
        33,
        32,
        32.45,
        29.7,
        27,
        25.85,
        22.55,
        20,
        18.7,
        14.85,
        13,
        12,
        11.55,
        8.25,
        7,
        6.05,
        4.4,
        3,
        2.75,
        1.65,
        1,
        0,
        0.55,
        0.0,
        0,
        0.0,
        0.0,
        0,
        0.55,
        1.65,
        2,
        2,
        2.75,
        3.85,
        4,
        5.5,
        7.15,
        8,
        9.9,
        12.1,
        13,
        13,
        14.85,
        18.15,
        20,
        22.55,
        26.4,
        28,
        31.35,
        36.3,
        38,
        39,
        41.25,
        46.2,
        48,
        51.15,
        56.1,
        58,
        60.5,
        66.0,
        68,
        69,
        70.95,
        75.35,
        77,
        79.75,
        83.6,
        85,
        86.9,
        90.2,
        91,
        91,
        92.95,
        94.6,
        94,
        94.6,
        97.9,
        98,
        99.0,
        99.0,
        99,
        99,
        99.0,
        97.9,
        97,
        97.9,
        96.8,
        95,
        95.15,
        92.4,
        91,
        90,
        89.65,
        86.9,
        85,
        84.7,
        81.4,
        79,
        78.1,
        74.25,
        72,
        71,
        70.4,
        66.55,
        64,
        62.15,
        58.3,
        56,
        54.45,
        51.15,
        49,
        48,
        48.4,
        46.75,
        45,
        44.55,
        43.45,
        42,
        42.35,
        41.8,
        41,
        41,
        41.25,
        41.8,
        41,
        41.25,
        42.35,
        42,
        42.35,
        42.35,
        42,
        42,
        42.9,
        43.45,
        43,
        42.9,
        43.45,
        43,
        43.45,
        44.0,
        44,
        44,
        44.0,
        45.1,
        45,
        45.65,
        47.3,
        48,
        49.5,
        52.25,
        54,
        55,
        56.65,
        62.15,
        64,
        66.55,
        70.95,
        72,
        74.8,
        78.1,
        79,
        79,
        80.3,
        81.95,
        82,
        83.6,
        84.15
    ],
    "y": [
        99.0,
        98.55203619909503,
        98,
        99.0,
        99.0,
        99,
        99.0,
        98.55203619909503,
        98,
        98,
        98.10407239819004,
        97.2081447963801,
        96,
        96.76018099547511,
        96.31221719457014,
        95,
        94.96832579185521,
        94.07239819004525,
        93,
        93,
        93.17647058823529,
        91.38461538461539,
        90,
        89.59276018099547,
        86.90497737556561,
        85,
        84.21719457013575,
        81.52941176470588,
        79,
        78,
        78.39366515837104,
        75.2579185520362,
        73,
        71.67420814479638,
        68.09049773755656,
        66,
        64.50678733031674,
        61.3710407239819,
        59,
        58,
        57.78733031674208,
        54.203619909502265,
        52,
        50.619909502262445,
        47.484162895927604,
        45,
        43.90045248868778,
        41.21266968325792,
        39,
        38,
        38.52488687782805,
        35.83710407239819,
        34,
        34.04524886877828,
        32.25339366515837,
        31,
        30.90950226244344,
        29.11764705882353,
        28,
        28,
        28.221719457013574,
        27.32579185520362,
        27,
        27.32579185520362,
        27.32579185520362,
        27,
        27.773755656108598,
        28.221719457013574,
        28,
        28,
        29.56561085972851,
        30.90950226244344,
        31,
        32.70135746606335,
        34.94117647058823,
        36,
        37.18099547511312,
        38.97285067873303,
        40,
        41,
        42.10859728506787,
        44.34841628959276,
        47,
        49.723981900452486,
        50.619909502262445,
        52,
        54.203619909502265,
        57.78733031674208,
        59,
        59,
        60.92307692307692,
        64.05882352941177,
        65,
        67.64253393665159,
        70.77828054298642,
        72,
        73.46606334841628,
        76.60180995475113,
        77,
        78,
        79.289592760181,
        82.42533936651584,
        83,
        84.21719457013575,
        86.45701357466064,
        87,
        88.69683257918552,
        90.48868778280543,
        91,
        91,
        92.72850678733032,
        93.62443438914028,
        94,
        95.41628959276018,
        96.76018099547511,
        97,
        97.65610859728507,
        98.10407239819004,
        98,
        98,
        98.10407239819004,
        97.65610859728507,
        97,
        96.76018099547511,
        95.41628959276018,
        94,
        93.17647058823529,
        90.48868778280543,
        88,
        87,
        86.45701357466064,
        81.52941176470588,
        77,
        74.36199095022624,
        67.64253393665159,
        64,
        60.47511312217195,
        53.755656108597286,
        50,
        48,
        47.036199095022624,
        40.76470588235294,
        38,
        35.83710407239819,
        30.90950226244344,
        29,
        27.773755656108598,
        24.638009049773757,
        23,
        22,
        22.846153846153847,
        20.60633484162896,
        19,
        19.262443438914026,
        17.918552036199095,
        17,
        16.574660633484164,
        14.334841628959277,
        13,
        12,
        12.095022624434389,
        8.959276018099548,
        8,
        7.167420814479638,
        4.479638009049774,
        3,
        3.1357466063348416,
        2.239819004524887,
        1,
        0,
        0.8959276018099548,
        0.4479638009049774,
        0,
        0.0,
        0.0
    ]
}