{
    "x": [
        52.8,
        52.2,
        51,
        49.8,
        48.0,
        46,
        45.6,
        43.8,
        42,
        40.2,
        37.2,
        35,
        33.6,
        29.4,
        28,
        27,
        26.4,
        22.8,
        21,
        19.2,
        15.6,
        14,
        13.2,
        10.8,
        9,
        8.4,
        7.2,
        6,
        4.8,
        4,
        3.6,
        3,
        2.4,
        1.8,
        1,
        0.6,
        0.0,
        0,
        0.6,
        1.2,
        2,
        3.0,
        4.8,
        5,
        5,
        6.6,
        10.2,
        12,
        13.8,
        17.4,
        19,
        22.2,
        26.4,
        28,
        30.6,
        36.0,
        38,
        40.2,
        45.0,
        46,
        47,
        49.8,
        54.0,
        56,
        58.8,
        63.6,
        65,
        67.8,
        72.0,
        74,
        76.8,
        80.4,
        82,
        84.0,
        85,
        87.6,
        88,
        89.4,
        91.8,
        93,
        94.2,
        96.0,
        96,
        97.2,
        94.8,
        96,
        99.0,
        99.0,
        98,
        98,
        98.4,
        97.2,
        96,
        96.0,
        94.2,
        93,
        92.4,
        90.0,
        88,
        87.6,
        84.0,
        83,
        82.2,
        78.6,
        77,
        77,
        75.6,
        73.2,
        71,
        70.2,
        67.8,
        66,
        66.0,
        64.2,
        63,
        63.0,
        61.8,
        60,
        59.4,
        59,
        58.8,
        57,
        57.0,
        55.8,
        54,
        53.4,
        51.6,
        50,
        49.2,
        47.4,
        46,
        45.6,
        43.2,
        42,
        41,
        41.4,
        40.2,
        39,
        39.0,
        38.4,
        38,
        37.8,
        37.2,
        37,
        37.2,
        37.2,
        36,
        36.6,
        36.0,
        36,
        36,
        37.2,
        37.8,
        39,
        40.2,
        41.4,
        42,
        43.2,
        46.2,
        47,
        49.2,
        52.8,
        54,
        55.8,
        57,
        58.8,
        60,
        61.2,
        63.6,
        64,
        65.4,
        66.6,
        66,
        67.2,
        67.2
    ],
    "y": [
        96.87553648068669,
        97.30042918454936,
        97,
        97.72532188841201,
        98.15021459227468,
        98,
        98.57510729613733,
        99.0,
        98,
        98.57510729613733,
        98.15021459227468,
        97,
        97.72532188841201,
        97.30042918454936,
        96,
        96,
        96.45064377682404,
        95.17596566523605,
        94,
        93.47639484978541,
        91.77682403433477,
        90,
        90.07725321888412,
        87.52789699570816,
        86,
        84.55364806866953,
        82.00429184549357,
        80,
        78.60515021459227,
        77,
        76.05579399141631,
        74,
        72.65665236051503,
        69.6824034334764,
        67,
        66.28326180257511,
        63.30901287553648,
        61,
        59.90987124463519,
        56.93562231759657,
        55,
        53.11158798283262,
        50.137339055793994,
        48,
        47,
        47.163090128755364,
        43.33905579399141,
        42,
        40.78969957081545,
        38.66523605150215,
        37,
        36.11587982832618,
        34.41630901287554,
        33,
        32.716738197424895,
        31.44206008583691,
        31,
        31.01716738197425,
        30.59227467811159,
        30,
        30,
        30.167381974248926,
        30.59227467811159,
        30,
        31.01716738197425,
        31.44206008583691,
        31,
        32.291845493562235,
        33.141630901287556,
        33,
        34.41630901287554,
        36.11587982832618,
        36,
        37.81545064377682,
        38,
        39.93991416309013,
        41,
        42.06437768240343,
        44.18884120171674,
        45,
        47.163090128755364,
        50.562231759656655,
        52,
        53.53648068669528,
        57.78540772532189,
        59,
        60.33476394849785,
        63.73390557939914,
        65,
        66,
        67.13304721030043,
        70.53218884120172,
        72,
        73.50643776824035,
        76.48068669527898,
        77,
        78.60515021459227,
        80.72961373390558,
        81,
        82.85407725321889,
        84.12875536480686,
        85,
        86.25321888412017,
        87.1030042918455,
        87,
        87,
        88.37768240343348,
        89.65236051502146,
        90,
        90.50214592274678,
        90.92703862660944,
        91,
        91.77682403433477,
        92.20171673819742,
        92,
        92.62660944206009,
        93.05150214592274,
        92,
        92.62660944206009,
        92,
        92.20171673819742,
        91,
        90.92703862660944,
        88.80257510729614,
        87,
        86.25321888412017,
        82.85407725321889,
        80,
        78.18025751072962,
        72.65665236051503,
        69,
        66.28326180257511,
        59.48497854077253,
        55,
        53,
        52.261802575107296,
        45.03862660944206,
        41,
        37.81545064377682,
        32.291845493562235,
        29,
        26.76824034334764,
        22.94420600858369,
        21,
        19.969957081545065,
        17.84549356223176,
        17,
        16.570815450643778,
        15.296137339055795,
        14,
        14,
        14.446351931330472,
        13.17167381974249,
        14,
        15.296137339055795,
        11.047210300429185,
        10,
        9.34763948497854,
        8.072961373390559,
        7,
        6.798283261802575,
        5.523605150214593,
        4,
        4.24892703862661,
        3,
        2.5493562231759657,
        2,
        1.6995708154506437,
        1.2746781115879828,
        1,
        0.8497854077253219,
        0.4248927038626609,
        0,
        0.4248927038626609,
        0.0
    ]
}