{
    "x": [
        0.0,
        0.0,
        0,
        0,
        0.6875,
        1,
        2.0625,
        2,
        2,
        2.0625,
        2.75,
        2,
        2,
        2.0625,
        2,
        2.0625,
        2,
        2,
        2.0625,
        2.75,
        2,
        2,
        2.75,
        2,
        2.75,
        1,
        0,
        0.0,
        3.4375,
        3,
        3,
        3.4375,
        4,
        4.8125,
        4,
        4,
        4.8125,
        2.75,
        2,
        3,
        4.125,
        4,
        4.125,
        4,
        4,
        4.125,
        4.8125,
        4,
        4,
        4.125,
        4,
        4.125,
        3,
        2,
        2.0625,
        2.75,
        2,
        2,
        2.75,
        3,
        4.125,
        4,
        4,
        5.5,
        8.9375,
        9,
        10,
        11.6875,
        13,
        14.4375,
        15,
        16,
        17.1875,
        21.3125,
        22,
        23,
        25.4375,
        27,
        29.5625,
        31,
        32,
        33.6875,
        36.4375,
        37,
        38,
        40.5625,
        42,
        44.0,
        46,
        47,
        49.5,
        55.0,
        55,
        56,
        57.75,
        59,
        61.875,
        61,
        61,
        61.875,
        69.4375,
        69,
        70,
        72.1875,
        74,
        76.3125,
        78,
        78,
        79.75,
        82.5,
        83,
        84,
        85.9375,
        86,
        88.0,
        89,
        89,
        90.0625,
        92.125,
        92,
        92,
        93.5,
        93,
        94.1875,
        94,
        94,
        94.1875,
        94.875,
        94,
        95,
        95.5625,
        95,
        95.5625,
        95,
        95,
        95.5625,
        96.25,
        96,
        96,
        96.25,
        96,
        96.25,
        96,
        96,
        96.9375,
        97.625,
        97,
        97,
        96.9375,
        97,
        97.625,
        97,
        97,
        97.625,
        96.9375,
        96,
        97,
        97.625,
        97,
        96.9375,
        97,
        97,
        97.625,
        96.9375,
        96,
        97,
        97.625,
        97,
        97.625,
        97,
        97,
        98.3125,
        99.0,
        98,
        97.625
    ],
    "y": [
        99.0,
        97.27325581395348,
        96,
        96,
        94.97093023255815,
        94,
        93.24418604651163,
        91,
        90,
        89.21511627906976,
        86.33720930232558,
        85,
        84,
        82.30813953488372,
        80,
        77.70348837209302,
        74,
        72,
        71.94767441860465,
        67.34302325581395,
        66,
        65,
        62.73837209302326,
        59,
        56.98255813953488,
        55,
        54,
        53.52906976744186,
        47.77325581395349,
        46,
        45,
        43.16860465116279,
        40,
        38.56395348837209,
        36,
        34,
        33.9593023255814,
        30.50581395348837,
        28,
        27,
        24.75,
        23,
        21.296511627906977,
        18,
        17,
        16.691860465116278,
        13.238372093023257,
        12,
        11,
        9.209302325581396,
        7,
        6.3313953488372094,
        5,
        5,
        5.180232558139535,
        4.604651162790698,
        4,
        4,
        4.604651162790698,
        5,
        6.3313953488372094,
        7,
        7,
        8.633720930232558,
        10.936046511627907,
        11,
        12,
        13.813953488372093,
        15,
        16.691860465116278,
        18,
        18,
        19.569767441860463,
        21.872093023255815,
        22,
        23,
        25.325581395348838,
        26,
        28.203488372093023,
        29,
        30,
        31.656976744186046,
        35.68604651162791,
        36,
        37,
        39.13953488372093,
        41,
        43.16860465116279,
        44,
        45,
        46.622093023255815,
        50.651162790697676,
        51,
        52,
        54.104651162790695,
        55,
        56.98255813953488,
        59,
        60,
        61.58720930232558,
        62.73837209302326,
        62,
        63,
        65.04069767441861,
        66,
        67.9186046511628,
        69,
        70,
        71.37209302325581,
        74.25,
        74,
        75,
        77.70348837209302,
        79,
        81.15697674418605,
        82,
        82,
        82.88372093023256,
        84.61046511627907,
        84,
        85,
        85.76162790697674,
        85,
        85.76162790697674,
        85,
        84,
        84.61046511627907,
        83.45930232558139,
        82,
        82,
        80.5813953488372,
        78,
        77.12790697674419,
        75,
        74,
        73.09883720930233,
        68.49418604651163,
        67,
        66,
        63.88953488372093,
        61,
        58.7093023255814,
        56,
        54,
        53.52906976744186,
        48.348837209302324,
        47,
        46,
        43.74418604651163,
        41,
        39.13953488372093,
        36,
        35,
        34.53488372093023,
        29.930232558139537,
        28,
        28,
        26.476744186046513,
        24,
        21.872093023255815,
        19,
        18,
        17.843023255813954,
        13.813953488372093,
        12,
        11,
        9.784883720930232,
        8,
        6.3313953488372094,
        5,
        4,
        4.02906976744186,
        1.1511627906976745,
        0,
        0.0
    ]
}