{
    "x": [
        2.25,
        1.5,
        1,
        1,
        2.25,
        2,
        2.25,
        2,
        2,
        2,
        2.25,
        2.25,
        2,
        2,
        2.25,
        2,
        2,
        2.25,
        1,
        1,
        1.5,
        3.0,
        3,
        3,
        3,
        3.0,
        2,
        2.25,
        1,
        0,
        0.0,
        1,
        3.0,
        2,
        1,
        0.0,
        1,
        3.75,
        4,
        4,
        4,
        4.5,
        3.75,
        3,
        4,
        4.5,
        4,
        3,
        3.75,
        4,
        4,
        5.25,
        5.25,
        5,
        5,
        5,
        6.0,
        6,
        7.5,
        7,
        6,
        6.75,
        8.25,
        8,
        8,
        9,
        9.75,
        10,
        11.25,
        12,
        12,
        12,
        13.5,
        16.5,
        17,
        19,
        21.75,
        22,
        22.5,
        23,
        24,
        25,
        27.0,
        35.25,
        35,
        35,
        36.0,
        38,
        40,
        45.0,
        46,
        47,
        48.75,
        52.5,
        53,
        54,
        55,
        57.75,
        59,
        60.75,
        62,
        63,
        64.5,
        66,
        69.0,
        69,
        70,
        72.75,
        74,
        75.75,
        78,
        78,
        79,
        80.25,
        82.5,
        83,
        84,
        86.25,
        87,
        87,
        87.75,
        88,
        88,
        89.25,
        90.0,
        89,
        89,
        89,
        89.25,
        89,
        90.0,
        90,
        90,
        90.0,
        90.75,
        90,
        90,
        91,
        92.25,
        92,
        92.25,
        92,
        92,
        92,
        92.25,
        92.25,
        92,
        92,
        93.0,
        93,
        93.0,
        93,
        93,
        93,
        94.5,
        95.25,
        95,
        95,
        95.25,
        95,
        95,
        95.25,
        95,
        95,
        95.25,
        93.0,
        93,
        94,
        96.0,
        95,
        94.5,
        96,
        97,
        98.25,
        99.0
    ],
    "y": [
        99.0,
        98.41764705882353,
        97,
        97,
        96.08823529411765,
        94,
        92.59411764705882,
        91,
        90,
        89,
        89.1,
        85.02352941176471,
        84,
        83,
        82.11176470588235,
        81,
        80,
        78.03529411764706,
        75,
        73,
        72.21176470588236,
        66.97058823529412,
        65,
        64,
        64,
        62.311764705882354,
        59,
        57.07058823529412,
        55,
        54,
        54.741176470588236,
        50,
        47.17058823529412,
        46,
        45,
        43.09411764705882,
        40,
        37.27058823529412,
        34,
        33,
        33,
        32.61176470588235,
        28.53529411764706,
        27,
        26,
        23.876470588235293,
        21,
        19,
        18.63529411764706,
        17,
        16,
        15.723529411764705,
        12.811764705882354,
        11,
        11,
        10,
        9.9,
        9,
        8.152941176470588,
        7,
        7,
        7.570588235294117,
        8.735294117647058,
        8,
        8,
        9,
        11.064705882352941,
        12,
        13.976470588235294,
        15,
        16,
        16,
        17.470588235294116,
        22.129411764705882,
        22,
        23,
        25.041176470588237,
        28,
        31.44705882352941,
        32,
        33,
        34,
        35.523529411764706,
        38.43529411764706,
        39,
        41,
        43.6764705882353,
        43,
        44,
        46.00588235294118,
        47,
        48,
        49.5,
        51.82941176470588,
        52,
        53,
        54,
        56.48823529411764,
        57,
        58.81764705882353,
        60,
        61,
        62.89411764705882,
        64,
        66.38823529411765,
        67,
        68,
        71.04705882352941,
        72,
        73.95882352941176,
        75,
        75,
        76,
        78.03529411764706,
        80.36470588235294,
        81,
        82,
        83.85882352941177,
        84,
        84,
        85.60588235294118,
        86,
        86,
        86.77058823529411,
        87.3529411764706,
        87,
        87,
        86,
        86.77058823529411,
        86,
        85.60588235294118,
        83,
        82,
        82.11176470588235,
        78.61764705882354,
        77,
        77,
        77,
        75.70588235294117,
        73,
        71.62941176470588,
        69,
        67,
        66,
        66.38823529411765,
        61.14705882352941,
        59,
        58,
        55.90588235294118,
        52,
        50.082352941176474,
        48,
        47,
        45,
        44.258823529411764,
        38.43529411764706,
        36,
        35,
        32.61176470588235,
        31,
        30,
        27.95294117647059,
        24,
        22,
        21.54705882352941,
        17.470588235294116,
        15,
        14,
        11.647058823529411,
        10,
        8.735294117647058,
        6,
        4,
        3.4941176470588236,
        0.0
    ]
}