{
    "x": [
        8.712,
        7.92,
        7,
        7,
        7.128,
        7,
        7,
        7.128,
        7,
        7,
        7.92,
        7.128,
        6,
        6,
        6,
        6.336,
        6,
        6.336,
        6,
        6,
        6,
        6.336,
        6.336,
        6,
        6,
        6.336,
        6,
        6,
        6.336,
        6,
        6,
        6.336,
        5.544,
        5,
        5,
        5,
        5.544,
        5,
        5.544,
        5,
        4,
        4,
        4.752,
        4.752,
        4,
        4,
        4.752,
        2,
        1,
        0.0,
        1,
        2,
        3.96,
        4.752,
        5,
        6,
        7,
        9.504,
        8,
        7.92,
        9,
        10,
        10,
        11.088,
        13.464,
        13,
        13,
        12.672,
        16,
        17,
        19.8,
        21,
        22,
        23.76,
        28.512,
        29,
        29,
        30,
        31.68,
        33,
        34.848,
        37,
        38,
        38,
        39.6,
        43.56,
        44,
        45,
        47.52,
        50,
        51,
        53.856,
        55,
        56,
        57.816,
        61.776,
        62,
        62,
        63,
        65.736,
        68,
        70.488,
        72,
        72,
        72,
        73.656,
        79.2,
        80,
        81,
        83.952,
        85,
        86,
        87.912,
        89,
        90,
        91.08,
        92.664,
        92,
        92,
        93,
        94.248,
        94,
        95.04,
        95,
        95,
        95,
        95.832,
        95.832,
        95,
        95,
        95.832,
        95,
        95,
        95.832,
        95,
        95,
        95.832,
        99.0,
        98,
        97,
        97,
        95.04,
        94,
        94.248,
        92,
        91,
        90,
        90.288,
        92.664,
        92,
        92,
        92.664,
        93,
        93,
        94.248,
        94,
        94,
        94.248,
        94.248,
        93,
        92,
        92,
        90.288,
        91,
        93.456,
        93,
        93,
        93,
        93.456,
        93.456,
        93,
        93,
        93.456,
        93,
        92.664
    ],
    "y": [
        99.0,
        96.49367088607595,
        95,
        94,
        92.10759493670886,
        90,
        89,
        88.34810126582279,
        86,
        85,
        84.5886075949367,
        80.20253164556962,
        78,
        77,
        77,
        75.18987341772151,
        72,
        70.17721518987342,
        67,
        65,
        64,
        63.91139240506329,
        59.5253164556962,
        57,
        56,
        53.88607594936709,
        51,
        49,
        48.24683544303797,
        45,
        44,
        43.234177215189874,
        37.59493670886076,
        35,
        34,
        34,
        31.955696202531644,
        29,
        26.943037974683545,
        24,
        22,
        21,
        21.930379746835442,
        16.29113924050633,
        15,
        14,
        11.905063291139241,
        10,
        10,
        10.025316455696203,
        8,
        7,
        6.265822784810126,
        5.639240506329114,
        5,
        5,
        5,
        5.012658227848101,
        6,
        7.518987341772152,
        9,
        9,
        9,
        10.651898734177216,
        13.784810126582279,
        14,
        16,
        18.79746835443038,
        19,
        19,
        20.67721518987342,
        22,
        23,
        24.436708860759495,
        28.196202531645568,
        29,
        29,
        30,
        31.955696202531644,
        33,
        35.71518987341772,
        37,
        37,
        37,
        38.848101265822784,
        42.607594936708864,
        42,
        43,
        45.11392405063291,
        47,
        48,
        49.5,
        52,
        53,
        54.5126582278481,
        58.89873417721519,
        59,
        59,
        60,
        62.65822784810127,
        65,
        67.67088607594937,
        69,
        70,
        71,
        72.05696202531645,
        77.06962025316456,
        78,
        79,
        82.70886075949367,
        85,
        86,
        87.72151898734177,
        90,
        91,
        92.73417721518987,
        95.24050632911393,
        95,
        95,
        96,
        97.12025316455696,
        97,
        97.74683544303798,
        97,
        96,
        96,
        96.49367088607595,
        94.61392405063292,
        93,
        93,
        92.10759493670886,
        89,
        88,
        87.72151898734177,
        85,
        84,
        83.33544303797468,
        77.69620253164557,
        75,
        74,
        74,
        72.05696202531645,
        68,
        64.5379746835443,
        61,
        59,
        58,
        58.89873417721519,
        49.5,
        47,
        45,
        40.72784810126582,
        37,
        35,
        33.835443037974684,
        30,
        28,
        26.943037974683545,
        20.050632911392405,
        18,
        17,
        17,
        15.664556962025317,
        12,
        8.772151898734178,
        6,
        5,
        5,
        5.012658227848101,
        1.879746835443038,
        0,
        0,
        0.0,
        0,
        0.0
    ]
}