{
    "x": [
        1.5,
        0.75,
        0,
        0,
        0.75,
        0,
        0.75,
        1,
        1,
        2.25,
        2,
        2.25,
        3,
        4,
        6.75,
        4,
        2.25,
        2,
        2,
        3.0,
        2.25,
        2,
        2,
        2,
        3.0,
        3,
        3.75,
        3,
        3,
        3.0,
        3.0,
        2,
        2,
        2,
        2.25,
        2,
        2.25,
        2,
        2,
        2.25,
        0.0,
        0,
        1,
        2,
        3.0,
        2,
        2.25,
        2,
        2,
        2.25,
        3.75,
        4,
        6,
        9.75,
        8,
        7,
        6.0,
        7,
        7,
        8.25,
        11.25,
        11,
        12,
        14.25,
        15,
        15,
        16.5,
        17,
        17,
        18.0,
        23.25,
        24,
        25,
        27.75,
        29,
        31.5,
        32,
        34,
        35,
        36.75,
        40.5,
        41,
        42,
        45.0,
        47,
        49.5,
        52,
        52,
        53,
        54.75,
        60.75,
        61,
        63,
        66.75,
        69,
        71.25,
        73,
        74,
        75,
        76.5,
        79.5,
        80,
        81,
        83.25,
        85,
        87.75,
        88,
        89,
        90.0,
        91,
        93.0,
        93,
        94,
        95.25,
        96,
        96.75,
        97,
        97,
        98.25,
        99.0,
        99,
        99,
        99,
        99.0,
        98,
        98.25,
        98,
        98,
        99.0,
        98.25,
        98,
        98,
        98,
        98.25,
        98,
        98.25,
        97,
        97,
        97.5,
        96.75,
        96,
        96,
        96,
        96.75,
        97,
        97.5,
        96,
        95,
        94.5,
        94.5,
        95,
        96,
        98.25,
        97,
        97,
        97.5,
        97,
        97,
        98.25,
        98.25,
        98,
        98,
        98.25,
        98,
        98,
        99.0,
        99,
        99,
        99.0,
        99.0,
        98,
        98,
        98.25,
        97,
        96.75
    ],
    "y": [
        99.0,
        98.36538461538461,
        97,
        97,
        95.82692307692308,
        93,
        92.01923076923077,
        89,
        88,
        87.57692307692308,
        85,
        82.5,
        80,
        79,
        76.15384615384616,
        74,
        72.34615384615384,
        69,
        68,
        67.26923076923077,
        60.92307692307692,
        59,
        59,
        58,
        55.21153846153846,
        52,
        49.5,
        46,
        45,
        44.42307692307692,
        39.34615384615385,
        37,
        36,
        36,
        34.26923076923077,
        31,
        29.192307692307693,
        26,
        24,
        23.48076923076923,
        19.673076923076923,
        17,
        16,
        14,
        13.961538461538462,
        12,
        10.153846153846153,
        7,
        6,
        5.711538461538462,
        3.8076923076923075,
        2,
        2,
        1.9038461538461537,
        1,
        2,
        3.173076923076923,
        3,
        3,
        4.4423076923076925,
        6.346153846153846,
        6,
        7,
        9.51923076923077,
        11,
        12,
        13.961538461538462,
        16,
        17,
        19.03846153846154,
        22.21153846153846,
        23,
        24,
        26.653846153846153,
        28,
        30.46153846153846,
        31,
        32,
        33,
        34.26923076923077,
        38.71153846153846,
        39,
        40,
        41.88461538461539,
        44,
        46.96153846153846,
        49,
        49,
        50,
        52.03846153846154,
        55.21153846153846,
        56,
        57,
        60.28846153846154,
        63,
        66.63461538461539,
        68,
        69,
        70,
        71.07692307692308,
        75.51923076923077,
        76,
        77,
        78.6923076923077,
        80,
        82.5,
        83,
        84,
        85.03846153846153,
        87,
        89.48076923076923,
        89,
        90,
        92.01923076923077,
        93,
        94.5576923076923,
        95,
        95,
        96.46153846153847,
        98.36538461538461,
        98,
        98,
        98,
        97.73076923076923,
        96,
        95.82692307692308,
        94,
        93,
        93.28846153846153,
        88.84615384615384,
        87,
        86,
        86,
        84.40384615384616,
        82,
        79.96153846153847,
        77,
        75,
        74.25,
        67.26923076923077,
        65,
        64,
        62,
        60.92307692307692,
        57,
        54.57692307692308,
        52,
        51,
        50.13461538461539,
        44.42307692307692,
        41,
        39,
        35.53846153846154,
        33,
        32,
        29.826923076923077,
        26,
        24,
        23.48076923076923,
        17.134615384615383,
        16,
        15,
        13.326923076923077,
        11,
        9,
        8.884615384615385,
        7,
        6,
        5.711538461538462,
        2.5384615384615383,
        1,
        1,
        1.2692307692307692,
        0,
        0.0
    ]
}