{
    "x": [
        0.6875,
        0.0,
        0,
        0,
        0.0,
        0,
        0.6875,
        0,
        0,
        0.6875,
        1.375,
        2,
        3,
        6.1875,
        3,
        1.375,
        1,
        1,
        2.0625,
        2.75,
        2,
        3,
        3.4375,
        3,
        4.125,
        4,
        4,
        4.8125,
        5.5,
        5,
        5,
        5.5,
        4,
        3.4375,
        4,
        4,
        5.5,
        5.5,
        5,
        5,
        6.1875,
        6,
        6.1875,
        6,
        6,
        6.1875,
        6.1875,
        6,
        6,
        6.1875,
        6,
        7.5625,
        7,
        6,
        6.875,
        6.1875,
        6,
        6,
        7.5625,
        7,
        7.5625,
        7,
        6,
        6.875,
        6.875,
        6,
        7,
        7.5625,
        7,
        8.25,
        8,
        8,
        9.625,
        11.6875,
        12,
        13,
        14.4375,
        15,
        15.8125,
        17,
        18,
        19.25,
        21.3125,
        21,
        22,
        24.0625,
        25,
        26.8125,
        28,
        28,
        29.5625,
        33.0,
        33,
        34,
        36.4375,
        38,
        41.25,
        43,
        44,
        45.375,
        51.5625,
        52,
        53,
        55.0,
        56,
        58.4375,
        61,
        62,
        63.9375,
        67.375,
        68,
        69,
        71.5,
        73,
        75.625,
        77,
        78,
        79.75,
        82.5,
        83,
        84,
        85.9375,
        87,
        89.375,
        88,
        87,
        86.625,
        92.125,
        93,
        94,
        96.9375,
        94,
        92.8125,
        92,
        92,
        92.8125,
        92.8125,
        93,
        95,
        98.3125,
        96,
        94.1875,
        93,
        93,
        93.5,
        94.875,
        94,
        94,
        94.1875,
        94,
        94.875,
        95,
        95,
        95.5625,
        94.875,
        94,
        94,
        94.875,
        94,
        94.875,
        95,
        95,
        96.25,
        96.9375,
        96,
        96.9375,
        98.3125,
        98,
        99.0,
        97.625,
        97,
        97.625,
        96.25,
        96,
        97.625
    ],
    "y": [
        98.45604395604396,
        99.0,
        99,
        99,
        99.0,
        98,
        98.45604395604396,
        96,
        95,
        95.1923076923077,
        93.56043956043956,
        93,
        93,
        93.01648351648352,
        92,
        91.38461538461539,
        90,
        89,
        88.66483516483517,
        84.31318681318682,
        83,
        82,
        79.96153846153847,
        78,
        76.6978021978022,
        75,
        74,
        73.97802197802197,
        70.17032967032966,
        69,
        68,
        66.36263736263736,
        64,
        62.55494505494506,
        60,
        58,
        57.65934065934066,
        54.93956043956044,
        53,
        53,
        51.13186813186813,
        49,
        47.86813186813187,
        45,
        44,
        43.51648351648352,
        40.252747252747255,
        39,
        38,
        35.9010989010989,
        34,
        32.637362637362635,
        30,
        29,
        28.82967032967033,
        23.39010989010989,
        21,
        20,
        18.494505494505493,
        16,
        14.142857142857142,
        11,
        10,
        9.247252747252746,
        5.43956043956044,
        4,
        3,
        2.1758241758241756,
        1,
        0.5439560439560439,
        0,
        0,
        0.0,
        1.0879120879120878,
        1,
        2,
        3.2637362637362637,
        4,
        6.527472527472527,
        7,
        8,
        9.247252747252746,
        11.423076923076923,
        12,
        13,
        14.686813186813186,
        16,
        18.494505494505493,
        19,
        20,
        21.214285714285715,
        25.021978021978022,
        25,
        26,
        28.82967032967033,
        31,
        33.18131868131868,
        35,
        35,
        36.989010989010985,
        40.7967032967033,
        41,
        43,
        45.69230769230769,
        48,
        51.13186813186813,
        53,
        54,
        55.48351648351648,
        60.92307692307692,
        61,
        63,
        66.36263736263736,
        68,
        71.25824175824175,
        73,
        74,
        76.6978021978022,
        80.50549450549451,
        81,
        82,
        84.85714285714286,
        85,
        87.03296703296704,
        87,
        87,
        88.12087912087912,
        87.57692307692308,
        87,
        87,
        86.48901098901099,
        85,
        84.85714285714286,
        83,
        82,
        82.13736263736264,
        78.32967032967034,
        76,
        75,
        72.89010989010988,
        70,
        69.08241758241758,
        66,
        65,
        64.73076923076923,
        59.29120879120879,
        57,
        56,
        54.395604395604394,
        51,
        48.41208791208791,
        45,
        43,
        42.972527472527474,
        37.532967032967036,
        36,
        35,
        32.637362637362635,
        29,
        27.197802197802197,
        24,
        23,
        22.302197802197803,
        17.406593406593405,
        15,
        13.054945054945055,
        10.335164835164836,
        8,
        7.071428571428571,
        5.983516483516484,
        5,
        5.43956043956044,
        5.983516483516484,
        6,
        6.527472527472527
    ]
}