{
    "x": [
        2.75,
        0.0,
        0,
        0,
        0.6875,
        0,
        0,
        0.6875,
        1,
        1,
        2.0625,
        4.125,
        3,
        3,
        3,
        2.0625,
        2,
        2.75,
        2,
        2,
        2,
        2.75,
        2.75,
        2,
        3,
        4.125,
        3,
        3,
        3.4375,
        3,
        3,
        4.125,
        4.125,
        4,
        4,
        4,
        4.125,
        4,
        4.8125,
        5,
        5,
        5,
        5.5,
        5.5,
        5,
        6,
        6.875,
        6,
        6,
        6.875,
        7,
        7,
        7.5625,
        8.25,
        8,
        8,
        9,
        10.3125,
        10,
        11.0,
        12,
        12,
        12,
        13.75,
        15.8125,
        16,
        17,
        19.25,
        20,
        20,
        21.3125,
        22,
        23,
        24.0625,
        28.875,
        29,
        29,
        30,
        31.625,
        33,
        35.75,
        37,
        38,
        38,
        39.875,
        44.6875,
        45,
        46,
        48.8125,
        51,
        52,
        53.625,
        55,
        56,
        57.0625,
        61.875,
        62,
        63,
        64,
        66.6875,
        68,
        70.125,
        72,
        73,
        73,
        74.9375,
        79.0625,
        80,
        82,
        85.25,
        83,
        82,
        82.5,
        85,
        86,
        88.0,
        85.25,
        85,
        85,
        85,
        85.9375,
        86,
        88.0,
        88,
        88,
        88,
        88.0,
        90.0625,
        90,
        90,
        90.75,
        91,
        91,
        92.125,
        92,
        92,
        92.8125,
        93.5,
        93,
        93,
        93,
        94.1875,
        94,
        94.1875,
        94,
        94,
        94,
        94.875,
        95.5625,
        95,
        96,
        96.9375,
        96,
        96,
        96.25,
        96,
        96,
        96.9375,
        97.625,
        97,
        97,
        97,
        96.9375,
        97,
        97.625,
        97,
        97,
        97,
        97.625,
        97.625,
        97,
        98,
        99.0,
        98,
        98.3125
    ],
    "y": [
        98.41764705882353,
        99.0,
        98,
        98,
        97.25294117647059,
        95,
        94,
        93.75882352941177,
        91,
        90,
        89.68235294117648,
        88.51764705882353,
        86,
        85,
        85,
        81.52941176470588,
        79,
        76.87058823529412,
        73,
        71,
        70,
        70.46470588235294,
        64.05882352941177,
        62,
        61,
        58.23529411764706,
        55,
        54,
        53.576470588235296,
        50,
        49,
        48.33529411764706,
        43.09411764705882,
        41,
        40,
        40,
        37.85294117647059,
        34,
        32.029411764705884,
        29,
        27,
        26,
        26.788235294117648,
        22.711764705882352,
        21,
        20,
        18.05294117647059,
        16,
        14,
        13.976470588235294,
        12,
        11,
        10.48235294117647,
        9.31764705882353,
        9,
        9,
        9,
        9.31764705882353,
        10,
        11.064705882352941,
        12,
        12,
        12,
        13.976470588235294,
        16.888235294117646,
        17,
        18,
        20.38235294117647,
        23,
        24,
        25.623529411764707,
        27,
        28,
        29.7,
        33.77647058823529,
        34,
        34,
        35,
        37.85294117647059,
        39,
        41.92941176470588,
        44,
        45,
        45,
        46.588235294117645,
        50.66470588235294,
        51,
        53,
        55.90588235294118,
        58,
        59,
        61.14705882352941,
        63,
        64,
        65.80588235294118,
        69.3,
        70,
        70,
        71,
        73.37647058823529,
        75,
        77.45294117647059,
        78,
        79,
        79,
        80.36470588235294,
        82.11176470588235,
        82,
        82,
        83.2764705882353,
        85,
        85,
        86.77058823529411,
        86,
        86,
        86.18823529411765,
        88.51764705882353,
        88,
        88,
        88,
        87.93529411764706,
        87,
        86.18823529411765,
        84,
        83,
        82,
        82.69411764705882,
        79.2,
        77,
        76,
        74.54117647058824,
        71,
        70,
        69.3,
        66,
        64,
        63.476470588235294,
        57.65294117647059,
        55,
        54,
        54,
        51.247058823529414,
        48,
        45.423529411764704,
        42,
        40,
        39,
        39.6,
        32.61176470588235,
        30,
        29,
        27.370588235294118,
        24,
        22,
        21.54705882352941,
        19,
        17,
        16.888235294117646,
        12.811764705882354,
        11,
        11,
        11,
        9.31764705882353,
        7,
        5.823529411764706,
        4,
        3,
        3,
        3.4941176470588236,
        1.7470588235294118,
        0,
        0,
        0.0,
        0,
        0.0
    ]
}