{
    "x": [
        0.6,
        0.0,
        0,
        0,
        0,
        0,
        0.6,
        1,
        1,
        1.8,
        2,
        2,
        2,
        3.0,
        3,
        3.6,
        3,
        3,
        4,
        5.4,
        5,
        6,
        7.8,
        6,
        6,
        5,
        5,
        5.4,
        10.8,
        10,
        11,
        12,
        12,
        13.8,
        15,
        15,
        16.2,
        17,
        17,
        17,
        18.6,
        19,
        21.0,
        21,
        21,
        22,
        24.0,
        24,
        25,
        26.4,
        26,
        27,
        28,
        28,
        29.4,
        32.4,
        32,
        32,
        33,
        33,
        34.8,
        36,
        36,
        37.2,
        38,
        38,
        38,
        39.6,
        40,
        42.0,
        42,
        42,
        43,
        44.4,
        44,
        45,
        46.8,
        47,
        48,
        48,
        48,
        49.2,
        52.2,
        52,
        52,
        52,
        52,
        53.4,
        54,
        54,
        55.2,
        56,
        56,
        57,
        58.2,
        58,
        59.4,
        59,
        59,
        60,
        60.6,
        60,
        61,
        61.8,
        61,
        62,
        62,
        62,
        62.4,
        58.2,
        58,
        59,
        61,
        62,
        64.8,
        65,
        65,
        66.0,
        66,
        66,
        66,
        67.2,
        68,
        69.0,
        69,
        69,
        69,
        70.8,
        71,
        72,
        73.2,
        73,
        74,
        74,
        74,
        75.0,
        77.4,
        77,
        77,
        78,
        78,
        79.2,
        80,
        80,
        81.6,
        82,
        82,
        82,
        82.8,
        84,
        85.8,
        86,
        86,
        87,
        88.2,
        88,
        89,
        90.0,
        90,
        91,
        92,
        92,
        93.0,
        94.2,
        94,
        94,
        95,
        95,
        96.0,
        96,
        97.2,
        98,
        98,
        99.0,
        99.0
    ],
    "y": [
        0.0,
        0.5892857142857143,
        0,
        0,
        1,
        1,
        1.7678571428571428,
        2,
        2,
        2.9464285714285716,
        2,
        2,
        2,
        2.357142857142857,
        2,
        3.5357142857142856,
        3,
        3,
        4,
        5.892857142857143,
        6,
        8,
        10.607142857142858,
        11,
        13,
        14,
        14,
        15.910714285714286,
        16.5,
        16,
        16,
        17,
        17,
        18.857142857142858,
        20,
        21,
        22.982142857142858,
        25,
        25,
        26,
        28.285714285714285,
        30,
        33.0,
        33,
        33,
        34,
        35.94642857142857,
        36,
        38,
        40.07142857142857,
        40,
        41,
        42,
        42,
        43.607142857142854,
        47.732142857142854,
        47,
        48,
        49,
        50,
        51.857142857142854,
        53,
        54,
        55.982142857142854,
        57,
        57,
        58,
        59.517857142857146,
        61,
        64.23214285714286,
        65,
        65,
        66,
        68.94642857142857,
        69,
        71,
        73.66071428571429,
        74,
        75,
        76,
        76,
        77.78571428571429,
        81.91071428571429,
        81,
        82,
        83,
        84,
        86.03571428571429,
        88,
        89,
        90.16071428571429,
        91,
        91,
        92,
        93.69642857142857,
        95,
        96.64285714285714,
        96,
        96,
        97,
        98.41071428571429,
        98,
        98,
        99.0,
        98,
        98,
        98,
        98,
        98.41071428571429,
        98.41071428571429,
        97,
        97,
        96,
        94,
        93.69642857142857,
        91,
        90,
        89.57142857142857,
        87,
        86,
        85,
        84.85714285714286,
        82,
        80.14285714285714,
        78,
        77,
        77,
        74.25,
        72,
        71,
        68.35714285714286,
        66,
        65,
        63,
        62,
        62.464285714285715,
        55.982142857142854,
        54,
        54,
        53,
        51,
        50.67857142857143,
        47,
        45,
        44.785714285714285,
        42,
        41,
        40,
        39.482142857142854,
        36,
        34.17857142857143,
        32,
        31,
        31,
        28.875,
        27,
        26,
        23.571428571428573,
        22,
        21,
        19,
        18,
        18.857142857142858,
        14.732142857142858,
        13,
        13,
        12,
        11,
        10.607142857142858,
        9,
        7.660714285714286,
        5,
        4,
        4.125,
        2.357142857142857
    ]
}