{
    "x": [
        0.0,
        0.0,
        0,
        0,
        0,
        1.0,
        1,
        1,
        2.0,
        2,
        2,
        2,
        3.0,
        4.0,
        4,
        4,
        4,
        5.5,
        6,
        6,
        7.0,
        7,
        7,
        7,
        8.0,
        10.0,
        10,
        10,
        11,
        12.5,
        13,
        13,
        14.0,
        15,
        15,
        15,
        16.5,
        18.0,
        18,
        18,
        19,
        20.0,
        21,
        21,
        22.0,
        23,
        23,
        23,
        24.0,
        26.5,
        26,
        26,
        27,
        28.0,
        29,
        29,
        30.0,
        31,
        31,
        31,
        32.5,
        34.5,
        34,
        34,
        35,
        37.0,
        38,
        38,
        39.0,
        39,
        39,
        39,
        40.5,
        39.0,
        40,
        40,
        41,
        44.5,
        45,
        45,
        46.5,
        47,
        47,
        47,
        48.5,
        49.5,
        49,
        49,
        50,
        52.0,
        52,
        52,
        53.0,
        53,
        53,
        53,
        53.0,
        54.0,
        54,
        54,
        54,
        55.5,
        56,
        56,
        56.5,
        57,
        57,
        57,
        57.5,
        59.5,
        59,
        59,
        60,
        61.0,
        62,
        62,
        63.0,
        64,
        64,
        64,
        65.0,
        67.0,
        67,
        67,
        68,
        69.0,
        70,
        70,
        71.0,
        72,
        72,
        72,
        73.0,
        75.0,
        74,
        74,
        74,
        74.0,
        76,
        77,
        79.5,
        80,
        80,
        80,
        81.0,
        83.0,
        83,
        83,
        84,
        85.0,
        86,
        86,
        87.0,
        88,
        88,
        88,
        89.5,
        91.5,
        91,
        91,
        92,
        93.5,
        94,
        94,
        95.0,
        95,
        95,
        95,
        96.5,
        98.0,
        98,
        98,
        99.0,
        99,
        99.0
    ],
    "y": [
        6.634020618556701,
        7.144329896907217,
        7,
        7,
        7,
        8.675257731958762,
        9,
        9,
        10.206185567010309,
        10,
        10,
        10,
        10.206185567010309,
        11.737113402061855,
        12,
        12,
        13,
        14.288659793814434,
        15,
        16,
        17.350515463917525,
        18,
        18,
        18,
        19.9020618556701,
        22.45360824742268,
        22,
        22,
        23,
        24.49484536082474,
        26,
        26,
        27.556701030927837,
        29,
        30,
        30,
        31.63917525773196,
        35.21134020618557,
        35,
        35,
        36,
        37.76288659793814,
        39,
        39,
        40.824742268041234,
        42,
        42,
        42,
        43.88659793814433,
        47.45876288659794,
        48,
        48,
        49,
        51.54123711340206,
        53,
        54,
        55.11340206185567,
        56,
        57,
        57,
        58.175257731958766,
        61.74742268041237,
        62,
        62,
        63,
        65.31958762886597,
        67,
        68,
        70.42268041237114,
        72,
        73,
        73,
        74.50515463917526,
        80.11855670103093,
        80,
        80,
        81,
        82.6701030927835,
        84,
        85,
        87.26288659793815,
        88,
        89,
        89,
        90.32474226804123,
        93.38659793814433,
        93,
        93,
        94,
        96.44845360824742,
        97,
        97,
        98.48969072164948,
        98,
        98,
        98,
        99.0,
        98.48969072164948,
        97,
        97,
        97,
        97.46907216494846,
        95,
        94,
        94.40721649484536,
        92,
        91,
        90,
        90.83505154639175,
        87.26288659793815,
        86,
        85,
        85,
        83.18041237113403,
        80,
        79,
        78.58762886597938,
        76,
        74,
        73,
        73.99484536082474,
        68.8917525773196,
        67,
        66,
        66,
        64.29896907216495,
        61,
        60,
        59.1958762886598,
        56,
        55,
        54,
        54.603092783505154,
        49.5,
        48,
        47,
        47,
        45.92783505154639,
        43,
        41,
        40.31443298969072,
        38,
        36,
        35,
        35.72164948453608,
        31.128865979381445,
        29,
        28,
        28,
        26.536082474226806,
        24,
        23,
        22.45360824742268,
        20,
        19,
        18,
        18.371134020618555,
        14.79896907216495,
        13,
        13,
        13,
        11.737113402061855,
        10,
        9,
        8.675257731958762,
        7,
        6,
        5,
        5.61340206185567,
        3.0618556701030926,
        2,
        2,
        1.0206185567010309,
        0,
        0.0
    ]
}