{
    "x": [
        7.8,
        7.8,
        7.8,
        7,
        6.6,
        7.2,
        7.2,
        6,
        6.6,
        6.6,
        6.0,
        5,
        5.4,
        4.8,
        4.8,
        4,
        4.2,
        4.2,
        3.6,
        3,
        3.0,
        3.0,
        3.0,
        3,
        3.6,
        3.6,
        3.6,
        3,
        3.6,
        3.6,
        3.0,
        3,
        3.0,
        3.6,
        0.0,
        1,
        3.0,
        3.6,
        4.2,
        4,
        4.2,
        5.4,
        7.8,
        9,
        10.2,
        13.2,
        17.4,
        18,
        20.4,
        24.0,
        27.6,
        29,
        31.8,
        34.8,
        39.0,
        41,
        43.2,
        46.8,
        50.4,
        52,
        54.0,
        57.6,
        61.8,
        63,
        66.0,
        70.8,
        75.6,
        78,
        81.0,
        85.2,
        88.8,
        90,
        91.2,
        91.8,
        90.0,
        88,
        86.4,
        81.6,
        73.8,
        70,
        67.2,
        60.0,
        52.2,
        48,
        44.4,
        34.2,
        27.0,
        24,
        21.0,
        16.8,
        13.8,
        12,
        10.8,
        9.0,
        7.2,
        7,
        7.8,
        9.0,
        11.4,
        11,
        12.0,
        18.0,
        22.2,
        24,
        25.8,
        30.0,
        34.2,
        36,
        39.6,
        43.8,
        48.0,
        50,
        52.8,
        57.0,
        61.2,
        63,
        64.8,
        69.0,
        73.2,
        75,
        77.4,
        81.6,
        85.2,
        86,
        87.0,
        86.4,
        82.8,
        79,
        76.8,
        67.8,
        60.0,
        55,
        51.6,
        43.2,
        34.8,
        31,
        27.6,
        23.4,
        20.4,
        18,
        16.8,
        14.4,
        13.2,
        12,
        12.6,
        13.2,
        12.6,
        12,
        13.2,
        13.8,
        15.0,
        16.2,
        19.8,
        23.4,
        28.2,
        31.8,
        35.4,
        39.6,
        43.8,
        47.4,
        52.2,
        56.4,
        61.2,
        64.8,
        68.4,
        72.0,
        76.2,
        80.4,
        84.6,
        85.2,
        92.4,
        94.8,
        97.2,
        97.8,
        99.0
    ],
    "y": [
        99.0,
        99.0,
        98.48167539267016,
        97,
        96.40837696335079,
        94.33507853403141,
        91.22513089005236,
        89,
        87.59685863874346,
        83.45026178010471,
        79.30366492146597,
        76,
        74.63874345549738,
        70.49214659685863,
        65.82722513089006,
        63,
        61.68062827225131,
        57.01570680628272,
        52.86910994764398,
        51,
        49.24083769633508,
        45.61256544502618,
        41.98429319371728,
        40,
        38.35602094240838,
        34.20942408376963,
        31.099476439790575,
        29,
        27.471204188481675,
        23.842931937172775,
        20.214659685863875,
        18,
        16.586387434554975,
        13.99476439790576,
        8.811518324607329,
        8,
        7.774869109947644,
        5.701570680628272,
        4.664921465968586,
        4,
        3.6282722513089007,
        3.6282722513089007,
        3.6282722513089007,
        3,
        3.1099476439790577,
        3.1099476439790577,
        3.1099476439790577,
        2,
        2.5916230366492146,
        2.5916230366492146,
        2.5916230366492146,
        2,
        2.5916230366492146,
        2.073298429319372,
        2.073298429319372,
        2,
        2.073298429319372,
        2.073298429319372,
        1.5549738219895288,
        1,
        1.5549738219895288,
        1.5549738219895288,
        1.036649214659686,
        1,
        1.036649214659686,
        1.036649214659686,
        0.518324607329843,
        0,
        0.0,
        0.0,
        0.0,
        0,
        0.518324607329843,
        1.036649214659686,
        2.073298429319372,
        2,
        3.6282722513089007,
        6.219895287958115,
        9.329842931937172,
        11,
        12.958115183246074,
        17.104712041884817,
        21.769633507853403,
        24,
        26.952879581151834,
        32.654450261780106,
        37.83769633507853,
        39,
        41.46596858638743,
        44.575916230366495,
        46.64921465968586,
        47,
        48.72251308900523,
        49.75916230366492,
        50.27748691099477,
        50,
        50.27748691099477,
        49.75916230366492,
        49.24083769633508,
        50,
        50.795811518324605,
        48.72251308900523,
        48.72251308900523,
        48,
        48.72251308900523,
        48.72251308900523,
        48.72251308900523,
        48,
        48.72251308900523,
        48.72251308900523,
        48.204188481675395,
        48,
        48.204188481675395,
        47.68586387434555,
        47.68586387434555,
        47,
        47.68586387434555,
        47.167539267015705,
        47.68586387434555,
        47,
        47.167539267015705,
        47.167539267015705,
        46.64921465968586,
        46,
        47.167539267015705,
        47.167539267015705,
        49.24083769633508,
        51,
        52.86910994764398,
        57.01570680628272,
        62.19895287958115,
        65,
        67.90052356020942,
        73.6020942408377,
        78.78534031413612,
        81,
        83.96858638743456,
        87.07853403141361,
        89.67015706806282,
        90,
        91.7434554973822,
        93.81675392670157,
        94.85340314136126,
        95,
        95.3717277486911,
        95.89005235602095,
        96.40837696335079,
        96,
        96.92670157068063,
        96.92670157068063,
        97.44502617801047,
        97.44502617801047,
        97.44502617801047,
        96.92670157068063,
        96.92670157068063,
        96.40837696335079,
        96.40837696335079,
        96.40837696335079,
        96.40837696335079,
        96.40837696335079,
        96.40837696335079,
        96.92670157068063,
        96.92670157068063,
        96.40837696335079,
        96.40837696335079,
        95.89005235602095,
        96.40837696335079,
        95.3717277486911,
        95.3717277486911,
        96.40837696335079,
        94.85340314136126,
        94.85340314136126,
        94.33507853403141,
        94.33507853403141,
        94.33507853403141
    ]
}