{
    "x": [
        0.0,
        0.6,
        1,
        1.8,
        3.0,
        3,
        3,
        4.2,
        5.4,
        6,
        6.6,
        7,
        7.8,
        8,
        9.0,
        10.2,
        10,
        10,
        11.4,
        13.2,
        13,
        14.4,
        16.2,
        16,
        17,
        18.0,
        19.2,
        20,
        21.0,
        21,
        22.8,
        23,
        24.6,
        26.4,
        27,
        27,
        28.2,
        30.0,
        30,
        31.2,
        33.0,
        33,
        33,
        34.2,
        35.4,
        36,
        37.2,
        38,
        39.0,
        39,
        40.2,
        42.0,
        43,
        43,
        44.4,
        45.6,
        46,
        46.8,
        47.4,
        47,
        47,
        47.4,
        46.8,
        47,
        47.4,
        47,
        47.4,
        48,
        49.2,
        49.8,
        51,
        51,
        52.2,
        54.6,
        55,
        57.0,
        60.0,
        60,
        61,
        63.6,
        66.0,
        67,
        69.6,
        71,
        72.6,
        74,
        75.6,
        78.6,
        79,
        79,
        80.4,
        82.8,
        84,
        85.8,
        87.6,
        87,
        88,
        90.0,
        91.8,
        92,
        93.6,
        94,
        95.4,
        95,
        96.0,
        96.6,
        97,
        97,
        97.8,
        97.8,
        98,
        98.4,
        97.8,
        97,
        97,
        97.8,
        96.6,
        97,
        99.0,
        95,
        91.8,
        90,
        88.2,
        84.0,
        83,
        83,
        83.4,
        72.6,
        69,
        66.0,
        58.8,
        56,
        54,
        50.4,
        42.6,
        39,
        36.0,
        33,
        30.0,
        27,
        25.8,
        23.4,
        22,
        22,
        22.2,
        22.2,
        23,
        25.2,
        28.8,
        29,
        30,
        33.0,
        37.2,
        39,
        40.8,
        42,
        45.0,
        47,
        49.2,
        52.8,
        54,
        55,
        57.0,
        60.0,
        61,
        63.6,
        65.4,
        65,
        66,
        67.8,
        69.0,
        69,
        69.6,
        69,
        69.6
    ],
    "y": [
        99.0,
        97.453125,
        96,
        95.390625,
        92.8125,
        91,
        91,
        89.71875,
        86.625,
        84,
        83.015625,
        81,
        79.921875,
        78,
        76.3125,
        72.703125,
        70,
        69,
        69.09375,
        65.484375,
        63,
        61.875,
        58.78125,
        57,
        56,
        55.171875,
        52.078125,
        50,
        48.984375,
        47,
        45.890625,
        44,
        42.796875,
        39.1875,
        37,
        36,
        35.578125,
        32.484375,
        30,
        29.390625,
        26.296875,
        25,
        24,
        23.203125,
        20.625,
        19,
        17.53125,
        15,
        14.4375,
        12,
        11.34375,
        7.734375,
        6,
        5,
        4.640625,
        2.578125,
        1,
        0.515625,
        0.0,
        0,
        0,
        0.0,
        1.03125,
        2,
        3.09375,
        4,
        5.671875,
        7,
        8.765625,
        12.890625,
        14,
        15,
        17.015625,
        21.140625,
        23,
        25.78125,
        30.421875,
        31,
        32,
        35.0625,
        40.21875,
        42,
        44.34375,
        46,
        48.984375,
        51,
        53.109375,
        57.75,
        59,
        60,
        61.875,
        66.0,
        68,
        70.125,
        73.21875,
        74,
        75,
        76.828125,
        79.921875,
        81,
        83.53125,
        84,
        86.109375,
        87,
        88.6875,
        90.234375,
        91,
        91,
        91.78125,
        92.8125,
        93,
        93.84375,
        93.84375,
        93,
        93,
        93.84375,
        93.328125,
        93,
        92.8125,
        91,
        90.75,
        89,
        89.203125,
        87.140625,
        86,
        85,
        85.078125,
        80.953125,
        78,
        76.828125,
        72.703125,
        71,
        70,
        68.0625,
        63.9375,
        62,
        60.328125,
        58,
        56.203125,
        54,
        53.109375,
        52.078125,
        51,
        51,
        51.5625,
        52.078125,
        51,
        51.5625,
        51.5625,
        51,
        51,
        51.5625,
        51.5625,
        51,
        52.078125,
        52,
        52.59375,
        52,
        52.59375,
        52.59375,
        52,
        52,
        52.59375,
        52.078125,
        52,
        52.078125,
        52.59375,
        52,
        52,
        53.109375,
        53.109375,
        53,
        53.109375,
        53,
        53.109375
    ]
}