{
    "x": [
        0.0,
        0.0,
        0,
        0.55,
        0,
        1.1,
        1,
        1.65,
        2.75,
        2,
        3,
        3.3,
        4.4,
        4,
        4,
        5.5,
        7.7,
        8,
        8.8,
        9,
        10.45,
        8,
        7.15,
        13.2,
        13,
        14,
        15.4,
        16.5,
        17,
        17,
        18.15,
        20.35,
        21,
        22.0,
        22,
        23.65,
        24,
        25.85,
        26.95,
        27,
        28,
        29.15,
        31.35,
        31,
        31,
        32.45,
        34.1,
        34,
        35.75,
        36,
        37.4,
        38,
        39.05,
        41.25,
        41,
        41,
        41.25,
        42.9,
        43,
        43,
        43.45,
        44.0,
        44,
        45.1,
        45,
        46.2,
        46,
        46.75,
        47.85,
        47,
        48,
        49.5,
        51.7,
        52,
        52,
        53.35,
        54.45,
        55,
        56.1,
        56,
        57.75,
        59,
        60.5,
        62.7,
        62,
        63,
        64.9,
        67.1,
        67,
        67,
        68.2,
        70.4,
        71,
        72.6,
        75,
        79.2,
        78,
        77.55,
        79.2,
        79,
        79,
        80.3,
        82.5,
        83,
        83,
        84.7,
        86.9,
        87,
        88.55,
        89,
        91.3,
        91,
        92.4,
        93.5,
        93,
        93,
        93.5,
        95.15,
        95,
        95,
        95.15,
        99.0,
        96,
        93.5,
        92,
        92.4,
        91,
        90.2,
        86.9,
        85,
        84,
        82.5,
        77.55,
        74,
        72,
        70.95,
        64.35,
        61,
        57.75,
        54,
        50.6,
        47,
        43.45,
        37.4,
        35,
        34,
        31.9,
        27.5,
        26,
        25,
        25.85,
        24.75,
        25,
        25.3,
        28.05,
        29,
        31.9,
        37.4,
        40,
        43.45,
        48.4,
        51,
        53.9,
        58.3,
        60,
        62.15,
        65.45,
        66,
        67.1,
        68.75,
        69,
        69.3,
        69.3,
        69,
        69.85
    ],
    "y": [
        99.0,
        98.5170731707317,
        98,
        97.55121951219512,
        97,
        96.58536585365853,
        95,
        93.68780487804878,
        91.27317073170731,
        90,
        89,
        87.89268292682927,
        84.51219512195122,
        82,
        81,
        81.13170731707316,
        77.26829268292683,
        75,
        73.88780487804878,
        71,
        69.54146341463415,
        67,
        64.71219512195123,
        62.297560975609755,
        61,
        60,
        58.43414634146342,
        55.05365853658537,
        53,
        52,
        51.673170731707316,
        47.80975609756098,
        45,
        43.94634146341463,
        42,
        40.56585365853658,
        38,
        37.18536585365854,
        33.321951219512194,
        32,
        31,
        29.941463414634146,
        26.5609756097561,
        25,
        24,
        23.663414634146342,
        20.28292682926829,
        18,
        16.902439024390244,
        15,
        13.521951219512195,
        11,
        10.141463414634146,
        6.760975609756097,
        5,
        5,
        4.3463414634146345,
        1.9317073170731707,
        1,
        0,
        0.48292682926829267,
        0.0,
        0,
        0.48292682926829267,
        0,
        1.448780487804878,
        2,
        3.3804878048780487,
        5.31219512195122,
        5,
        6,
        7.726829268292683,
        10.62439024390244,
        12,
        12,
        13.521951219512195,
        16.902439024390244,
        18,
        20.765853658536585,
        22,
        23.663414634146342,
        25,
        27.526829268292683,
        31.390243902439025,
        32,
        33,
        35.25365853658536,
        40.082926829268295,
        42,
        43,
        44.42926829268293,
        48.77560975609756,
        50,
        52.639024390243904,
        54,
        56.985365853658536,
        58,
        59.88292682926829,
        63.26341463414634,
        63,
        64,
        66.64390243902439,
        70.99024390243902,
        72,
        73,
        74.85365853658537,
        78.71707317073171,
        80,
        83.06341463414634,
        84,
        86.44390243902438,
        88,
        89.82439024390244,
        92.72195121951219,
        92,
        93,
        94.65365853658537,
        95.61951219512196,
        95,
        95,
        96.10243902439025,
        97.06829268292682,
        96,
        96.10243902439025,
        95,
        95.13658536585366,
        94,
        93.20487804878049,
        90.79024390243903,
        89,
        89,
        87.40975609756097,
        84.51219512195122,
        82,
        81,
        80.64878048780488,
        76.78536585365853,
        74,
        72.4390243902439,
        70,
        69.05853658536586,
        67,
        65.1951219512195,
        62.297560975609755,
        61,
        60,
        58.917073170731705,
        56.01951219512195,
        54,
        53,
        53.604878048780485,
        51.673170731707316,
        51,
        51.19024390243902,
        50.707317073170735,
        50,
        50.707317073170735,
        50.22439024390244,
        49,
        49.74146341463415,
        49.25853658536585,
        49,
        49.25853658536585,
        49.25853658536585,
        49,
        48.77560975609756,
        48.77560975609756,
        48,
        48.77560975609756,
        49.25853658536585,
        49,
        49.25853658536585,
        49.74146341463415,
        49,
        49.25853658536585
    ]
}