{
    "x": [
        0.0,
        0.55,
        1,
        1.65,
        2.2,
        2,
        3.3,
        4.4,
        4,
        4,
        5.5,
        6.6,
        7,
        7.7,
        8.8,
        9,
        10.45,
        11,
        12.1,
        13,
        14.3,
        15.95,
        17,
        18.15,
        19.8,
        20,
        20,
        21.45,
        23.1,
        23,
        24.75,
        26.4,
        26,
        27.5,
        29.15,
        29,
        29,
        29.7,
        31.35,
        31,
        32.45,
        34.1,
        34,
        35.2,
        35,
        36.3,
        36,
        37.4,
        39.05,
        39,
        40.15,
        41.25,
        41,
        41,
        41.8,
        43.45,
        44,
        45.1,
        46.2,
        46,
        46.75,
        47.3,
        47,
        47,
        48.4,
        48.95,
        49,
        50.6,
        51.15,
        51,
        52.8,
        53,
        55.0,
        56,
        57.2,
        58.85,
        60,
        61.6,
        63.25,
        64,
        64,
        64.9,
        67.65,
        69,
        70.4,
        72.05,
        73,
        74.25,
        76.45,
        76,
        77,
        78.65,
        80.3,
        81,
        81.95,
        83.6,
        84,
        85.25,
        86,
        86.9,
        87,
        88.55,
        90.2,
        91,
        91.85,
        92.95,
        93,
        93,
        94.05,
        94.6,
        95,
        96.25,
        97.35,
        97,
        98.45,
        99.0,
        99,
        99,
        99.0,
        97.9,
        97,
        97.35,
        95.15,
        93,
        92.4,
        90,
        88.55,
        86,
        83.6,
        78.65,
        75,
        72.05,
        64.35,
        60,
        58,
        57.2,
        49.5,
        46,
        42.9,
        36.85,
        34,
        31.9,
        27.5,
        26,
        26,
        26.4,
        25.85,
        26,
        26.4,
        28.05,
        29,
        31.9,
        34,
        36.3,
        38,
        41.25,
        45.65,
        47,
        49.5,
        53.35,
        55,
        56,
        57.2,
        61.05,
        62,
        64.35,
        68.2,
        69,
        69.85,
        70.95,
        71,
        71.5,
        71.5,
        71,
        71.5
    ],
    "y": [
        99.0,
        98.05263157894737,
        97,
        96.15789473684211,
        93.78947368421052,
        92,
        91.42105263157895,
        88.57894736842105,
        87,
        87,
        85.73684210526316,
        82.42105263157895,
        80,
        79.10526315789474,
        76.26315789473684,
        74,
        72.47368421052632,
        70,
        69.15789473684211,
        67,
        65.84210526315789,
        62.526315789473685,
        60,
        58.73684210526316,
        54.94736842105263,
        53,
        52,
        52.10526315789474,
        48.78947368421053,
        47,
        45.473684210526315,
        42.1578947368421,
        40,
        39.31578947368421,
        36.0,
        35,
        34,
        33.1578947368421,
        30.31578947368421,
        28,
        27.473684210526315,
        24.63157894736842,
        23,
        21.789473684210527,
        20,
        19.42105263157895,
        18,
        16.57894736842105,
        14.210526315789474,
        13,
        11.842105263157896,
        9.473684210526315,
        8,
        7,
        7.105263157894737,
        4.7368421052631575,
        3,
        2.3684210526315788,
        0.9473684210526315,
        0,
        0.0,
        0.47368421052631576,
        0,
        1,
        1.894736842105263,
        3.789473684210526,
        4,
        6.157894736842105,
        9.473684210526315,
        10,
        12.31578947368421,
        13,
        15.157894736842104,
        16,
        18.0,
        20.842105263157894,
        22,
        23.68421052631579,
        27.0,
        28,
        29,
        30.789473684210527,
        34.10526315789474,
        35,
        36.94736842105263,
        40.73684210526316,
        42,
        44.526315789473685,
        47.8421052631579,
        48,
        49,
        51.63157894736842,
        55.421052631578945,
        57,
        58.73684210526316,
        61.578947368421055,
        63,
        64.89473684210526,
        66,
        68.21052631578948,
        70,
        72.0,
        74.84210526315789,
        76,
        77.21052631578948,
        80.05263157894737,
        81,
        81,
        81.94736842105263,
        84.3157894736842,
        85,
        86.21052631578948,
        88.57894736842105,
        89,
        90.94736842105263,
        92.36842105263158,
        92,
        92,
        92.84210526315789,
        91.89473684210526,
        91,
        90.47368421052632,
        89.05263157894737,
        88,
        87.15789473684211,
        85,
        84.78947368421052,
        83,
        82.42105263157895,
        80.05263157894737,
        78,
        76.26315789473684,
        71.52631578947368,
        69,
        67,
        66.78947368421052,
        62.526315789473685,
        60,
        58.26315789473684,
        54.473684210526315,
        53,
        51.63157894736842,
        49.26315789473684,
        48,
        48,
        47.36842105263158,
        46.421052631578945,
        45,
        45.473684210526315,
        45.473684210526315,
        45,
        45.473684210526315,
        45,
        45.473684210526315,
        45,
        45.0,
        45.0,
        45,
        45.473684210526315,
        45.473684210526315,
        45,
        45,
        45.94736842105263,
        45.94736842105263,
        45,
        45.94736842105263,
        45.94736842105263,
        45,
        45.94736842105263,
        45.94736842105263,
        45,
        45.94736842105263,
        45.94736842105263,
        45,
        45.473684210526315
    ]
}