{
    "x": [
        0.0,
        1.2,
        1,
        2.4,
        3.6,
        3,
        4,
        4.8,
        6.6,
        7,
        9.0,
        9,
        10.8,
        13,
        16.8,
        15.6,
        16,
        16,
        17.4,
        19.8,
        20,
        21.0,
        23.4,
        23,
        24,
        25.2,
        27.6,
        28,
        28.8,
        30,
        31.2,
        32,
        33.6,
        35.4,
        36,
        36,
        37.2,
        39.0,
        40,
        41.4,
        42.6,
        42,
        43,
        44.4,
        46.2,
        46,
        47.4,
        48,
        48.6,
        49,
        49.8,
        49.8,
        50,
        50,
        51.6,
        52.2,
        52,
        52.8,
        54.0,
        54,
        55,
        56.4,
        59.4,
        60,
        61.8,
        63,
        64.2,
        64,
        64.2,
        69.0,
        70,
        71,
        72.0,
        73.8,
        73,
        72.6,
        78.0,
        78,
        78,
        79.2,
        81.0,
        81,
        82.2,
        81,
        79.8,
        82,
        85.8,
        87.0,
        87,
        87,
        88.2,
        90.6,
        91,
        91.8,
        93.0,
        93,
        93,
        94.8,
        96.0,
        96,
        97.2,
        97,
        98.4,
        98,
        99.0,
        98.4,
        97,
        97,
        97.2,
        94.8,
        93,
        91.8,
        87.6,
        86,
        85,
        83.4,
        76.8,
        74,
        71.4,
        67,
        63.6,
        60,
        57.6,
        50.4,
        48,
        46,
        45.6,
        40.2,
        38,
        36.6,
        32.4,
        31,
        30,
        29.4,
        27.6,
        26,
        25.8,
        25,
        25.2,
        25,
        25.2,
        30.0,
        29,
        28,
        28.2,
        30.6,
        30,
        30.6,
        36.6,
        36,
        36,
        36.6,
        42.6,
        44,
        45.6,
        47,
        48.6,
        50,
        52.2,
        55.2,
        57,
        57,
        58.8,
        61.2,
        63,
        65.4,
        67.8,
        68,
        69,
        70.8,
        73.2,
        73,
        74.4,
        75,
        76.2
    ],
    "y": [
        99.0,
        96.1304347826087,
        94,
        93.26086956521739,
        89.91304347826087,
        88,
        88,
        86.08695652173913,
        82.26086956521739,
        79,
        77.47826086956522,
        75,
        72.69565217391305,
        71,
        70.30434782608695,
        63.608695652173914,
        61,
        60,
        59.30434782608695,
        54.52173913043478,
        52,
        50.21739130434783,
        45.43478260869565,
        44,
        43,
        41.130434782608695,
        36.82608695652174,
        34,
        33.0,
        31,
        29.652173913043477,
        27,
        25.347826086956523,
        22.0,
        20,
        19,
        18.652173913043477,
        14.826086956521738,
        13,
        11.956521739130435,
        8.608695652173912,
        7,
        7,
        5.739130434782608,
        3.8260869565217392,
        3,
        2.391304347826087,
        1,
        0.9565217391304348,
        0,
        0.0,
        4.782608695652174,
        3,
        2,
        1.434782608695652,
        2.869565217391304,
        4,
        5.260869565217392,
        8.130434782608695,
        8,
        9,
        11.478260869565217,
        15.304347826086957,
        16,
        18.652173913043477,
        20,
        22.47826086956522,
        26,
        30.608695652173914,
        31.08695652173913,
        33,
        33,
        34.91304347826087,
        38.26086956521739,
        41,
        44.95652173913044,
        45.91304347826087,
        46,
        47,
        49.26086956521739,
        52.608695652173914,
        54,
        55.47826086956522,
        58,
        61.21739130434783,
        61,
        62.65217391304348,
        66.47826086956522,
        67,
        68,
        69.34782608695652,
        73.17391304347827,
        74,
        76.52173913043478,
        79.8695652173913,
        80,
        81,
        82.73913043478261,
        86.08695652173913,
        87,
        88.95652173913044,
        90,
        91.34782608695652,
        91,
        92.30434782608695,
        92.78260869565217,
        92,
        92,
        92.30434782608695,
        91.82608695652173,
        91,
        90.3913043478261,
        88.0,
        87,
        86,
        85.1304347826087,
        80.82608695652173,
        79,
        77.47826086956522,
        75,
        73.17391304347827,
        71,
        69.34782608695652,
        65.04347826086956,
        63,
        62,
        61.21739130434783,
        57.869565217391305,
        56,
        55.0,
        52.130434782608695,
        51,
        50,
        49.73913043478261,
        48.30434782608695,
        47,
        46.869565217391305,
        46,
        46.391304347826086,
        46,
        46.391304347826086,
        45.43478260869565,
        45,
        45,
        46.391304347826086,
        45.91304347826087,
        47,
        49.26086956521739,
        45.91304347826087,
        46,
        47,
        48.30434782608695,
        44.95652173913044,
        44,
        44.95652173913044,
        44,
        44.47826086956522,
        44,
        44.47826086956522,
        44.47826086956522,
        44,
        44,
        44.0,
        43.52173913043478,
        43,
        43.52173913043478,
        43.04347826086956,
        43,
        43,
        43.04347826086956,
        42.56521739130435,
        42,
        42.56521739130435,
        42,
        42.56521739130435
    ]
}