{
    "x": [
        1.32,
        0.0,
        0,
        0,
        0.66,
        0,
        0.66,
        0,
        0,
        0.66,
        1.32,
        1,
        1,
        1.98,
        2,
        3.96,
        3,
        3,
        3.96,
        7.26,
        7,
        7,
        8.58,
        9,
        11.22,
        12,
        12,
        13.86,
        15.84,
        16,
        17,
        18.48,
        19,
        20.46,
        21,
        21,
        22.44,
        24.42,
        24,
        25,
        26.4,
        27,
        28.38,
        29,
        30,
        31.02,
        33.66,
        33,
        34,
        36.3,
        36,
        37.62,
        38,
        38,
        39.6,
        41.58,
        41,
        42,
        43.56,
        46,
        48.84,
        47,
        46,
        45.54,
        47.52,
        47,
        48,
        50.16,
        51,
        52.8,
        54,
        55,
        56.76,
        60.06,
        60,
        61,
        63.36,
        64,
        66.0,
        67,
        68,
        69.3,
        71.94,
        72,
        73,
        74.58,
        75,
        75.9,
        76,
        76,
        76.56,
        79.2,
        79,
        80,
        81.18,
        82,
        83.16,
        84,
        84,
        85.14,
        87.12,
        87,
        88,
        89.76,
        91,
        92.4,
        93,
        94,
        95.04,
        97.02,
        97,
        97,
        98.34,
        98,
        99.0,
        99,
        99,
        99.0,
        97.02,
        96,
        96,
        95.04,
        92,
        90.42,
        87,
        86,
        85.14,
        80.52,
        78,
        77,
        73.92,
        70,
        67.32,
        63,
        61,
        59.4,
        52.14,
        50,
        48,
        45.54,
        42,
        38.94,
        35,
        34,
        33.0,
        29.04,
        28,
        27,
        25.08,
        23,
        22.44,
        21,
        21.12,
        21.12,
        22,
        23.1,
        26.4,
        28,
        30.36,
        35.64,
        38,
        41.58,
        46.86,
        49,
        51.48,
        56.1,
        58,
        60.72,
        64.68,
        66,
        67.32,
        69.3,
        70,
        72.6,
        70.62
    ],
    "y": [
        99.0,
        99.0,
        98,
        98,
        98.56194690265487,
        97,
        97.24778761061947,
        96,
        95,
        95.0575221238938,
        92.429203539823,
        91,
        90,
        88.48672566371681,
        86,
        84.98230088495575,
        82,
        80,
        79.72566371681415,
        74.46902654867256,
        73,
        72,
        69.65044247787611,
        67,
        64.39380530973452,
        61,
        60,
        59.13716814159292,
        54.31858407079646,
        52,
        51,
        49.06194690265487,
        46,
        44.68141592920354,
        42,
        40,
        39.86283185840708,
        35.482300884955755,
        34,
        33,
        31.101769911504423,
        28,
        26.721238938053098,
        24,
        23,
        22.778761061946902,
        17.960176991150444,
        16,
        15,
        14.017699115044248,
        12,
        10.075221238938052,
        8,
        7,
        6.570796460176991,
        3.9424778761061945,
        3,
        3,
        2.190265486725664,
        1,
        0.0,
        0,
        0,
        1.752212389380531,
        3.066371681415929,
        3,
        4,
        5.256637168141593,
        6,
        7.884955752212389,
        9,
        10,
        11.389380530973451,
        15.769911504424778,
        16,
        17,
        20.150442477876105,
        22,
        24.530973451327434,
        26,
        27,
        28.911504424778762,
        33.29203539823009,
        34,
        35,
        38.110619469026545,
        40,
        42.491150442477874,
        45,
        46,
        47.74778761061947,
        51.690265486725664,
        52,
        54,
        56.508849557522126,
        59,
        61.76548672566372,
        64,
        65,
        66.58407079646018,
        71.84070796460178,
        72,
        74,
        76.65929203539822,
        79,
        81.91592920353982,
        84,
        85,
        87.17256637168141,
        91.11504424778761,
        91,
        92,
        94.61946902654867,
        95,
        96.3716814159292,
        96,
        96,
        96.80973451327434,
        95.93362831858407,
        95,
        95,
        94.18141592920354,
        93,
        92.429203539823,
        91,
        90,
        89.80088495575221,
        86.73451327433628,
        85,
        84,
        83.23008849557522,
        81,
        79.72566371681415,
        77,
        76,
        75.78318584070796,
        71.84070796460178,
        70,
        69,
        67.46017699115045,
        65,
        63.95575221238938,
        61,
        60,
        60.01327433628319,
        56.94690265486726,
        55,
        55,
        53.442477876106196,
        52,
        51.25221238938053,
        50,
        49.93805309734513,
        48.1858407079646,
        47,
        46.8716814159292,
        45.99557522123894,
        45,
        45.11946902654867,
        44.68141592920354,
        44,
        43.36725663716814,
        42.92920353982301,
        42,
        42.491150442477874,
        42.05309734513274,
        41,
        41.176991150442475,
        41.176991150442475,
        41,
        41.176991150442475,
        41.176991150442475,
        42,
        44.243362831858406,
        41.176991150442475
    ]
}