{
    "x": [
        0.0,
        0.0,
        0,
        0.0,
        0,
        0.6,
        0,
        0.0,
        0.0,
        0,
        0,
        0.0,
        0.6,
        0,
        0,
        1.2,
        1.8,
        2,
        3.6,
        3,
        4.2,
        4,
        5.4,
        6.0,
        6,
        6,
        7.2,
        8.4,
        8,
        8,
        9.0,
        11.4,
        12,
        12.6,
        13,
        14.4,
        15,
        15.6,
        18.0,
        18,
        18,
        19.8,
        21.6,
        22,
        23,
        24.0,
        25.8,
        27,
        28.2,
        29,
        30.0,
        31,
        32.4,
        34.2,
        34,
        35,
        36.0,
        37.8,
        38,
        38,
        38.4,
        40.2,
        41,
        42.0,
        41,
        40.8,
        43,
        46.2,
        49.8,
        50,
        51,
        52.2,
        55.8,
        57,
        57,
        58.8,
        61.8,
        63,
        64.8,
        66,
        67.8,
        68,
        69.6,
        71.4,
        71,
        72,
        73.8,
        76.2,
        77,
        77,
        78.0,
        79.8,
        80,
        81.6,
        82,
        84.0,
        85,
        86.4,
        89.4,
        89,
        90,
        91.8,
        94.2,
        95,
        95,
        96.0,
        93.6,
        96,
        98.4,
        98,
        99.0,
        96,
        94.8,
        98.4,
        97,
        97,
        97.2,
        94.8,
        93,
        92,
        91.8,
        87.6,
        85,
        83.4,
        80,
        78.0,
        75,
        72.6,
        66.6,
        64,
        63,
        60.6,
        54.0,
        51,
        49,
        48.0,
        41.4,
        38,
        36.0,
        33,
        30.6,
        28,
        26.4,
        22.2,
        21,
        20,
        19.2,
        16.8,
        16,
        16,
        16.8,
        18.0,
        19,
        21.0,
        23,
        25.2,
        27,
        30.0,
        34.8,
        35,
        37,
        40.8,
        46.2,
        48,
        51.6,
        57.0,
        59,
        61.8,
        65.4,
        68,
        71.4,
        70.8,
        71,
        71.4,
        71.4
    ],
    "y": [
        99.0,
        99.0,
        99,
        99.0,
        98,
        98.13157894736842,
        97,
        96.82894736842105,
        94.65789473684211,
        93,
        93,
        91.61842105263158,
        89.01315789473684,
        87,
        86,
        85.10526315789474,
        80.76315789473684,
        78,
        76.85526315789474,
        74,
        72.51315789473684,
        70,
        68.17105263157895,
        63.828947368421055,
        62,
        61,
        59.48684210526316,
        55.14473684210526,
        52,
        51,
        50.36842105263158,
        46.026315789473685,
        44,
        42.11842105263158,
        40,
        38.21052631578947,
        36,
        34.30263157894737,
        30.394736842105264,
        29,
        28,
        26.92105263157895,
        23.44736842105263,
        21,
        20,
        19.539473684210527,
        16.06578947368421,
        14,
        13.026315789473685,
        11,
        9.552631578947368,
        8,
        6.5131578947368425,
        3.9078947368421053,
        2,
        2,
        1.736842105263158,
        0.4342105263157895,
        0,
        0,
        0.0,
        0.4342105263157895,
        1,
        1.736842105263158,
        1,
        1.736842105263158,
        3,
        6.078947368421052,
        9.118421052631579,
        9,
        10,
        12.592105263157896,
        15.631578947368421,
        17,
        18,
        19.105263157894736,
        22.57894736842105,
        23,
        25.18421052631579,
        26,
        28.223684210526315,
        29,
        30.82894736842105,
        34.30263157894737,
        35,
        36,
        38.21052631578947,
        41.68421052631579,
        43,
        44,
        46.026315789473685,
        49.93421052631579,
        51,
        53.8421052631579,
        56,
        58.18421052631579,
        60,
        62.0921052631579,
        66.86842105263158,
        67,
        69,
        71.64473684210526,
        75.98684210526316,
        78,
        79,
        80.32894736842105,
        84.67105263157895,
        85,
        87.27631578947368,
        88,
        89.88157894736842,
        90,
        92.05263157894737,
        92.48684210526316,
        92,
        92,
        93.35526315789474,
        92.92105263157895,
        92,
        92,
        92.05263157894737,
        90.3157894736842,
        89,
        87.71052631578948,
        86,
        84.67105263157895,
        82,
        81.19736842105263,
        77.72368421052632,
        76,
        75,
        74.25,
        70.77631578947368,
        68,
        67,
        66.86842105263158,
        62.96052631578947,
        61,
        59.48684210526316,
        57,
        56.01315789473684,
        54,
        53.4078947368421,
        50.80263157894737,
        50,
        50,
        49.5,
        48.19736842105263,
        47,
        46,
        46.89473684210526,
        49.93421052631579,
        47,
        45.5921052631579,
        45,
        45.1578947368421,
        44,
        44.723684210526315,
        44.28947368421053,
        44,
        44,
        44.28947368421053,
        43.85526315789474,
        43,
        43.85526315789474,
        43.421052631578945,
        43,
        42.98684210526316,
        42.98684210526316,
        44,
        45.5921052631579,
        42.55263157894737,
        42,
        42.55263157894737,
        42.55263157894737
    ]
}