{
    "x": [
        0.66,
        0.66,
        0,
        0,
        0.66,
        0.0,
        0,
        0,
        0.0,
        0.0,
        0,
        0,
        0.66,
        1.98,
        2,
        2,
        3.3,
        5.28,
        6,
        6,
        7.26,
        8.58,
        9,
        10,
        11.22,
        12.54,
        13,
        13,
        14.52,
        17.16,
        17,
        17,
        18.48,
        20.46,
        21,
        21,
        22.44,
        24.42,
        25,
        26,
        27.06,
        29.04,
        30,
        30,
        31.02,
        33.0,
        34,
        34,
        35.64,
        36.96,
        37,
        37,
        38.94,
        40.26,
        40,
        40,
        41.58,
        42.24,
        43,
        43,
        44.88,
        46.86,
        47,
        47,
        48.84,
        51.48,
        53,
        54,
        55.44,
        58.08,
        59,
        60,
        61.38,
        64.02,
        65,
        65,
        66.0,
        69.3,
        70,
        70,
        71.94,
        73.26,
        74,
        74,
        75.24,
        77.22,
        78,
        79,
        80.52,
        83.16,
        84,
        84,
        85.14,
        87.78,
        88,
        88,
        89.76,
        92.4,
        93,
        93,
        93.72,
        95.04,
        95,
        95,
        96.36,
        97.68,
        97,
        97,
        97.68,
        98.34,
        98,
        98,
        99.0,
        97.68,
        96,
        95,
        95.04,
        91.08,
        88,
        87,
        86.46,
        80.52,
        77,
        75,
        74.58,
        67.98,
        64,
        62,
        61.38,
        54.12,
        50,
        48,
        47.52,
        41.58,
        38,
        36,
        35.64,
        31.02,
        29,
        28,
        27.72,
        24.42,
        23,
        23,
        23.1,
        21.12,
        21,
        21,
        21.78,
        23.1,
        23,
        23,
        24.42,
        27.72,
        29,
        30,
        31.68,
        36.3,
        38,
        41.58,
        46.2,
        48,
        50.82,
        56.1,
        58,
        60.72,
        65.34,
        67,
        69.96,
        73.26,
        73,
        74.58,
        75.24,
        75,
        75.24
    ],
    "y": [
        99.0,
        99.0,
        99,
        99,
        99.0,
        98.09174311926606,
        97,
        96,
        96.72935779816514,
        94.0045871559633,
        92,
        91,
        90.8256880733945,
        86.73853211009174,
        84,
        83,
        82.19724770642202,
        77.20183486238533,
        74,
        72,
        71.75229357798165,
        66.30275229357798,
        63,
        62,
        61.30733944954128,
        56.31192660550459,
        54,
        52,
        51.77064220183486,
        47.22935779816514,
        45,
        44,
        43.142201834862384,
        39.055045871559635,
        37,
        35,
        34.96788990825688,
        30.426605504587155,
        28,
        27,
        26.339449541284402,
        22.25229357798165,
        20,
        19,
        18.165137614678898,
        13.623853211009175,
        11,
        10,
        9.990825688073395,
        6.8119266055045875,
        5,
        4,
        3.63302752293578,
        1.3623853211009174,
        0,
        0,
        0.0,
        0.0,
        0,
        0,
        0.0,
        1.3623853211009174,
        2,
        3,
        4.087155963302752,
        6.8119266055045875,
        8,
        8,
        9.990825688073395,
        14.077981651376147,
        15,
        16,
        17.711009174311926,
        21.798165137614678,
        23,
        24,
        25.431192660550458,
        29.51834862385321,
        31,
        32,
        33.15137614678899,
        37.69266055045872,
        39,
        40,
        42.23394495412844,
        46.77522935779817,
        49,
        50,
        51.77064220183486,
        56.31192660550459,
        58,
        59,
        60.85321100917431,
        65.84862385321101,
        68,
        69,
        70.38990825688073,
        74.4770642201835,
        76,
        77,
        78.56422018348624,
        82.65137614678899,
        84,
        84,
        85.37614678899082,
        88.10091743119266,
        89,
        89,
        90.37155963302752,
        92.18807339449542,
        92,
        92,
        92.64220183486239,
        92.64220183486239,
        91,
        91,
        91.27981651376147,
        89.46330275229357,
        88,
        87,
        87.19266055045871,
        84.92201834862385,
        83,
        82,
        82.19724770642202,
        79.47247706422019,
        77,
        76,
        75.83944954128441,
        72.20642201834862,
        70,
        69,
        68.57339449541284,
        64.94036697247707,
        63,
        62,
        61.30733944954128,
        57.674311926605505,
        56,
        55,
        55.403669724770644,
        52.678899082568805,
        51,
        50,
        50.862385321100916,
        49.5,
        48,
        48,
        48.137614678899084,
        46.77522935779817,
        46,
        45,
        45.86697247706422,
        45.41284403669725,
        45,
        44,
        44.95871559633027,
        44.05045871559633,
        43,
        43.596330275229356,
        43.596330275229356,
        43,
        43.142201834862384,
        43.142201834862384,
        43,
        43.142201834862384,
        42.68807339449541,
        42,
        43.142201834862384,
        42.68807339449541,
        42,
        42.68807339449541,
        43.142201834862384,
        43,
        43.596330275229356
    ]
}