{
    "x": [
        9.0,
        9,
        9.0,
        9.0,
        9.0,
        9.0,
        8.4,
        9.0,
        8.4,
        8.4,
        7.8,
        7.8,
        7.8,
        6.6,
        6.6,
        6.0,
        6.0,
        6.0,
        6.0,
        5.4,
        4.8,
        4.8,
        4.8,
        4.2,
        3.6,
        3.0,
        3.0,
        2.4,
        1.8,
        1.8,
        0.6,
        0.6,
        0.0,
        0.0,
        0.6,
        0,
        0.6,
        1.2,
        3.0,
        4.8,
        7.8,
        11.4,
        15.6,
        19.8,
        24.6,
        29.4,
        33.6,
        37.8,
        42.6,
        47.4,
        52.2,
        57.6,
        63.0,
        68.4,
        73.2,
        76.8,
        81.0,
        82.2,
        82.2,
        81.0,
        75.6,
        69.6,
        61.8,
        52.8,
        45.0,
        36.6,
        30.0,
        24.0,
        19.2,
        16.8,
        15,
        15.0,
        15.6,
        15.0,
        17.4,
        20.4,
        24.0,
        27.6,
        31.2,
        35.4,
        39.0,
        43.8,
        47.4,
        51.6,
        55.8,
        60.0,
        64.2,
        69.0,
        73.8,
        78.6,
        82.8,
        85.8,
        87.6,
        87.6,
        85.8,
        81.0,
        74.4,
        66.6,
        57.6,
        46.8,
        39.0,
        32.4,
        28.8,
        26.4,
        24.0,
        23,
        22.8,
        21.6,
        21.6,
        22.8,
        25.2,
        27.6,
        30.0,
        33.6,
        37.2,
        40.8,
        45.0,
        49.2,
        53.4,
        58.2,
        62.4,
        67.8,
        72.0,
        76.8,
        81.0,
        81.6,
        90.0,
        93.6,
        96.6,
        98.4,
        99.0,
        97.8,
        96.0,
        92.4,
        87.6,
        82.2,
        75.0,
        67.8,
        61.8,
        55.8,
        53,
        51.6,
        47.4,
        46.2,
        43.2,
        42.0,
        41.4,
        40.8,
        40.8,
        41.4,
        41.4,
        42.6,
        43.2,
        44.4,
        44.4,
        46.2,
        48.6,
        49.8,
        52.2,
        54.0,
        56.4,
        58.8,
        60.6,
        63.6,
        66.0,
        68.4,
        70.8,
        73.2,
        75.6,
        77.4,
        79.2,
        81.6,
        82.8,
        82.8,
        82.2
    ],
    "y": [
        97.35684647302905,
        97,
        98.17842323651452,
        97.35684647302905,
        95.30290456431536,
        92.83817427385893,
        91.19502074688796,
        89.96265560165975,
        87.90871369294605,
        85.44398340248962,
        82.56846473029046,
        80.10373443983403,
        78.46058091286307,
        75.99585062240664,
        73.5311203319502,
        70.65560165975104,
        68.19087136929461,
        66.13692946058092,
        64.08298755186722,
        61.61825726141079,
        59.15352697095436,
        56.27800829875519,
        54.22406639004149,
        51.75933609958506,
        49.70539419087137,
        46.829875518672196,
        44.77593360995851,
        42.31120331950208,
        40.25726141078838,
        38.20331950207469,
        35.32780082987552,
        32.863070539419084,
        30.809128630705395,
        29.16597510373444,
        27.522821576763487,
        26,
        26.29045643153527,
        25.058091286307054,
        25.058091286307054,
        25.058091286307054,
        25.46887966804979,
        25.46887966804979,
        25.87966804979253,
        26.29045643153527,
        26.70124481327801,
        26.70124481327801,
        26.70124481327801,
        26.70124481327801,
        27.112033195020746,
        26.70124481327801,
        26.29045643153527,
        26.29045643153527,
        25.87966804979253,
        25.46887966804979,
        25.46887966804979,
        24.647302904564317,
        27.933609958506224,
        25.058091286307054,
        25.87966804979253,
        29.987551867219917,
        28.755186721991702,
        31.630705394190873,
        35.738589211618255,
        41.07883817427386,
        46.00829875518672,
        50.93775933609958,
        55.045643153526974,
        58.74273858921162,
        60.79668049792531,
        62.02904564315353,
        62,
        62.850622406639005,
        63.67219917012448,
        63.67219917012448,
        63.67219917012448,
        63.261410788381745,
        62.439834024896264,
        62.02904564315353,
        61.61825726141079,
        61.61825726141079,
        61.61825726141079,
        61.61825726141079,
        61.61825726141079,
        61.61825726141079,
        61.61825726141079,
        61.61825726141079,
        61.61825726141079,
        61.61825726141079,
        60.385892116182575,
        59.975103734439834,
        59.975103734439834,
        59.975103734439834,
        59.56431535269709,
        59.975103734439834,
        61.20746887966805,
        62.850622406639005,
        65.72614107883817,
        69.83402489626556,
        74.76348547717842,
        79.69294605809128,
        85.03319502074689,
        89.14107883817428,
        92.01659751037344,
        93.65975103734439,
        94.48132780082987,
        94,
        95.30290456431536,
        96.53526970954357,
        96.9460580912863,
        96.9460580912863,
        96.53526970954357,
        96.12448132780084,
        95.71369294605809,
        95.71369294605809,
        96.12448132780084,
        96.12448132780084,
        96.53526970954357,
        96.53526970954357,
        96.9460580912863,
        97.35684647302905,
        97.35684647302905,
        97.35684647302905,
        96.9460580912863,
        96.9460580912863,
        96.9460580912863,
        99.0,
        96.9460580912863,
        96.9460580912863,
        96.53526970954357,
        96.53526970954357,
        96.53526970954357,
        96.12448132780084,
        95.71369294605809,
        94.48132780082987,
        92.01659751037344,
        88.3195020746888,
        82.97925311203319,
        76.40663900414938,
        68.19087136929461,
        59.15352697095436,
        55,
        50.93775933609958,
        43.54356846473029,
        41.07883817427386,
        33.273858921161825,
        29.987551867219917,
        27.933609958506224,
        26.70124481327801,
        25.87966804979253,
        24.647302904564317,
        24.236514522821576,
        23.414937759336098,
        22.593360995850624,
        21.771784232365146,
        20.53941908713693,
        19.717842323651453,
        18.896265560165975,
        18.074688796680498,
        17.25311203319502,
        16.431535269709542,
        15.199170124481327,
        14.377593360995851,
        13.145228215767634,
        11.91286307053942,
        10.269709543568466,
        9.037344398340249,
        7.394190871369295,
        6.161825726141079,
        4.929460580912863,
        3.2863070539419086,
        2.0539419087136928,
        0.8215767634854771,
        0.4107883817427386,
        0.0,
        0.0
    ]
}