{
    "x": [
        33.5,
        32.5,
        31,
        30.5,
        28.5,
        27,
        26.5,
        24.5,
        23,
        21.5,
        19.5,
        18,
        17.0,
        14.0,
        12,
        11.0,
        8.0,
        7,
        6.0,
        4.0,
        3,
        2.5,
        2.0,
        1,
        0.5,
        0.0,
        0,
        0.0,
        0.0,
        0,
        0.0,
        1.0,
        1,
        1.0,
        3.0,
        3,
        4.0,
        6.0,
        7,
        8.0,
        10.0,
        11,
        13.0,
        15.5,
        17,
        19.0,
        22.5,
        24,
        26.0,
        30.0,
        31,
        33.5,
        38.0,
        40,
        42.5,
        51.0,
        52,
        54.5,
        58.5,
        60,
        62.0,
        66.0,
        67,
        69.5,
        73.0,
        74,
        76.5,
        79.0,
        80,
        81.5,
        83.5,
        85,
        86.5,
        88.0,
        89,
        90.5,
        91.5,
        92,
        92.5,
        93.5,
        94,
        94.5,
        95.0,
        95,
        95.0,
        93.5,
        92,
        92.0,
        89.5,
        89,
        88.5,
        85.5,
        83,
        82.0,
        79.5,
        78,
        76.5,
        73.0,
        71,
        70.0,
        68.5,
        65,
        62.5,
        59.0,
        57,
        55.5,
        52.5,
        51,
        50.0,
        47.5,
        46,
        45.5,
        43.5,
        42,
        41.5,
        40.5,
        40,
        40.0,
        40.0,
        40,
        40.5,
        40.5,
        41,
        42.0,
        42.5,
        43,
        43.5,
        43.5,
        44,
        44.5,
        45.0,
        45,
        45.5,
        45.5,
        46,
        46.5,
        50.5,
        50,
        50.0,
        51.5,
        53,
        54.5,
        56.5,
        57,
        58.5,
        61.0,
        62,
        64.0,
        67.0,
        68,
        69.0,
        72.5,
        74,
        75.5,
        78.5,
        80,
        82.0,
        84.5,
        85,
        86.5,
        88.5,
        89,
        90.5,
        92.0,
        93,
        94.5,
        95.5,
        96,
        97.0,
        98.0,
        98,
        99.0,
        99.0,
        98,
        97.5
    ],
    "y": [
        90.95939086294416,
        90.45685279187818,
        90,
        90.45685279187818,
        88.94923857868021,
        87,
        86.93908629441624,
        85.43147208121827,
        85,
        85.93401015228426,
        84.92893401015229,
        83,
        82.41624365482234,
        79.90355329949239,
        78,
        77.89340101522842,
        76.38578680203045,
        74,
        73.37055837563452,
        69.8527918781726,
        68,
        66.33502538071066,
        62.81725888324873,
        61,
        59.2994923857868,
        55.78172588832487,
        53,
        51.76142131979695,
        47.23857868020305,
        45,
        43.21827411167513,
        39.7005076142132,
        38,
        36.68527918781726,
        32.16243654822335,
        30,
        28.14213197969543,
        25.126903553299492,
        23,
        21.609137055837564,
        18.593908629441625,
        17,
        15.578680203045685,
        12.060913705583756,
        10,
        9.548223350253807,
        7.035532994923858,
        6,
        5.527918781725888,
        4.020304568527918,
        3,
        2.512690355329949,
        1.5076142131979695,
        1,
        1.0050761421319796,
        0.0,
        0,
        1.0050761421319796,
        1.0050761421319796,
        2,
        3.015228426395939,
        3.517766497461929,
        4,
        5.527918781725888,
        7.538071065989848,
        8,
        9.548223350253807,
        12.563451776649746,
        14,
        15.578680203045685,
        19.096446700507613,
        20,
        22.111675126903553,
        25.629441624365484,
        27,
        29.6497461928934,
        33.67005076142132,
        35,
        37.18781725888325,
        41.20812182741117,
        43,
        45.22842639593909,
        48.746192893401016,
        50,
        52.766497461928935,
        56.786802030456855,
        58,
        60.807106598984774,
        64.8274111675127,
        66,
        67.84263959390863,
        70.85786802030456,
        72,
        73.37055837563452,
        76.88832487309645,
        78,
        79.90355329949239,
        81.91370558375634,
        82,
        83.9238578680203,
        86.43654822335026,
        86,
        87.44162436548223,
        89.4517766497462,
        89,
        90.45685279187818,
        90.95939086294416,
        91,
        91.96446700507614,
        92.46700507614213,
        92,
        92.46700507614213,
        92.46700507614213,
        92,
        92.96954314720813,
        92.96954314720813,
        92,
        92.96954314720813,
        91.96446700507614,
        91,
        90.45685279187818,
        88.94923857868021,
        87,
        86.43654822335026,
        84.42639593908629,
        82,
        80.90862944162437,
        76.88832487309645,
        74,
        72.86802030456853,
        67.84263959390863,
        65,
        63.82233502538071,
        59.80203045685279,
        57,
        55.78172588832487,
        53.26903553299493,
        52,
        51.76142131979695,
        51.25888324873097,
        51,
        51.76142131979695,
        53.26903553299493,
        54,
        55.27918781725889,
        57.79187817258883,
        58,
        59.80203045685279,
        62.31472081218274,
        63,
        65.32994923857868,
        69.3502538071066,
        70,
        71.86294416243655,
        76.38578680203045,
        77,
        79.4010152284264,
        82.41624365482234,
        83,
        84.92893401015229,
        87.44162436548223,
        88,
        88.94923857868021,
        91.46192893401015,
        91,
        92.46700507614213,
        94.4771573604061,
        94,
        95.48223350253807,
        96.98984771573605,
        97,
        97.49238578680203,
        97.99492385786802,
        98,
        99.0
    ]
}