{
    "x": [
        1.584,
        0.792,
        0,
        0,
        0.0,
        0,
        1.584,
        2,
        2,
        3.168,
        3.168,
        3,
        3,
        3.96,
        3,
        3.96,
        3,
        3,
        3.96,
        3.96,
        3,
        4,
        4.752,
        4,
        4.752,
        5,
        5,
        5.544,
        6.336,
        6,
        6,
        7.128,
        7,
        7.128,
        7,
        7,
        7.92,
        7.92,
        7,
        8,
        8.712,
        8,
        8.712,
        9,
        9,
        9.504,
        9.504,
        9,
        9,
        9.504,
        9,
        9.504,
        9,
        9,
        9.504,
        9.504,
        9,
        9,
        9.504,
        9,
        8.712,
        8,
        7,
        7.92,
        7.92,
        7,
        7,
        7.92,
        8,
        9.504,
        10,
        10,
        11.088,
        14.256,
        15,
        17,
        19.8,
        23,
        26.928,
        29,
        30,
        32.472,
        40.392,
        42,
        44,
        48.312,
        53,
        57.816,
        61,
        63,
        65.736,
        74.448,
        76,
        78,
        82.368,
        85,
        88.704,
        90,
        91,
        92.664,
        97.416,
        97,
        98,
        99.0,
        99,
        99.0,
        98,
        98,
        98.208,
        95.04,
        93,
        92,
        90.288,
        87,
        83.952,
        80,
        78,
        77.616,
        69.696,
        67,
        66,
        62.568,
        58,
        53.856,
        49,
        47,
        45.936,
        38.808,
        36,
        35,
        32.472,
        29,
        26.928,
        24,
        23,
        22.968,
        19.8,
        19,
        19,
        19.008,
        19,
        20.592,
        21,
        21,
        22.968,
        26.136,
        26,
        27,
        29.304,
        31,
        34.056,
        36,
        39.6,
        44.352,
        47,
        49.896,
        55.44,
        57,
        60.192,
        65.736,
        67,
        69.696,
        74.448,
        76,
        77.616,
        81.576,
        82,
        83.952,
        87.912,
        89,
        90.288,
        92.664,
        92,
        92.664,
        93.456
    ],
    "y": [
        98.02463054187191,
        98.51231527093596,
        98,
        98,
        97.53694581280789,
        96,
        95.58620689655173,
        94,
        93,
        93.14778325123153,
        89.73399014778325,
        88,
        88,
        86.80788177339902,
        85,
        83.39408866995073,
        81,
        80,
        79.98029556650246,
        75.5911330049261,
        74,
        73,
        71.6896551724138,
        69,
        68.27586206896552,
        66,
        65,
        64.3743842364532,
        60.47290640394089,
        59,
        58,
        56.083743842364534,
        53,
        51.206896551724135,
        49,
        47,
        46.81773399014779,
        42.916256157635466,
        41,
        40,
        38.52709359605911,
        36,
        34.6256157635468,
        32,
        31,
        30.236453201970445,
        26.334975369458128,
        25,
        24,
        22.92118226600985,
        20,
        19.019704433497537,
        17,
        16,
        16.0935960591133,
        12.679802955665025,
        11,
        11,
        9.753694581280788,
        8,
        7.315270935960591,
        6,
        5,
        5.852216748768473,
        4.876847290640394,
        4,
        4,
        3.9014778325123154,
        3,
        3.413793103448276,
        3,
        2,
        2.9261083743842367,
        2.438423645320197,
        2,
        2,
        1.9507389162561577,
        1,
        0.4876847290640394,
        0,
        0,
        0.0,
        0.0,
        0,
        0,
        0.0,
        0,
        0.4876847290640394,
        0,
        0,
        1.4630541871921183,
        3.413793103448276,
        3,
        4,
        6.3399014778325125,
        8,
        9.753694581280788,
        11,
        12,
        13.655172413793103,
        18.532019704433498,
        19,
        21,
        23.896551724137932,
        26,
        29.261083743842363,
        31,
        32,
        34.6256157635468,
        38.52709359605911,
        39,
        40,
        42.42857142857143,
        43,
        45.354679802955665,
        46,
        46,
        47.793103448275865,
        50.23152709359606,
        50,
        50,
        51.206896551724135,
        51,
        52.669950738916256,
        52,
        52,
        53.1576354679803,
        53.645320197044335,
        53,
        53,
        53.645320197044335,
        53,
        53.1576354679803,
        52,
        52,
        52.669950738916256,
        52.18226600985221,
        52,
        52,
        52.18226600985221,
        52,
        53.1576354679803,
        53,
        53,
        54.13300492610838,
        55.108374384236456,
        55,
        56,
        57.05911330049261,
        58,
        59.00985221674877,
        60,
        61.935960591133004,
        64.86206896551724,
        66,
        67.78817733990148,
        71.6896551724138,
        73,
        76.07881773399015,
        79.49261083743842,
        81,
        83.88177339901478,
        87.78325123152709,
        89,
        91.19704433497537,
        94.1231527093596,
        95,
        96.5615763546798,
        98.02463054187191,
        98,
        98.51231527093596,
        99.0,
        99,
        99.0,
        98.02463054187191
    ]
}