{
    "x": [
        0.0,
        0.792,
        0,
        0,
        0.0,
        0.0,
        0,
        0,
        0.0,
        0.0,
        0,
        0,
        0.792,
        0.0,
        0,
        0,
        0.0,
        0.0,
        0,
        0,
        0.792,
        1.584,
        1,
        1,
        1.584,
        0.792,
        1,
        1,
        1.584,
        0.792,
        1,
        1,
        1.584,
        0.792,
        0,
        0,
        0.0,
        0.0,
        0,
        0,
        0.0,
        0.0,
        0,
        0,
        0.0,
        0.0,
        0,
        0,
        0.0,
        0.0,
        0,
        0,
        0.0,
        0.792,
        1,
        1,
        1.584,
        3.168,
        4,
        4,
        5.544,
        10.296,
        13,
        14,
        15.84,
        22.968,
        26,
        28,
        30.096,
        38.016,
        42,
        44,
        46.728,
        52.272,
        55,
        57,
        59.4,
        64.152,
        66,
        67,
        69.696,
        75.24,
        77,
        78,
        79.992,
        84.744,
        86,
        86,
        87.912,
        90.288,
        91,
        91,
        92.664,
        92.664,
        91,
        91,
        91.08,
        88.704,
        87,
        86,
        85.536,
        80.784,
        77,
        75,
        74.448,
        67.32,
        64,
        62,
        61.776,
        53.856,
        49,
        47,
        45.936,
        38.808,
        34,
        32,
        30.096,
        22.968,
        19,
        17,
        16.632,
        11.088,
        9,
        8,
        7.128,
        4.752,
        4,
        3,
        3.96,
        4.752,
        6,
        6,
        7.92,
        11.088,
        13,
        14,
        15.84,
        21.384,
        24,
        25,
        27.72,
        34.056,
        37,
        38,
        40.392,
        48.312,
        51,
        52,
        54.648,
        60.192,
        62,
        63,
        65.736,
        70.488,
        72,
        73,
        75.24,
        79.992,
        81,
        82,
        83.16,
        85.536,
        87,
        87,
        88.704,
        90.288,
        91,
        92.664,
        95.04,
        96,
        97.416,
        99.0,
        99,
        99.0,
        99.0
    ],
    "y": [
        99.0,
        98.53301886792453,
        98,
        98,
        98.06603773584905,
        96.66509433962264,
        95,
        95,
        95.26415094339623,
        92.92924528301887,
        91,
        90,
        90.59433962264151,
        87.3254716981132,
        85,
        84,
        84.52358490566037,
        80.32075471698113,
        78,
        77,
        76.58490566037736,
        71.91509433962264,
        69,
        68,
        67.7122641509434,
        63.509433962264154,
        61,
        59,
        58.839622641509436,
        54.636792452830186,
        52,
        50,
        49.966981132075475,
        45.764150943396224,
        43,
        42,
        41.56132075471698,
        37.825471698113205,
        35,
        34,
        33.62264150943396,
        29.419811320754718,
        27,
        25,
        24.75,
        20.547169811320753,
        18,
        17,
        16.81132075471698,
        13.075471698113208,
        11,
        10,
        9.806603773584905,
        7.004716981132075,
        6,
        5,
        5.60377358490566,
        4.669811320754717,
        4,
        3,
        3.7358490566037736,
        2.80188679245283,
        2,
        1,
        1.400943396226415,
        0.4669811320754717,
        0,
        0,
        0.0,
        0.0,
        1,
        2,
        3.268867924528302,
        0.4669811320754717,
        0,
        0,
        0.9339622641509434,
        2.80188679245283,
        3,
        4,
        5.136792452830188,
        7.004716981132075,
        8,
        8,
        9.806603773584905,
        12.608490566037736,
        14,
        14,
        15.877358490566039,
        19.14622641509434,
        20,
        20,
        21.94811320754717,
        25.21698113207547,
        26,
        27,
        28.0188679245283,
        31.287735849056602,
        32,
        33,
        34.556603773584904,
        38.29245283018868,
        39,
        40,
        41.56132075471698,
        44.363207547169814,
        45,
        45,
        46.698113207547166,
        48.09905660377358,
        49,
        49,
        49.966981132075475,
        51.367924528301884,
        52,
        52,
        52.7688679245283,
        54.16981132075472,
        54,
        54,
        55.10377358490566,
        55.570754716981135,
        55,
        55,
        55.570754716981135,
        55.570754716981135,
        55,
        55,
        55.10377358490566,
        55.10377358490566,
        55,
        55,
        55.10377358490566,
        55.10377358490566,
        55,
        55,
        55.570754716981135,
        55.570754716981135,
        56,
        56,
        56.50471698113208,
        57.43867924528302,
        57,
        57,
        58.37264150943396,
        59.77358490566038,
        60,
        61,
        62.10849056603774,
        64.44339622641509,
        65,
        65,
        66.77830188679245,
        70.04716981132076,
        71,
        72,
        73.31603773584905,
        76.58490566037736,
        77,
        78,
        79.38679245283019,
        82.65566037735849,
        84,
        84,
        85.45754716981132,
        88.72641509433963,
        90,
        91.52830188679245,
        94.33018867924528,
        95,
        96.66509433962264,
        98.06603773584905,
        98,
        98.53301886792453,
        99.0
    ]
}