{
    "x": [
        0.0,
        0.0,
        0,
        0,
        0.0,
        0,
        0.0,
        0,
        0,
        0.0,
        0.0,
        0,
        0,
        0.0,
        0,
        0.0,
        0,
        0,
        0.0,
        0.0,
        0,
        0,
        0.0,
        0,
        1.584,
        1,
        1,
        1.584,
        2.376,
        2,
        3,
        4.752,
        3,
        2.376,
        3,
        3,
        4.752,
        3.168,
        2,
        2,
        2.376,
        2,
        2.376,
        2,
        2,
        2.376,
        1.584,
        1,
        1,
        0.792,
        1,
        1.584,
        1,
        1,
        2.376,
        3.96,
        3,
        4,
        5.544,
        6,
        7.92,
        9,
        10,
        11.88,
        18.216,
        19,
        21,
        24.552,
        28,
        32.472,
        36,
        38,
        41.184,
        49.896,
        51,
        53,
        57.816,
        62,
        67.32,
        70,
        71,
        73.656,
        80.784,
        81,
        83,
        85.536,
        87,
        88.704,
        90,
        90,
        91.872,
        95.04,
        95,
        95,
        95.04,
        95,
        95.04,
        94,
        93,
        93.456,
        90.288,
        88,
        87,
        84.744,
        81,
        79.2,
        75,
        73,
        71.28,
        64.944,
        61,
        59,
        53.856,
        52,
        50.688,
        46,
        44,
        42.768,
        36.432,
        34,
        33,
        30.888,
        27,
        24.552,
        22,
        20,
        19.8,
        12.672,
        12,
        13,
        14.256,
        15,
        16.632,
        14,
        12.672,
        14.256,
        15,
        16.632,
        20.592,
        21,
        22.968,
        27.72,
        30,
        32.472,
        36.432,
        38,
        41.184,
        45.936,
        48,
        51.48,
        56.232,
        58,
        60.192,
        68.904,
        68,
        67.32,
        72.072,
        74,
        76.032,
        79.2,
        81,
        83.16,
        86.328,
        87,
        89.496,
        91.872,
        93,
        94.248,
        95.832,
        96,
        96.624,
        99.0,
        99,
        99.0,
        97.416
    ],
    "y": [
        91.83257918552036,
        92.28054298642535,
        91,
        91,
        91.38461538461539,
        90,
        90.04072398190046,
        88,
        87,
        87.3529411764706,
        85.56108597285068,
        84,
        84,
        83.32126696832579,
        81,
        80.18552036199095,
        78,
        77,
        76.15384615384616,
        71.67420814479638,
        70,
        69,
        67.1945701357466,
        65,
        63.61085972850679,
        61,
        60,
        59.57918552036199,
        55.09954751131222,
        54,
        53,
        51.515837104072396,
        48,
        45.244343891402714,
        43,
        42,
        42.10859728506787,
        36.28506787330317,
        35,
        34,
        31.805429864253394,
        29,
        26.877828054298643,
        24,
        22,
        21.95022624434389,
        17.470588235294116,
        16,
        16,
        15.23076923076923,
        12,
        10.751131221719458,
        9,
        8,
        8.063348416289593,
        5.375565610859729,
        4,
        4,
        4.479638009049774,
        3,
        3.1357466063348416,
        2,
        2,
        2.6877828054298645,
        2.239819004524887,
        2,
        2,
        1.7918552036199096,
        1,
        0.8959276018099548,
        0,
        0,
        0.0,
        0.0,
        0,
        0,
        0.8959276018099548,
        1,
        1.3438914027149322,
        2,
        2,
        2.6877828054298645,
        4.927601809954751,
        5,
        6,
        7.167420814479638,
        8,
        10.751131221719458,
        12,
        13,
        14.334841628959277,
        18.36651583710407,
        19,
        20,
        22.846153846153847,
        24,
        26.877828054298643,
        28,
        29,
        30.46153846153846,
        34.49321266968326,
        35,
        36,
        37.6289592760181,
        38,
        40.31674208144796,
        41,
        41,
        42.55656108597285,
        44.34841628959276,
        44,
        45,
        46.588235294117645,
        45,
        45.244343891402714,
        45,
        45,
        45.244343891402714,
        46.14027149321267,
        45,
        45,
        45.69230769230769,
        45,
        45.69230769230769,
        45,
        45,
        45.244343891402714,
        44.34841628959276,
        44,
        44,
        43.90045248868778,
        43,
        42.10859728506787,
        42,
        43.00452488687783,
        43.00452488687783,
        43,
        43.90045248868778,
        44.34841628959276,
        44,
        45.244343891402714,
        47.484162895927604,
        48,
        48.828054298642535,
        50.619909502262445,
        51,
        52.411764705882355,
        55.09954751131222,
        56,
        57.78733031674208,
        59.57918552036199,
        60,
        60.92307692307692,
        62.26696832579186,
        64,
        65.85067873303167,
        68.98642533936652,
        70,
        72.57013574660634,
        75.70588235294117,
        77,
        79.289592760181,
        83.32126696832579,
        84,
        86.45701357466064,
        89.1447963800905,
        90,
        90.9366515837104,
        92.28054298642535,
        92,
        93.62443438914028,
        97.65610859728507,
        98,
        99.0,
        95.86425339366515
    ]
}