{
    "x": [
        1.584,
        1.584,
        1,
        1.584,
        3,
        4.752,
        3,
        1.584,
        2.376,
        2,
        2,
        3.168,
        2.376,
        2,
        2,
        2.376,
        2.376,
        1,
        1.584,
        1,
        2.376,
        2,
        3.168,
        6.336,
        5,
        5,
        3.96,
        4.752,
        4,
        4,
        4.752,
        4.752,
        5,
        5.544,
        5,
        5.544,
        5,
        5.544,
        5.544,
        5,
        5,
        4.752,
        3.96,
        3,
        3,
        3.168,
        0.0,
        1,
        3.168,
        3,
        3.168,
        3,
        3.168,
        4.752,
        4,
        5,
        5.544,
        6.336,
        7,
        8,
        9.504,
        13.464,
        15,
        18.216,
        21,
        24.552,
        28,
        32.472,
        36.432,
        38,
        40,
        45.144,
        50.688,
        55,
        57,
        59.4,
        66.528,
        70,
        73.656,
        76,
        79.992,
        83,
        87.12,
        91.872,
        92,
        93,
        95.832,
        98.208,
        98,
        98,
        99.0,
        99.0,
        97,
        96.624,
        94,
        92.664,
        90,
        87.912,
        81.576,
        79,
        78,
        75.24,
        68.112,
        64,
        62,
        60.984,
        53.064,
        48,
        44.352,
        40,
        37.224,
        34,
        30.888,
        25.344,
        22,
        20,
        15.84,
        13.464,
        11,
        9,
        8.712,
        5.544,
        4,
        3.168,
        3,
        4.752,
        6,
        7.92,
        11.088,
        12,
        13,
        15.84,
        22.176,
        24,
        25,
        26.928,
        31.68,
        34,
        36.432,
        38,
        41.184,
        43,
        45.936,
        49.896,
        50,
        51,
        53.856,
        58.608,
        60,
        61,
        63.36,
        67.32,
        69,
        72.072,
        75.24,
        77,
        79.992,
        83.16,
        84,
        86.328,
        88.704,
        89,
        89.496,
        90.288,
        91,
        91.872,
        93.456,
        93,
        93.456,
        95.04,
        95,
        95.04,
        95.04,
        95,
        95.04
    ],
    "y": [
        98.11607142857143,
        98.11607142857143,
        96,
        95.46428571428571,
        97,
        98.55803571428571,
        96,
        94.58035714285714,
        93.69642857142857,
        92,
        92,
        91.48660714285714,
        87.95089285714286,
        85,
        84,
        83.97321428571429,
        80.4375,
        78,
        76.45982142857143,
        74,
        73.36607142857143,
        71,
        70.27232142857143,
        67.17857142857143,
        65,
        63,
        60.549107142857146,
        56.57142857142857,
        54,
        53,
        52.59375,
        49.5,
        46,
        44.19642857142857,
        41,
        39.776785714285715,
        37,
        34.91517857142857,
        30.9375,
        29,
        29,
        27.401785714285715,
        23.424107142857142,
        21,
        20,
        19.446428571428573,
        15.910714285714286,
        13,
        11.933035714285714,
        10,
        9.28125,
        7,
        6.629464285714286,
        4.419642857142857,
        3,
        3,
        3.09375,
        3.09375,
        3,
        3,
        3.09375,
        2.2098214285714284,
        2,
        2.2098214285714284,
        1,
        1.3258928571428572,
        0,
        0.0,
        1.3258928571428572,
        0,
        0,
        0.0,
        2.2098214285714284,
        1,
        1,
        1.3258928571428572,
        2.6517857142857144,
        3,
        4.419642857142857,
        5,
        6.629464285714286,
        8,
        10.165178571428571,
        13.700892857142858,
        14,
        15,
        17.678571428571427,
        21.65625,
        23,
        24,
        26.075892857142858,
        29.169642857142858,
        30,
        32.705357142857146,
        34,
        35.357142857142854,
        36,
        38.450892857142854,
        41.10267857142857,
        41,
        41,
        41.544642857142854,
        43.3125,
        43,
        43,
        44.19642857142857,
        44.638392857142854,
        45,
        45.52232142857143,
        45,
        45.52232142857143,
        45,
        45.52232142857143,
        45.080357142857146,
        45,
        45,
        46.40625,
        44.638392857142854,
        44,
        44,
        44.638392857142854,
        44.19642857142857,
        44,
        44.19642857142857,
        44,
        44.638392857142854,
        44,
        45.080357142857146,
        45.52232142857143,
        45,
        46,
        46.848214285714285,
        47.732142857142854,
        48,
        48,
        49.058035714285715,
        50.38392857142857,
        51,
        51.70982142857143,
        52,
        53.47767857142857,
        54,
        56.129464285714285,
        58.78125,
        59,
        60,
        61.433035714285715,
        64.96875,
        66,
        66,
        67.62053571428571,
        71.15625,
        72,
        73.80803571428571,
        76.90178571428571,
        78,
        80.4375,
        83.08928571428571,
        84,
        86.18303571428571,
        89.71875,
        90,
        91.92857142857143,
        94.13839285714286,
        95,
        95.90625,
        97.23214285714286,
        97,
        98.11607142857143,
        99.0,
        99,
        99.0,
        98.11607142857143,
        97,
        97.23214285714286
    ]
}