{
    "x": [
        0.0,
        0.0,
        0,
        0,
        1.5,
        1,
        1.5,
        1,
        1,
        2.25,
        6.0,
        5,
        4,
        3.75,
        3,
        3.75,
        4,
        4,
        4.5,
        4.5,
        4,
        4,
        3.75,
        4,
        4.5,
        4,
        4,
        4.5,
        4.5,
        4,
        4,
        4.5,
        4,
        4.5,
        4,
        4,
        4.5,
        4.5,
        4,
        4,
        4.5,
        4,
        4.5,
        4,
        3,
        3.75,
        4.5,
        4,
        4,
        3.75,
        3,
        3.75,
        4,
        4,
        5.25,
        6.0,
        6,
        6,
        6.0,
        6,
        7.5,
        8,
        8,
        9.75,
        16.5,
        16,
        17,
        18.75,
        22,
        26.25,
        29,
        30,
        32.25,
        38.25,
        40,
        42,
        47.25,
        51,
        56.25,
        60,
        61,
        63.75,
        71.25,
        72,
        74,
        78.0,
        80,
        82.5,
        84,
        85,
        86.25,
        89.25,
        89,
        90,
        90.75,
        91,
        91.5,
        91,
        90,
        90.75,
        89.25,
        87,
        85,
        81.75,
        79,
        77.25,
        75,
        74,
        73.5,
        66.0,
        64,
        62,
        58.5,
        54,
        49.5,
        45,
        43,
        42.0,
        35.25,
        33,
        32,
        29.25,
        25,
        22.5,
        20,
        19,
        18.0,
        13.5,
        12,
        12,
        12.0,
        11,
        10.5,
        10,
        9,
        9.75,
        10.5,
        10,
        10,
        11.25,
        13,
        15.0,
        15,
        16.5,
        20.25,
        22,
        25.5,
        31.5,
        34,
        37.5,
        43.5,
        46,
        50.25,
        53.25,
        57,
        62.25,
        68.25,
        70,
        73.5,
        78.75,
        80,
        82.5,
        86.25,
        87,
        89.25,
        92.25,
        93,
        94.5,
        93.75,
        95,
        97.5,
        99.0,
        98,
        97.5,
        97.5
    ],
    "y": [
        95.43243243243244,
        94.98648648648648,
        94,
        94,
        94.0945945945946,
        93,
        92.3108108108108,
        90,
        89,
        89.63513513513513,
        89.63513513513513,
        88,
        87,
        85.17567567567568,
        83,
        82.5,
        80,
        79,
        79.37837837837837,
        75.8108108108108,
        74,
        74,
        72.24324324324324,
        70,
        68.67567567567568,
        67,
        66,
        65.55405405405405,
        61.0945945945946,
        60,
        59,
        57.08108108108108,
        54,
        52.62162162162162,
        50,
        49,
        49.054054054054056,
        45.04054054054054,
        44,
        43,
        41.027027027027025,
        38,
        36.12162162162162,
        33,
        31,
        30.77027027027027,
        25.864864864864863,
        24,
        23,
        20.95945945945946,
        18,
        16.054054054054053,
        13,
        12,
        11.594594594594595,
        8.472972972972974,
        7,
        7,
        5.797297297297297,
        4,
        4.013513513513513,
        3,
        2,
        2.675675675675676,
        3.1216216216216215,
        2,
        2,
        1.337837837837838,
        1,
        0.8918918918918919,
        0,
        0,
        0.0,
        0.44594594594594594,
        0,
        0,
        0.0,
        0,
        0.44594594594594594,
        0,
        0,
        0.44594594594594594,
        1.7837837837837838,
        2,
        3,
        4.45945945945946,
        5,
        7.135135135135135,
        9,
        10,
        12.04054054054054,
        12.932432432432432,
        13,
        15,
        17.39189189189189,
        19,
        20.95945945945946,
        22,
        23,
        24.527027027027028,
        28.094594594594593,
        29,
        30,
        32.108108108108105,
        34,
        36.12162162162162,
        37,
        37,
        38.351351351351354,
        41.027027027027025,
        41,
        41,
        42.810810810810814,
        43,
        43.7027027027027,
        44,
        44,
        45.04054054054054,
        44.5945945945946,
        44,
        44,
        45.04054054054054,
        45,
        45.04054054054054,
        45,
        45,
        45.486486486486484,
        46.37837837837838,
        46,
        46,
        46.82432432432432,
        46,
        46.82432432432432,
        46,
        46,
        46.37837837837838,
        46.37837837837838,
        46,
        46,
        45.932432432432435,
        46,
        47.71621621621622,
        47,
        46.82432432432432,
        46.37837837837838,
        46,
        46.37837837837838,
        47.270270270270274,
        47,
        48.608108108108105,
        49.054054054054056,
        49,
        50.391891891891895,
        53.067567567567565,
        53,
        54.851351351351354,
        57.527027027027025,
        59,
        60.648648648648646,
        64.66216216216216,
        66,
        69.12162162162163,
        72.6891891891892,
        74,
        76.70270270270271,
        81.16216216216216,
        82,
        84.72972972972973,
        91.41891891891892,
        91,
        91.41891891891892,
        97.66216216216216,
        98,
        99.0,
        95.87837837837837
    ]
}