{
    "x": [
        3.3,
        2.475,
        2,
        3.3,
        3,
        3.3,
        3,
        4.125,
        4.125,
        4,
        4,
        5.775,
        4.95,
        5,
        5,
        5.775,
        5.775,
        39,
        72.6,
        39,
        6.6,
        6,
        5.775,
        5.775,
        5,
        5,
        5.775,
        5.775,
        5,
        5,
        5.775,
        4.95,
        4,
        4.95,
        4,
        4.95,
        4,
        3.3,
        3.3,
        3,
        3,
        3.3,
        2.475,
        2,
        1,
        1.65,
        1.65,
        0,
        0.0,
        0,
        0.0,
        37,
        74.25,
        1.65,
        1,
        2,
        3.3,
        6.6,
        8,
        9,
        10.725,
        16.5,
        18,
        21.45,
        23,
        26.4,
        29,
        33.0,
        39.6,
        40,
        42,
        46.2,
        52.8,
        56,
        57,
        59.4,
        66.0,
        68,
        70.95,
        73,
        75.9,
        77,
        80.025,
        84.15,
        84,
        85,
        86.625,
        86.625,
        87,
        88,
        89.1,
        84.15,
        82,
        80.85,
        78,
        75.9,
        71,
        67.65,
        60.225,
        57,
        55,
        51.15,
        43.725,
        39,
        37,
        35.475,
        28.05,
        24,
        21.45,
        18,
        16.5,
        14,
        12.375,
        8.25,
        6,
        5,
        2.475,
        4.95,
        26,
        36,
        47.85,
        5.775,
        40,
        75.075,
        41,
        7.425,
        8,
        9.075,
        11.55,
        12,
        13,
        15.675,
        20.625,
        23,
        24,
        26.4,
        31.35,
        34,
        37.95,
        41,
        44.55,
        47,
        51.15,
        56.925,
        57,
        59,
        62.7,
        68.475,
        70,
        70,
        71.775,
        75.9,
        77,
        78.375,
        80,
        81.675,
        83,
        85.8,
        87.45,
        87,
        88,
        89.1,
        90.75,
        91,
        92.4,
        93.225,
        93,
        93.225,
        94.05,
        94,
        94.05,
        99.0,
        96,
        94.875,
        95.7
    ],
    "y": [
        61.73275862068966,
        61.44827586206897,
        61,
        60.5948275862069,
        60,
        59.741379310344826,
        59,
        58.88793103448276,
        58.03448275862069,
        57,
        57,
        57.18103448275862,
        55.474137931034484,
        54,
        53,
        53.48275862068966,
        51.206896551724135,
        75,
        99.0,
        73,
        47.224137931034484,
        46,
        45.23275862068966,
        42.956896551724135,
        41,
        41,
        40.96551724137931,
        38.12068965517241,
        36,
        35,
        35.560344827586206,
        33.28448275862069,
        32,
        31.00862068965517,
        29,
        28.163793103448278,
        26,
        25.603448275862068,
        22.474137931034484,
        21,
        21,
        19.629310344827587,
        16.78448275862069,
        15,
        14,
        14.224137931034482,
        11.094827586206897,
        9,
        8.53448275862069,
        7,
        6.258620689655173,
        52,
        99.0,
        3.1293103448275863,
        2,
        2,
        2.560344827586207,
        1.9913793103448276,
        1,
        1,
        1.4224137931034482,
        1.1379310344827587,
        0,
        0.853448275862069,
        0,
        0.5689655172413793,
        0,
        0.0,
        0.28448275862068967,
        0,
        0,
        0.0,
        0.5689655172413793,
        0,
        0,
        0.853448275862069,
        1.706896551724138,
        2,
        3.1293103448275863,
        3,
        4.836206896551724,
        5,
        6.258620689655173,
        8.53448275862069,
        8,
        9,
        10.810344827586206,
        13.086206896551724,
        14,
        15,
        16.21551724137931,
        17.353448275862068,
        18,
        19.060344827586206,
        19,
        20.767241379310345,
        21,
        22.75862068965517,
        24.46551724137931,
        24,
        25,
        26.17241379310345,
        27.025862068965516,
        27,
        27,
        28.163793103448278,
        28.732758620689655,
        29,
        29.586206896551722,
        29,
        29.586206896551722,
        29,
        30.155172413793103,
        30.155172413793103,
        30,
        30,
        30.724137931034484,
        30.439655172413794,
        64,
        81,
        99.0,
        30.439655172413794,
        64,
        99.0,
        64,
        30.439655172413794,
        30,
        30.439655172413794,
        30.155172413793103,
        30,
        30,
        30.439655172413794,
        30.439655172413794,
        30,
        30,
        30.439655172413794,
        30.724137931034484,
        30,
        31.00862068965517,
        31,
        31.57758620689655,
        31,
        32.14655172413793,
        32.71551724137931,
        32,
        33,
        34.13793103448276,
        35.560344827586206,
        36,
        36,
        37.26724137931034,
        39.543103448275865,
        40,
        41.25,
        42,
        43.241379310344826,
        44,
        45.80172413793103,
        48.077586206896555,
        48,
        49,
        50.35344827586207,
        51.775862068965516,
        52,
        53.76724137931034,
        54.62068965517241,
        54,
        55.189655172413794,
        56.043103448275865,
        56,
        56.61206896551724,
        58.60344827586207,
        57,
        57.18103448275862,
        57.46551724137931
    ]
}