{
    "x": [
        0.0,
        0,
        0.0,
        0,
        0.75,
        0,
        0.75,
        1,
        1.5,
        0.75,
        0,
        0,
        0.75,
        1.5,
        1,
        1,
        1.5,
        3.0,
        2,
        1.5,
        1,
        2.25,
        1,
        1.5,
        1.5,
        1,
        1,
        1.5,
        6.75,
        4,
        3,
        3.0,
        3.0,
        2,
        2.25,
        2,
        2.25,
        1,
        0.75,
        1.5,
        1,
        1,
        1.5,
        0.75,
        1,
        2,
        3.0,
        0.0,
        1,
        3.75,
        4,
        5.25,
        6,
        7.5,
        10.5,
        11,
        12,
        14.25,
        18.0,
        22,
        24,
        27.0,
        35.25,
        39,
        42.75,
        46,
        51.0,
        55,
        59.25,
        66.75,
        68,
        70,
        74.25,
        79.5,
        81,
        82,
        84.0,
        88.5,
        89,
        90.75,
        91,
        91.5,
        91,
        90.75,
        91.5,
        90,
        90,
        89.25,
        85.5,
        82,
        80,
        79.5,
        74.25,
        70,
        66.75,
        63,
        60.0,
        56,
        52.5,
        45.0,
        43,
        42,
        39.0,
        30.75,
        27,
        25,
        24.75,
        17.25,
        14,
        11.25,
        9,
        6.75,
        3,
        0.0,
        3.0,
        3,
        3,
        3.0,
        4.5,
        6,
        7,
        8.25,
        12.0,
        14,
        16.5,
        19,
        22.5,
        24,
        27.0,
        33.0,
        33,
        33,
        34.5,
        45.0,
        47,
        48,
        50.25,
        55.5,
        58,
        60.75,
        63,
        65.25,
        67,
        69.75,
        72.75,
        73,
        74,
        75.75,
        78.75,
        80,
        80,
        81.75,
        85.5,
        87,
        88.5,
        92,
        96.75,
        97,
        98.25,
        95.25,
        95,
        95,
        96.0,
        97.5,
        97,
        97,
        97.5,
        99.0,
        99,
        99.0,
        99,
        99.0,
        99,
        99.0,
        99.0
    ],
    "y": [
        99.0,
        98,
        98.06161137440758,
        96,
        95.71563981042654,
        94,
        93.8388625592417,
        92,
        91.49289099526067,
        88.67772511848341,
        87,
        87,
        85.86255924170617,
        82.5781990521327,
        80,
        79,
        79.29383886255924,
        77.88625592417061,
        74,
        71.3175355450237,
        70,
        69.90995260663507,
        66,
        63.81042654028436,
        60.056872037914694,
        58,
        57,
        55.834123222748815,
        51.14218009478673,
        48,
        47,
        46.45023696682465,
        42.69668246445497,
        40,
        38.00473933649289,
        35,
        33.312796208530806,
        31,
        29.09004739336493,
        24.398104265402843,
        23,
        22,
        19.70616113744076,
        15.483412322274882,
        14,
        13,
        12.66824644549763,
        9.85308056872038,
        7,
        6.099526066350711,
        5,
        4.222748815165877,
        3,
        2.815165876777251,
        1.8767772511848342,
        1,
        1,
        0.9383886255924171,
        1.8767772511848342,
        0,
        0,
        0.0,
        0.46919431279620855,
        0,
        0.9383886255924171,
        1,
        1.8767772511848342,
        2,
        3.7535545023696684,
        5.161137440758294,
        5,
        6,
        7.507109004739337,
        8.914691943127963,
        10,
        10,
        11.729857819905213,
        14.545023696682465,
        16,
        17.829383886255926,
        19,
        20.175355450236967,
        22,
        25.33649289099526,
        26.744075829383885,
        27,
        28,
        29.55924170616114,
        31.90521327014218,
        33,
        33,
        34.25118483412322,
        36.59715639810427,
        37,
        38.943127962085306,
        39,
        40.81990521327014,
        41,
        42.22748815165877,
        43.165876777251185,
        43,
        43,
        44.1042654028436,
        45.04265402843602,
        45,
        45,
        45.51184834123223,
        46.45023696682465,
        46,
        45.981042654028435,
        46,
        46.45023696682465,
        47,
        47.85781990521327,
        46.91943127962085,
        46,
        46,
        46.45023696682465,
        45.981042654028435,
        46,
        46,
        46.45023696682465,
        47.388625592417064,
        47,
        47.388625592417064,
        47,
        47.85781990521327,
        48,
        48.32701421800948,
        48.796208530805686,
        48,
        49,
        50.203791469194314,
        50.203791469194314,
        50,
        50,
        51.611374407582936,
        52.08056872037915,
        52,
        53.48815165876777,
        54,
        55.36492890995261,
        56,
        57.241706161137444,
        59.11848341232228,
        59,
        60,
        62.40284360189573,
        65.68720379146919,
        67,
        67,
        68.50236966824644,
        71.7867298578199,
        73,
        74.60189573459715,
        75,
        76.9478672985782,
        79,
        83.04739336492891,
        83.98578199052133,
        84,
        85,
        86.33175355450237,
        88.67772511848341,
        89,
        89,
        90.55450236966824,
        92.9004739336493,
        93,
        94.77725118483413,
        95,
        96.18483412322274,
        96,
        96.65402843601896,
        96.18483412322274
    ]
}