{
    "x": [
        0.0,
        0.6,
        0,
        0.6,
        0.6,
        0,
        0.6,
        1.2,
        1,
        2.4,
        4.8,
        7,
        10.2,
        7.8,
        8,
        9.6,
        10.8,
        11,
        12.6,
        14.4,
        15,
        16.2,
        18.6,
        19,
        21.0,
        22.8,
        24,
        25.2,
        27.0,
        28,
        29.4,
        31.2,
        32,
        33.0,
        34.8,
        35,
        36.6,
        38.4,
        39,
        41.4,
        43.8,
        45,
        46.2,
        49.2,
        50,
        52.2,
        54.6,
        55,
        57.0,
        60.6,
        62,
        63.6,
        66.6,
        68,
        69.6,
        72.0,
        73,
        74.4,
        76.2,
        77,
        79.2,
        82.2,
        83,
        85.2,
        87.6,
        88,
        89.4,
        91.8,
        93,
        94.2,
        95.4,
        96,
        96.6,
        98.4,
        98,
        99.0,
        99.0,
        98,
        98.4,
        97.8,
        96,
        96.0,
        94.2,
        92,
        90.0,
        85.8,
        83,
        81.0,
        76.2,
        73,
        70.8,
        65.4,
        62,
        59.4,
        53.4,
        50,
        47.4,
        42.0,
        39,
        36.6,
        31.8,
        30,
        29.4,
        27.0,
        26,
        25.8,
        24.0,
        24,
        24.6,
        25.2,
        26,
        27.6,
        30.6,
        32,
        34.2,
        38.4,
        40,
        42.0,
        46.8,
        49,
        51.6,
        55.8,
        58,
        60.6,
        64.2,
        65,
        67.2,
        69.6,
        70,
        71.4,
        72.0,
        71,
        71.4,
        70.2,
        69,
        68.4,
        66.0,
        65,
        64.8,
        62.4,
        59,
        56.4,
        55.2,
        53,
        52.2,
        48.6,
        47,
        46.2,
        43.8,
        43,
        42.6,
        42.6,
        43,
        43.8,
        45.0,
        46,
        47.4,
        49.8,
        50,
        51.6,
        54.6,
        56,
        57.6,
        60.6,
        62,
        63.6,
        66.6,
        68,
        70.8,
        73.8,
        76.2,
        78.6,
        80.4,
        82.2,
        82.8
    ],
    "y": [
        99.0,
        98.60240963855422,
        98,
        97.80722891566265,
        97.01204819277109,
        96,
        95.81927710843374,
        93.83132530120481,
        92,
        91.04819277108433,
        88.26506024096386,
        86,
        83.89156626506023,
        80.3132530120482,
        78,
        76.33734939759036,
        72.36144578313252,
        70,
        68.3855421686747,
        64.40963855421687,
        62,
        60.433734939759034,
        56.855421686746986,
        54,
        52.87951807228916,
        48.903614457831324,
        47,
        45.325301204819276,
        41.34939759036145,
        39,
        37.7710843373494,
        34.19277108433735,
        32,
        31.012048192771083,
        27.83132530120482,
        26,
        25.843373493975903,
        24.253012048192772,
        23,
        23.06024096385542,
        22.662650602409638,
        23,
        23.457831325301203,
        24.253012048192772,
        25,
        25.843373493975903,
        27.83132530120482,
        29,
        30.6144578313253,
        33.397590361445786,
        34,
        36.18072289156626,
        39.36144578313253,
        40,
        42.54216867469879,
        46.51807228915663,
        48,
        50.096385542168676,
        53.674698795180724,
        55,
        56.855421686746986,
        60.433734939759034,
        62,
        64.01204819277109,
        67.19277108433735,
        68,
        70.7710843373494,
        74.34939759036145,
        76,
        77.92771084337349,
        81.10843373493977,
        82,
        83.89156626506023,
        86.27710843373494,
        87,
        89.06024096385542,
        91.04819277108433,
        92,
        93.03614457831326,
        93.83132530120481,
        94,
        94.2289156626506,
        93.43373493975903,
        93,
        92.63855421686748,
        91.04819277108433,
        90,
        89.4578313253012,
        87.46987951807229,
        86,
        85.48192771084338,
        82.3012048192771,
        81,
        79.91566265060241,
        77.13253012048193,
        75,
        74.34939759036145,
        71.56626506024097,
        70,
        68.78313253012048,
        66.79518072289157,
        65,
        64.80722891566265,
        62.42168674698795,
        61,
        60.433734939759034,
        58.8433734939759,
        58,
        57.65060240963855,
        56.06024096385542,
        55,
        55.265060240963855,
        54.46987951807229,
        54,
        54.0722891566265,
        53.674698795180724,
        53,
        53.674698795180724,
        53.27710843373494,
        53,
        52.87951807228916,
        52.48192771084337,
        52,
        52.08433734939759,
        52.08433734939759,
        51,
        51.68674698795181,
        51.68674698795181,
        51,
        51.28915662650602,
        50.493975903614455,
        50,
        49.69879518072289,
        48.506024096385545,
        47,
        46.91566265060241,
        44.9277108433735,
        43,
        42.54216867469879,
        39.75903614457831,
        37,
        35.3855421686747,
        33.795180722891565,
        32,
        30.6144578313253,
        28.228915662650603,
        26,
        25.44578313253012,
        23.06024096385542,
        22,
        21.46987951807229,
        19.879518072289155,
        19,
        18.289156626506024,
        17.096385542168676,
        16,
        15.506024096385541,
        13.91566265060241,
        13,
        12.325301204819278,
        10.734939759036145,
        9,
        9.144578313253012,
        7.554216867469879,
        6,
        6.36144578313253,
        4.771084337349397,
        4,
        3.5783132530120483,
        2.3855421686746987,
        1.5903614457831325,
        1.1927710843373494,
        0.7951807228915663,
        0.7951807228915663,
        0.0
    ]
}