{
    "x": [
        1.98,
        1.32,
        0,
        0,
        0.66,
        0,
        0,
        1.32,
        0,
        0,
        0.66,
        0.0,
        0,
        0,
        0,
        0.66,
        0,
        0.0,
        0,
        0,
        0,
        0.0,
        0.66,
        0,
        0,
        0.66,
        0,
        0,
        1.32,
        1,
        1,
        1.98,
        2.64,
        2,
        2,
        3,
        4.62,
        5,
        5.94,
        7,
        7,
        7,
        8.58,
        12.54,
        14,
        16,
        20.46,
        20,
        20,
        20.46,
        22,
        23,
        25.08,
        30.36,
        31,
        32,
        33,
        35.64,
        38,
        40.92,
        44,
        45,
        46,
        47.52,
        52.8,
        54,
        56,
        59.4,
        62,
        63,
        64.68,
        67,
        68,
        69.96,
        75.24,
        76,
        76,
        77,
        79.2,
        79,
        79.2,
        82,
        83,
        84,
        85.8,
        89.1,
        89,
        90,
        91.08,
        91,
        91,
        92.4,
        92,
        92,
        93.06,
        95.04,
        94,
        94,
        94,
        94.38,
        94,
        95.04,
        94,
        94,
        94,
        94.38,
        94.38,
        94,
        94,
        93.72,
        93,
        93,
        93.06,
        93,
        93,
        93.06,
        93.06,
        93,
        93,
        93,
        93.06,
        92,
        92.4,
        92,
        92,
        92,
        93.06,
        93.06,
        93,
        93,
        93.06,
        93,
        93,
        93.06,
        93,
        93,
        93.06,
        92.4,
        92,
        92,
        92,
        92.4,
        92,
        91.74,
        91,
        91,
        91,
        91.74,
        93.06,
        93,
        93,
        93.72,
        94,
        94,
        94.38,
        95,
        95,
        95.7,
        96.36,
        96,
        96,
        96,
        97.02,
        97,
        97.02,
        97,
        97,
        97,
        98.34,
        99.0,
        99,
        99,
        99.0,
        99,
        99.0
    ],
    "y": [
        0.0,
        2.4146341463414633,
        2,
        3,
        5.31219512195122,
        5,
        5,
        6.278048780487805,
        6,
        6,
        6.278048780487805,
        7.726829268292683,
        8,
        8,
        9,
        12.073170731707316,
        14,
        17.86829268292683,
        20,
        21,
        21,
        22.214634146341464,
        26.078048780487805,
        27,
        28,
        30.42439024390244,
        33,
        34,
        36.21951219512195,
        39,
        40,
        42.98048780487805,
        49.25853658536585,
        50,
        50,
        51,
        54.57073170731707,
        56,
        59.4,
        61,
        62,
        63,
        64.22926829268293,
        69.54146341463415,
        71,
        73,
        77.26829268292683,
        77,
        77,
        78.71707317073171,
        79,
        80,
        81.13170731707316,
        82.09756097560975,
        82,
        82,
        82,
        83.06341463414634,
        83,
        84.02926829268293,
        84,
        84,
        84,
        84.02926829268293,
        83.06341463414634,
        82,
        82,
        81.13170731707316,
        79,
        78,
        78.71707317073171,
        77,
        76,
        75.81951219512194,
        72.9219512195122,
        71,
        70,
        70,
        69.05853658536586,
        67,
        66.1609756097561,
        63,
        61,
        60,
        60.84878048780488,
        56.01951219512195,
        54,
        53,
        50.707317073170735,
        48,
        46,
        45.8780487804878,
        43,
        41,
        40.56585365853658,
        35.25365853658536,
        33,
        32,
        32,
        30.42439024390244,
        27,
        25.11219512195122,
        22,
        21,
        20,
        20.765853658536585,
        16.41951219512195,
        15,
        14,
        12.073170731707316,
        10,
        9,
        9.175609756097561,
        8,
        7,
        7.726829268292683,
        7.2439024390243905,
        7,
        7,
        7,
        7.726829268292683,
        8,
        9.658536585365853,
        10,
        11,
        11,
        12.073170731707316,
        15.453658536585365,
        16,
        17,
        18.834146341463416,
        20,
        21,
        22.697560975609758,
        24,
        25,
        27.04390243902439,
        31.87317073170732,
        32,
        33,
        34,
        37.18536585365854,
        39,
        42.49756097560976,
        44,
        45,
        46,
        47.326829268292684,
        52.15609756097561,
        53,
        54,
        56.985365853658536,
        60,
        61,
        63.26341463414634,
        66,
        67,
        69.54146341463415,
        75.33658536585367,
        76,
        76,
        77,
        80.64878048780488,
        83,
        85.47804878048781,
        87,
        88,
        88,
        89.82439024390244,
        93.68780487804878,
        94,
        95,
        97.06829268292682,
        98,
        99.0
    ]
}