{
    "x": [
        0.792,
        0.0,
        0,
        0,
        0.792,
        0,
        0.792,
        1,
        1,
        1.584,
        2.376,
        2,
        2,
        3.168,
        3,
        4.752,
        5,
        5,
        6.336,
        8.712,
        9,
        10,
        11.88,
        13,
        15.84,
        17,
        18,
        19.8,
        24.552,
        25,
        26,
        28.512,
        30,
        33.264,
        35,
        36,
        38.016,
        42.768,
        43,
        45,
        47.52,
        49,
        52.272,
        51,
        51,
        51.48,
        60.984,
        61,
        62,
        64.944,
        66,
        68.904,
        71,
        72,
        73.656,
        78.408,
        79,
        80,
        82.368,
        84,
        86.328,
        87,
        88,
        89.496,
        92.664,
        92,
        93,
        95.04,
        95,
        96.624,
        97,
        97,
        98.208,
        98.208,
        98,
        98,
        99.0,
        98,
        98.208,
        97,
        97,
        97.416,
        96.624,
        96,
        96,
        95.832,
        95,
        94.248,
        91,
        89,
        87.912,
        91.872,
        90,
        90,
        89.496,
        88,
        87.12,
        85,
        84,
        83.952,
        79.2,
        77,
        76,
        74.448,
        71,
        68.904,
        66,
        65,
        64.152,
        59.4,
        58,
        57,
        55.44,
        53,
        52.272,
        50,
        49,
        49.104,
        46.728,
        45,
        45,
        45.144,
        44,
        44.352,
        44,
        44,
        44.352,
        43.56,
        43,
        43,
        43.56,
        43,
        43.56,
        43,
        43,
        43.56,
        43.56,
        43,
        43,
        44.352,
        44,
        45.144,
        45,
        45,
        45.144,
        46.728,
        46,
        47,
        47.52,
        47,
        48.312,
        48,
        49.104,
        48.312,
        48,
        49.104,
        49.896,
        49,
        49.896,
        51.48,
        51,
        50.688,
        50.688,
        51,
        51.48,
        52.272,
        52,
        53.064,
        53.064,
        53,
        53.856,
        53.856,
        53,
        53.856,
        54.648
    ],
    "y": [
        0.0,
        0.9473684210526315,
        0,
        1,
        2.3684210526315788,
        3,
        4.2631578947368425,
        4,
        4,
        4.7368421052631575,
        6.631578947368421,
        7,
        8,
        9.473684210526315,
        11,
        13.263157894736842,
        14,
        15,
        16.57894736842105,
        18.94736842105263,
        19,
        20,
        21.31578947368421,
        22,
        24.157894736842106,
        25,
        26,
        27.0,
        30.31578947368421,
        30,
        31,
        32.21052631578947,
        33,
        34.578947368421055,
        35,
        35,
        36.473684210526315,
        38.36842105263158,
        38,
        39,
        39.78947368421053,
        40,
        41.21052631578947,
        42,
        42,
        43.10526315789474,
        41.68421052631579,
        41,
        41,
        41.68421052631579,
        41,
        41.21052631578947,
        40,
        39,
        39.31578947368421,
        37.421052631578945,
        36,
        36,
        35.526315789473685,
        34,
        33.63157894736842,
        32,
        31,
        31.263157894736842,
        29.36842105263158,
        28,
        27,
        26.526315789473685,
        25,
        23.68421052631579,
        22,
        21,
        21.31578947368421,
        18.473684210526315,
        17,
        17,
        15.631578947368421,
        14,
        12.789473684210526,
        11,
        10,
        9.947368421052632,
        7.105263157894737,
        6,
        6,
        5.2105263157894735,
        4,
        3.789473684210526,
        3,
        3,
        3.789473684210526,
        1.894736842105263,
        1,
        1,
        1.894736842105263,
        1,
        1.4210526315789473,
        1,
        0,
        0.9473684210526315,
        0.47368421052631576,
        0,
        0,
        0.0,
        0,
        0.47368421052631576,
        0,
        0,
        0.47368421052631576,
        0.9473684210526315,
        0,
        1,
        1.4210526315789473,
        2,
        2.8421052631578947,
        3,
        3,
        4.7368421052631575,
        7.105263157894737,
        7,
        8,
        9.947368421052632,
        11,
        12.789473684210526,
        14,
        15,
        16.105263157894736,
        18.94736842105263,
        19,
        20,
        22.736842105263158,
        24,
        26.526315789473685,
        28,
        29,
        31.263157894736842,
        35.526315789473685,
        36,
        37,
        39.78947368421053,
        41,
        43.578947368421055,
        45,
        46,
        47.8421052631579,
        52.10526315789474,
        53,
        54,
        56.36842105263158,
        58,
        61.10526315789474,
        63,
        64.89473684210526,
        68.6842105263158,
        70,
        72.47368421052632,
        75.78947368421052,
        77,
        79.10526315789474,
        81.94736842105263,
        83,
        84.78947368421052,
        87.63157894736842,
        89,
        90.47368421052632,
        92.84210526315789,
        93,
        94.73684210526316,
        96.15789473684211,
        96,
        97.57894736842105,
        98.52631578947368,
        98,
        99.0,
        98.52631578947368
    ]
}