{
    "x": [
        0.75,
        0.0,
        0,
        0,
        0.75,
        1.5,
        1,
        1,
        2.25,
        3.75,
        4,
        4,
        4.5,
        6.75,
        7,
        8,
        9.0,
        11.25,
        13,
        14,
        15.75,
        19.5,
        21,
        22,
        23.25,
        27.75,
        30,
        31,
        32.25,
        36.75,
        39,
        40,
        41.25,
        46.5,
        49,
        50,
        51.75,
        57.75,
        60,
        61,
        63.0,
        68.25,
        70,
        71,
        72.75,
        77.25,
        78,
        79,
        80.25,
        83.25,
        84,
        85,
        86.25,
        88.5,
        90,
        90,
        91.5,
        93.75,
        94,
        95,
        96.0,
        97.5,
        97,
        97,
        97.5,
        98.25,
        98,
        98,
        99.0,
        99.0,
        98,
        98,
        98.25,
        98.25,
        97,
        96,
        96.75,
        96.0,
        94,
        93,
        93.0,
        86.25,
        80,
        77,
        74.25,
        62.25,
        58,
        56,
        54.0,
        48.75,
        47,
        46,
        45.75,
        43.5,
        42,
        42,
        42.0,
        42.0,
        42,
        42,
        42.0,
        42.75,
        43,
        43,
        43.5,
        44.25,
        44,
        44,
        44.25,
        44.25,
        44,
        44,
        44.25,
        45.75,
        46,
        46,
        46.5,
        46.5,
        46,
        46,
        47.25,
        47.25,
        47,
        47,
        48.0,
        48.75,
        48,
        48,
        48.75,
        49.5,
        49,
        48,
        48.75,
        48.75,
        49,
        49,
        49.5,
        49.5,
        49,
        49,
        49.5,
        49.5,
        49,
        49,
        50.25,
        50.25,
        50,
        50,
        51.0,
        51.75,
        52,
        52,
        53.25,
        54.0,
        54,
        54,
        54.0,
        54.0,
        54,
        54.75,
        54.75,
        54,
        54.75,
        54.75,
        54,
        54.75,
        54.75,
        55,
        56.25,
        57.0,
        56,
        56.25,
        51.0,
        54,
        57.75
    ],
    "y": [
        9.469565217391304,
        10.330434782608696,
        10,
        10,
        11.191304347826087,
        11.621739130434783,
        11,
        11,
        12.052173913043479,
        13.773913043478261,
        15,
        15,
        16.356521739130436,
        18.508695652173913,
        19,
        19,
        20.230434782608697,
        21.952173913043477,
        23,
        23,
        24.104347826086958,
        26.256521739130434,
        27,
        27,
        28.408695652173915,
        30.130434782608695,
        30,
        30,
        31.85217391304348,
        33.143478260869564,
        33,
        33,
        34.43478260869565,
        36.15652173913043,
        36,
        36,
        37.447826086956525,
        37.87826086956522,
        38,
        38,
        38.73913043478261,
        38.30869565217391,
        38,
        37,
        37.87826086956522,
        37.017391304347825,
        36,
        36,
        36.15652173913043,
        34.86521739130435,
        34,
        33,
        33.143478260869564,
        30.991304347826087,
        30,
        29,
        29.269565217391303,
        26.256521739130434,
        24,
        23,
        23.243478260869566,
        20.660869565217393,
        19,
        18,
        17.64782608695652,
        15.065217391304348,
        13,
        12,
        12.91304347826087,
        11.191304347826087,
        10,
        10,
        10.330434782608696,
        9.469565217391304,
        8,
        8,
        8.178260869565218,
        6.886956521739131,
        6,
        5,
        5.165217391304348,
        2.152173913043478,
        1,
        0,
        0.43043478260869567,
        0.0,
        0,
        0,
        0.0,
        0.8608695652173913,
        1,
        1,
        2.152173913043478,
        3.873913043478261,
        4,
        5,
        6.026086956521739,
        8.178260869565218,
        9,
        10,
        11.191304347826087,
        14.204347826086957,
        15,
        15,
        16.786956521739132,
        19.369565217391305,
        20,
        21,
        22.382608695652173,
        25.82608695652174,
        27,
        27,
        28.839130434782607,
        31.421739130434784,
        32,
        32,
        33.573913043478264,
        35.29565217391304,
        36,
        36,
        37.447826086956525,
        38.73913043478261,
        39,
        39,
        39.6,
        40.46086956521739,
        40,
        40,
        40.891304347826086,
        42.18260869565217,
        42,
        42,
        43.47391304347826,
        44.76521739130435,
        45,
        45,
        45.62608695652174,
        46.917391304347824,
        47,
        47,
        48.63913043478261,
        51.221739130434784,
        52,
        52,
        53.37391304347826,
        55.095652173913045,
        56,
        56,
        57.678260869565214,
        59.8304347826087,
        61,
        61,
        62.41304347826087,
        64.99565217391304,
        66,
        66,
        67.14782608695653,
        70.1608695652174,
        71,
        73.60434782608695,
        77.04782608695652,
        78,
        80.49130434782609,
        83.50434782608696,
        85,
        86.94782608695652,
        89.9608695652174,
        91,
        92.54347826086956,
        94.26521739130435,
        95,
        95.98695652173913,
        99.0,
        99,
        99.0
    ]
}