{
    "x": [
        2.64,
        1.32,
        1,
        1.32,
        1.32,
        1,
        1.32,
        1.32,
        1,
        1,
        1.32,
        0.66,
        0,
        0.0,
        0.0,
        0,
        0.0,
        0.0,
        0,
        0,
        0.0,
        0.0,
        0,
        0.66,
        0.66,
        1,
        1.98,
        2.64,
        3,
        3,
        4.62,
        5.94,
        6,
        7.92,
        10.56,
        12,
        14.52,
        18.48,
        20,
        21,
        23.1,
        28.38,
        30,
        33.0,
        38.28,
        41,
        44.22,
        49.5,
        51,
        52,
        54.12,
        60.06,
        62,
        64.68,
        68.64,
        70,
        73.26,
        77.22,
        79,
        80,
        81.18,
        84.48,
        85,
        86.46,
        89.1,
        90,
        91.08,
        92.4,
        93,
        93,
        94.38,
        94.38,
        94,
        95.04,
        95.04,
        95,
        95.04,
        95.04,
        95,
        95,
        95.04,
        99.0,
        96,
        93.72,
        94.38,
        94,
        93.72,
        93.72,
        93,
        93,
        93.72,
        93.72,
        94,
        94.38,
        93.72,
        93,
        93.72,
        93.72,
        93,
        93,
        93.72,
        93.72,
        94,
        94.38,
        93.72,
        94,
        94.38,
        95.04,
        95,
        95,
        95.04,
        96.36,
        96,
        96.36,
        97.02,
        97,
        97.02,
        97.68,
        98,
        98,
        98.34,
        98.34,
        98,
        99.0,
        99.0,
        99,
        99.0,
        98.34,
        98,
        98,
        98.34,
        97.02,
        96,
        95.04,
        93.06,
        90,
        88.44,
        82.5,
        79,
        77,
        75.9,
        68.64,
        65,
        61.38,
        55.44,
        53,
        50.82,
        47.52,
        46,
        46,
        46.2,
        46.2,
        46,
        46.2,
        48.18,
        49,
        50.82,
        54.12,
        56,
        57,
        58.08,
        61.38,
        63,
        65.34,
        68.64,
        70,
        72.6,
        77.22,
        78,
        78,
        79.86,
        83.16,
        83,
        84.48,
        87.12
    ],
    "y": [
        23.294117647058822,
        23.294117647058822,
        23,
        23.779411764705884,
        25.235294117647058,
        26,
        27.176470588235293,
        29.11764705882353,
        30,
        30,
        31.058823529411764,
        33.0,
        34,
        36.39705882352941,
        40.279411764705884,
        41,
        43.6764705882353,
        47.0735294117647,
        49,
        49,
        50.955882352941174,
        55.3235294117647,
        57,
        60.1764705882353,
        65.02941176470588,
        66,
        68.42647058823529,
        72.30882352941177,
        74,
        74,
        75.70588235294117,
        79.58823529411765,
        81,
        83.47058823529412,
        86.86764705882354,
        88,
        89.29411764705883,
        90.75,
        91,
        91,
        92.69117647058823,
        94.63235294117646,
        94,
        95.11764705882354,
        95.6029411764706,
        95,
        95.6029411764706,
        95.11764705882354,
        94,
        93,
        93.66176470588235,
        92.69117647058823,
        91,
        91.23529411764706,
        89.29411764705883,
        88,
        86.86764705882354,
        84.44117647058823,
        83,
        82,
        82.01470588235294,
        79.1029411764706,
        77,
        75.22058823529412,
        71.82352941176471,
        69,
        67.94117647058823,
        64.05882352941177,
        62,
        61,
        60.1764705882353,
        56.294117647058826,
        54,
        52.411764705882355,
        48.044117647058826,
        46,
        44.64705882352941,
        40.76470588235294,
        39,
        38,
        37.36764705882353,
        34.94117647058823,
        33,
        31.544117647058822,
        30.08823529411765,
        29,
        29.602941176470587,
        30.573529411764707,
        31,
        31,
        31.544117647058822,
        33.48529411764706,
        34,
        36.39705882352941,
        39.30882352941177,
        41,
        42.705882352941174,
        45.61764705882353,
        47,
        48,
        49.01470588235294,
        52.89705882352941,
        54,
        56.294117647058826,
        60.661764705882355,
        62,
        63.5735294117647,
        66.97058823529412,
        68,
        69,
        70.36764705882354,
        73.76470588235294,
        75,
        77.16176470588235,
        80.55882352941177,
        82,
        83.95588235294117,
        87.3529411764706,
        88,
        89,
        90.26470588235294,
        93.17647058823529,
        94,
        96.08823529411765,
        98.02941176470588,
        98,
        99.0,
        99.0,
        98,
        98,
        98.51470588235294,
        97.05882352941177,
        95,
        94.1470588235294,
        90.26470588235294,
        87,
        84.92647058823529,
        77.6470588235294,
        72,
        69,
        67.94117647058823,
        57.75,
        52,
        47.55882352941177,
        37.36764705882353,
        33,
        29.602941176470587,
        24.75,
        22,
        21,
        20.86764705882353,
        18.926470588235293,
        18,
        18.441176470588236,
        17.470588235294116,
        16,
        16.014705882352942,
        14.558823529411764,
        13,
        12,
        12.617647058823529,
        10.191176470588236,
        9,
        8.25,
        6.794117647058823,
        5,
        4.367647058823529,
        2.911764705882353,
        1,
        0,
        0.9705882352941176,
        0.0,
        1,
        2.426470588235294,
        1.9411764705882353
    ]
}