{
    "x": [
        6.0,
        6.0,
        6,
        6.0,
        5.25,
        7,
        9.0,
        4.5,
        4,
        5.25,
        4.5,
        4,
        4.5,
        3.0,
        2,
        1.5,
        0.75,
        0,
        0,
        0.0,
        1.5,
        1,
        0.75,
        0.75,
        1,
        1.5,
        3.75,
        4,
        6.0,
        8.25,
        9,
        11.25,
        15.75,
        17,
        18.75,
        23.25,
        26,
        27,
        29.25,
        35.25,
        37,
        40.5,
        47.25,
        49,
        52.5,
        57.75,
        60,
        62.25,
        66.75,
        68,
        70.5,
        74.25,
        75,
        77.25,
        81.0,
        82,
        83,
        84.75,
        87.0,
        87,
        88.5,
        90.0,
        90,
        90.75,
        91.5,
        92,
        93.0,
        92.25,
        92,
        93.0,
        92.25,
        91,
        91.5,
        91.5,
        91,
        91,
        91.5,
        92.25,
        92,
        93.0,
        93.75,
        93,
        93.75,
        93.0,
        93,
        93.0,
        92.25,
        92,
        93.0,
        93.0,
        93,
        93.0,
        94.5,
        94,
        94,
        95.25,
        97.5,
        97,
        96.75,
        98.25,
        98,
        99.0,
        99.0,
        98,
        98.25,
        98.25,
        96,
        93.75,
        97.5,
        96,
        95.25,
        93.0,
        91,
        90,
        90.75,
        87.0,
        85,
        83.25,
        79.5,
        78,
        76.5,
        71.25,
        69,
        67.5,
        63.0,
        60,
        58.5,
        54.0,
        52,
        51.0,
        48.0,
        46,
        45,
        45.75,
        44.25,
        43,
        42.75,
        42.0,
        44,
        46.5,
        42.75,
        42,
        42.0,
        42.0,
        42,
        42.75,
        43.5,
        43,
        44.25,
        45.75,
        46,
        47,
        48.0,
        51.0,
        51,
        52.5,
        55.5,
        56,
        57.75,
        60.0,
        60,
        61.5,
        63.75,
        64,
        66.0,
        69.0,
        72,
        76.5,
        72.75,
        73,
        73,
        74.25,
        79.5,
        79,
        79.5
    ],
    "y": [
        34.26923076923077,
        34.74519230769231,
        35,
        36.17307692307692,
        37.125,
        36,
        36.17307692307692,
        40.45673076923077,
        41,
        42.36057692307692,
        44.74038461538461,
        45,
        47.12019230769231,
        49.5,
        51,
        52.83173076923077,
        56.16346153846154,
        57,
        58,
        59.49519230769231,
        62.82692307692308,
        64,
        67.11057692307692,
        70.4423076923077,
        72,
        73.77403846153847,
        77.58173076923077,
        79,
        80.91346153846153,
        83.29326923076923,
        84,
        86.14903846153847,
        88.05288461538461,
        89,
        90.4326923076923,
        91.38461538461539,
        91,
        91,
        92.33653846153847,
        92.8125,
        92,
        91.86057692307692,
        91.38461538461539,
        90,
        90.4326923076923,
        89.48076923076923,
        88,
        88.05288461538461,
        86.14903846153847,
        85,
        84.2451923076923,
        81.86538461538461,
        80,
        79.48557692307692,
        76.6298076923077,
        74,
        73,
        73.29807692307692,
        69.96634615384616,
        67,
        65.6826923076923,
        61.39903846153846,
        59,
        57.11538461538461,
        52.35576923076923,
        50,
        48.07211538461539,
        43.78846153846154,
        41,
        39.98076923076923,
        36.64903846153846,
        35,
        34.26923076923077,
        32.84134615384615,
        32,
        32,
        32.84134615384615,
        34.26923076923077,
        35,
        37.125,
        40.45673076923077,
        42,
        44.74038461538461,
        49.02403846153846,
        51,
        53.30769230769231,
        58.06730769230769,
        60,
        62.35096153846154,
        66.15865384615384,
        68,
        69.96634615384616,
        74.25,
        76,
        77,
        78.53365384615384,
        87.10096153846153,
        86,
        86.625,
        89.95673076923077,
        91,
        92.33653846153847,
        94.71634615384616,
        95,
        96.6201923076923,
        97.57211538461539,
        98,
        99.0,
        96.14423076923077,
        94,
        93.76442307692308,
        90.4326923076923,
        88,
        87,
        87.10096153846153,
        82.8173076923077,
        80,
        78.0576923076923,
        73.29807692307692,
        70,
        68.0625,
        62.35096153846154,
        59,
        57.59134615384615,
        52.83173076923077,
        50,
        49.02403846153846,
        44.74038461538461,
        43,
        41.40865384615385,
        37.60096153846154,
        36,
        35,
        34.74519230769231,
        31.889423076923077,
        30,
        29.985576923076923,
        29.033653846153847,
        27,
        25.701923076923077,
        27.129807692307693,
        26,
        26.653846153846153,
        26.177884615384617,
        25,
        25.22596153846154,
        24.75,
        24,
        23.322115384615383,
        21.89423076923077,
        21,
        20,
        20.466346153846153,
        19.03846153846154,
        18,
        17.134615384615383,
        15.23076923076923,
        14,
        13.802884615384615,
        11.899038461538462,
        11,
        10.471153846153847,
        9.51923076923077,
        8,
        8.091346153846153,
        7.139423076923077,
        5,
        4.283653846153846,
        4.759615384615385,
        4,
        4,
        4.283653846153846,
        0.0,
        0,
        0.47596153846153844
    ]
}