{
    "x": [
        6.6,
        6.6,
        6,
        6.6,
        6.6,
        5,
        4,
        1.65,
        6.6,
        7,
        8.25,
        8,
        8.25,
        8,
        8.25,
        8.25,
        8,
        8,
        8.25,
        9.075,
        8,
        8.25,
        8.25,
        8,
        8,
        8.25,
        8.25,
        7,
        7.425,
        7,
        7.425,
        7,
        7.425,
        6.6,
        6,
        5,
        5.775,
        0.0,
        2,
        4.95,
        4.95,
        4,
        4,
        4.125,
        4.125,
        4,
        4.125,
        4,
        4.125,
        4,
        4.125,
        4.125,
        3,
        3,
        3.3,
        3.3,
        3,
        4.125,
        3.3,
        3,
        4,
        4.95,
        4.125,
        4,
        4.95,
        4,
        4.125,
        4,
        4.95,
        5.775,
        6,
        6,
        6.6,
        6.6,
        6,
        6.6,
        0.0,
        1,
        2,
        4.95,
        4.125,
        3,
        3.3,
        2,
        1.65,
        1,
        1.65,
        0.825,
        0,
        0,
        0.0,
        3.3,
        4,
        4.95,
        8.25,
        9,
        10,
        13.2,
        18.15,
        20,
        23.1,
        28,
        33.825,
        36,
        38.775,
        40.425,
        43,
        44,
        46.2,
        51.975,
        54,
        57.75,
        63.525,
        64,
        66,
        70.125,
        74.25,
        77,
        80.025,
        82,
        84.15,
        86,
        89.1,
        89.1,
        92,
        93,
        95.7,
        97.35,
        96,
        95.7,
        99.0,
        99,
        99,
        99.0,
        98.175,
        95,
        92.4,
        90,
        89.1,
        89,
        90.75,
        86.625,
        84,
        83,
        83.325,
        79.2,
        76,
        74.25,
        69.3,
        67,
        66,
        64.35,
        59.4,
        56,
        54.45,
        51,
        49.5,
        47,
        45.375,
        39.6,
        37,
        36,
        35.475,
        30.525,
        27,
        24.75,
        19.8,
        18,
        17,
        14.85,
        10.725,
        9,
        8.25,
        7,
        6.6
    ],
    "y": [
        99.0,
        98.51941747572816,
        98,
        98.03883495145631,
        97.55825242718447,
        97,
        97,
        98.03883495145631,
        95.63592233009709,
        94,
        93.23300970873787,
        92,
        90.83009708737865,
        89,
        88.90776699029126,
        86.98543689320388,
        85,
        84,
        84.10194174757281,
        81.69902912621359,
        80,
        78.33495145631068,
        75.45145631067962,
        74,
        74,
        73.52912621359224,
        71.12621359223301,
        69,
        68.24271844660194,
        67,
        65.83980582524272,
        64,
        62.95631067961165,
        61.03398058252427,
        59,
        58,
        58.63106796116505,
        57.66990291262136,
        56,
        55.26699029126213,
        52.383495145631066,
        51,
        51,
        50.94174757281554,
        48.53883495145631,
        47,
        46.616504854368934,
        45,
        44.213592233009706,
        43,
        42.29126213592233,
        39.88834951456311,
        39,
        38,
        38.44660194174757,
        36.52427184466019,
        35,
        34.12135922330097,
        31.718446601941746,
        30,
        30,
        29.796116504854368,
        27.87378640776699,
        26,
        25.95145631067961,
        24,
        23.54854368932039,
        22,
        21.145631067961165,
        19.223300970873787,
        18,
        17,
        16.820388349514563,
        14.898058252427184,
        13,
        12.495145631067961,
        9.611650485436893,
        9,
        9,
        8.650485436893204,
        7.20873786407767,
        6,
        5.286407766990291,
        4,
        4.325242718446602,
        3,
        3.3640776699029127,
        2.4029126213592233,
        3,
        3,
        4.805825242718447,
        1.9223300970873787,
        1,
        1.441747572815534,
        0.9611650485436893,
        0,
        0,
        0.48058252427184467,
        0.48058252427184467,
        0,
        0.0,
        0,
        0.48058252427184467,
        1,
        3.3640776699029127,
        0.9611650485436893,
        1,
        1,
        1.9223300970873787,
        2.883495145631068,
        3,
        3.3640776699029127,
        4.325242718446602,
        4,
        4,
        5.286407766990291,
        6.247572815533981,
        6,
        7.689320388349515,
        8,
        9.611650485436893,
        10,
        11.533980582524272,
        12.495145631067961,
        14,
        15,
        16.339805825242717,
        18.74271844660194,
        21,
        24.990291262135923,
        24.990291262135923,
        25,
        26,
        28.354368932038835,
        31.237864077669904,
        33,
        36.52427184466019,
        37,
        37.96601941747573,
        38,
        39.88834951456311,
        41.810679611650485,
        43,
        43,
        44.213592233009706,
        46.13592233009709,
        47,
        48.05825242718446,
        49.5,
        49,
        50,
        50.94174757281554,
        52.383495145631066,
        52,
        53.34466019417476,
        53,
        53.34466019417476,
        53,
        54.30582524271845,
        54.786407766990294,
        55,
        55,
        55.26699029126213,
        55.26699029126213,
        55,
        55.26699029126213,
        54.786407766990294,
        54,
        54,
        54.786407766990294,
        54.786407766990294,
        54,
        54.786407766990294,
        54,
        54.786407766990294
    ]
}