{
    "x": [
        4.8125,
        4.8125,
        4,
        4,
        4.8125,
        4,
        4.8125,
        4,
        4,
        4.8125,
        4.8125,
        4,
        5,
        5.5,
        5,
        4.8125,
        4,
        4,
        4.8125,
        4.125,
        4,
        4,
        4.125,
        2,
        0.0,
        0,
        0,
        0.0,
        0.0,
        1,
        2,
        4.125,
        4,
        4.8125,
        4,
        4,
        4.8125,
        1.375,
        2,
        3,
        5.5,
        5,
        5.5,
        5,
        5,
        6.1875,
        6.1875,
        6,
        6,
        6.1875,
        5,
        5.5,
        5,
        5,
        6.1875,
        6.1875,
        6,
        6,
        6.1875,
        6,
        6.875,
        6,
        6,
        6.875,
        6.875,
        6,
        7,
        7.5625,
        7,
        8.25,
        8,
        8,
        8.9375,
        8.9375,
        8,
        8,
        8.9375,
        8,
        8.9375,
        8,
        8,
        8.9375,
        8.9375,
        8,
        8,
        8.9375,
        9,
        9.625,
        10,
        10,
        11.6875,
        15.125,
        16,
        17,
        19.25,
        22,
        24.75,
        27,
        28,
        30.25,
        34.375,
        35,
        37,
        40.5625,
        43,
        46.0625,
        48,
        49,
        51.5625,
        57.75,
        58,
        60,
        63.25,
        66,
        69.4375,
        72,
        73,
        74.9375,
        80.4375,
        81,
        82,
        85.25,
        87,
        89.375,
        90,
        90,
        90.75,
        94.875,
        95,
        96,
        97.625,
        98,
        99.0,
        99,
        99,
        99.0,
        99.0,
        98,
        98,
        97.625,
        96,
        94.875,
        93,
        92,
        92.125,
        88.6875,
        87,
        86,
        85.25,
        82,
        79.75,
        77,
        75.625,
        70.125,
        67,
        64.625,
        59.125,
        56,
        52.9375,
        47.4375,
        44,
        41.25,
        35.75,
        33,
        30.25,
        24.75,
        22,
        20.625,
        17.1875,
        15,
        13.75,
        11.0,
        10,
        9.625,
        8.9375
    ],
    "y": [
        99.0,
        98.15021459227468,
        97,
        97,
        96.87553648068669,
        96,
        95.60085836909872,
        94,
        93,
        93.90128755364807,
        90.92703862660944,
        89,
        89,
        87.95278969957081,
        86,
        84.55364806866953,
        83,
        82,
        81.5793991416309,
        78.60515021459227,
        77,
        77,
        75.63090128755364,
        74,
        72.65665236051503,
        70,
        69,
        69.25751072961373,
        65.85836909871244,
        64,
        64,
        62.88412017167382,
        61,
        60.33476394849785,
        58,
        57,
        57.36051502145923,
        53.96137339055794,
        52,
        52,
        50.137339055793994,
        48,
        46.738197424892704,
        45,
        44,
        44.18884120171674,
        41.21459227467811,
        40,
        39,
        38.24034334763949,
        36,
        34.8412017167382,
        33,
        32,
        31.86695278969957,
        28.892703862660944,
        27,
        27,
        26.34334763948498,
        24,
        22.94420600858369,
        21,
        20,
        19.969957081545065,
        17.4206008583691,
        16,
        15,
        14.446351931330472,
        13,
        12.321888412017167,
        11,
        10,
        9.772532188841202,
        7.223175965665236,
        6,
        6,
        5.098712446351931,
        4,
        3.8240343347639487,
        3,
        3,
        3.3991416309012874,
        2.9742489270386265,
        2,
        2,
        2.9742489270386265,
        2,
        2.5493562231759657,
        2,
        2,
        2.124463519313305,
        1.6995708154506437,
        1,
        1,
        0.8497854077253219,
        0,
        0.4248927038626609,
        0,
        0,
        0.0,
        0.4248927038626609,
        0,
        0,
        0.0,
        0,
        0.4248927038626609,
        0,
        0,
        0.8497854077253219,
        1.2746781115879828,
        1,
        1,
        2.124463519313305,
        2,
        3.3991416309012874,
        3,
        3,
        4.24892703862661,
        5.948497854077253,
        5,
        6,
        7.648068669527897,
        8,
        9.34763948497854,
        11,
        12,
        14.021459227467812,
        14.446351931330472,
        14,
        15,
        17.4206008583691,
        19,
        20.819742489270386,
        22,
        23,
        24.643776824034333,
        28.042918454935624,
        28,
        29,
        31.44206008583691,
        33,
        34.8412017167382,
        36,
        37,
        38.24034334763949,
        40.78969957081545,
        41,
        42,
        43.76394849785408,
        45,
        46.31330472103004,
        47,
        48.437768240343345,
        50.562231759656655,
        51,
        51.836909871244636,
        53.11158798283262,
        53,
        53.96137339055794,
        54.81115879828326,
        55,
        55.66094420600859,
        56.08583690987125,
        56,
        56.08583690987125,
        56.08583690987125,
        56,
        56.08583690987125,
        56.93562231759657,
        56,
        56.51072961373391,
        56.51072961373391,
        56,
        56.51072961373391,
        56.08583690987125
    ]
}