{
    "x": [
        3.09375,
        2.475,
        2,
        2,
        1.85625,
        1,
        1.85625,
        1,
        1,
        1.85625,
        2.475,
        2,
        2,
        2.475,
        2,
        2.475,
        2,
        2,
        3.09375,
        3.09375,
        2,
        1,
        0.0,
        2,
        4.33125,
        4,
        4,
        4.95,
        1.2375,
        2,
        3,
        5.56875,
        3,
        1.2375,
        3,
        3,
        4.95,
        1.2375,
        1,
        1,
        1.2375,
        1,
        1.2375,
        2,
        3,
        4.33125,
        4.33125,
        4,
        4,
        4.33125,
        4,
        4.33125,
        4,
        4,
        4.33125,
        1.2375,
        1,
        1,
        1.2375,
        3,
        6.1875,
        4,
        3,
        2.475,
        6.1875,
        5,
        5,
        4.95,
        3,
        1.2375,
        2,
        3,
        4.33125,
        3.7125,
        3,
        3,
        3.7125,
        3,
        3.7125,
        4,
        4,
        4.33125,
        1.2375,
        2,
        3,
        5.56875,
        5,
        4.95,
        8,
        9,
        11.1375,
        14.85,
        15,
        17,
        19.18125,
        21,
        24.13125,
        26,
        27,
        29.08125,
        34.03125,
        35,
        36,
        38.98125,
        41,
        43.93125,
        46,
        47,
        49.5,
        55.6875,
        55,
        56,
        58.1625,
        62,
        66.20625,
        68,
        69,
        71.15625,
        77.34375,
        78,
        79,
        81.675,
        82,
        82.9125,
        86,
        88,
        90.95625,
        92.8125,
        93,
        94,
        95.90625,
        96,
        97.7625,
        98,
        98,
        99.0,
        99.0,
        98,
        98,
        98.38125,
        95,
        92.8125,
        91,
        90,
        90.3375,
        90.95625,
        89,
        89,
        87.24375,
        85,
        83.53125,
        81,
        79,
        78.58125,
        73.63125,
        70,
        67.44375,
        62.49375,
        60,
        57.54375,
        51.975,
        49,
        46.40625,
        41.45625,
        38,
        35.8875,
        30.9375,
        28,
        25.9875,
        21.65625,
        19,
        17.325,
        14.23125,
        13,
        12.375
    ],
    "y": [
        99.0,
        99.0,
        99,
        99,
        99.0,
        98,
        97.812,
        97,
        96,
        96.228,
        93.456,
        92,
        91,
        90.288,
        88,
        87.12,
        85,
        84,
        84.348,
        80.784,
        79,
        79,
        78.012,
        75,
        72.864,
        71,
        70,
        69.3,
        66.528,
        65,
        64,
        61.776,
        60,
        59.4,
        57,
        55,
        54.648,
        51.876,
        50,
        50,
        48.312,
        46,
        44.748,
        43,
        42,
        41.58,
        38.016,
        37,
        36,
        34.848,
        33,
        32.076,
        30,
        29,
        28.908,
        25.74,
        24,
        23,
        21.384,
        20,
        19.008,
        18,
        18,
        18.612,
        14.256,
        13,
        13,
        11.88,
        10,
        9.504,
        8,
        7,
        7.128,
        5.544,
        4,
        4,
        3.96,
        3,
        3.168,
        2,
        2,
        2.772,
        3.564,
        2,
        2,
        1.98,
        2,
        2.772,
        1,
        1,
        1.188,
        1.188,
        0,
        0,
        0.396,
        0,
        0.0,
        0,
        0,
        0.0,
        0.396,
        0,
        0,
        0.396,
        0,
        0.396,
        0,
        0,
        0.792,
        1.188,
        1,
        2,
        3.96,
        3,
        3.96,
        4,
        4,
        5.544,
        6.336,
        6,
        7,
        8.712,
        10,
        12.276,
        14,
        14,
        15.84,
        15.84,
        16,
        17,
        19.404,
        20,
        22.572,
        24,
        24,
        25.74,
        29.304,
        29,
        30,
        32.472,
        34,
        36.036,
        38,
        39,
        40.392,
        41.58,
        41,
        42,
        44.352,
        45,
        46.332,
        47,
        47,
        48.312,
        49.896,
        50,
        51.876,
        52.668,
        53,
        53.856,
        54.252,
        54,
        55.044,
        55.836,
        56,
        56.628,
        56.628,
        56,
        57.024,
        57.024,
        56,
        56.628,
        57.024,
        57,
        57.024
    ]
}