{
    "x": [
        2.25,
        1.5,
        1,
        1,
        0.75,
        0,
        0.75,
        1,
        1,
        1.5,
        2.25,
        2,
        2,
        2.25,
        2,
        2.25,
        2,
        2,
        2.25,
        2.25,
        2,
        2,
        3.0,
        3,
        3.75,
        3,
        3,
        3.75,
        3.75,
        3,
        3,
        3.0,
        2,
        2.25,
        1,
        1,
        1.5,
        1.5,
        1,
        1,
        1.5,
        1,
        1.5,
        1,
        1,
        1.5,
        0.75,
        0,
        0,
        0.75,
        0,
        0.75,
        0,
        0,
        0.0,
        0.0,
        0,
        0,
        0,
        0.0,
        0,
        0.75,
        0,
        0,
        0.75,
        0.75,
        0,
        0,
        0.75,
        0,
        0.0,
        0,
        0,
        0.0,
        0.0,
        0,
        0,
        0.75,
        1,
        2.25,
        3,
        4,
        5.25,
        8.25,
        9,
        10,
        12.75,
        16,
        20.25,
        23,
        25,
        27.0,
        33.0,
        34,
        35,
        38.25,
        40,
        42.75,
        46,
        48,
        50.25,
        54.75,
        55,
        57,
        60.75,
        63,
        65.25,
        67,
        68,
        70.5,
        75.75,
        76,
        78,
        80.25,
        82,
        83,
        84.0,
        85,
        86,
        87.75,
        91.5,
        91,
        92,
        93.75,
        93,
        92.25,
        95,
        96,
        98.25,
        99.0,
        99,
        99,
        99.0,
        98,
        97.5,
        96,
        95,
        94.5,
        90.75,
        89,
        88,
        87.0,
        84,
        81.75,
        79,
        77,
        76.5,
        70.5,
        68,
        67,
        64.5,
        61,
        57.75,
        54,
        52,
        51.75,
        45.0,
        43,
        42,
        39.0,
        36,
        33.0,
        30,
        28,
        27.75,
        22.5,
        21,
        21,
        19.5,
        18,
        16.5,
        15,
        15,
        15,
        15.0
    ],
    "y": [
        99.0,
        98.56194690265487,
        98,
        98,
        97.6858407079646,
        96,
        95.93362831858407,
        94,
        93,
        92.86725663716814,
        89.80088495575221,
        88,
        88,
        86.73451327433628,
        85,
        84.10619469026548,
        82,
        81,
        81.03982300884955,
        77.97345132743362,
        76,
        76,
        74.46902654867256,
        72,
        70.96460176991151,
        69,
        68,
        67.89823008849558,
        65.26991150442478,
        64,
        63,
        62.203539823008846,
        60,
        59.13716814159292,
        57,
        56,
        56.07079646017699,
        52.56637168141593,
        51,
        51,
        49.93805309734513,
        48,
        46.8716814159292,
        45,
        44,
        43.80530973451327,
        40.73893805309734,
        39,
        38,
        36.796460176991154,
        35,
        34.16814159292036,
        32,
        31,
        31.101769911504423,
        28.47345132743363,
        27,
        26,
        26,
        25.4070796460177,
        23,
        21.464601769911503,
        20,
        19,
        18.836283185840706,
        15.331858407079647,
        14,
        14,
        12.70353982300885,
        11,
        10.951327433628318,
        10,
        9,
        9.199115044247788,
        7.008849557522124,
        6,
        6,
        6.570796460176991,
        5,
        5.256637168141593,
        4,
        4,
        4.380530973451328,
        6.132743362831858,
        5,
        5,
        5.256637168141593,
        2,
        0.43805309734513276,
        0,
        0,
        0.0,
        0.0,
        0,
        0,
        0.0,
        1,
        2.6283185840707963,
        1,
        0,
        0.8761061946902655,
        1.752212389380531,
        1,
        2,
        2.6283185840707963,
        3,
        3.9424778761061945,
        4,
        4,
        5.256637168141593,
        7.008849557522124,
        7,
        7,
        8.761061946902656,
        9,
        9,
        10.951327433628318,
        12,
        12,
        13.579646017699115,
        16.207964601769913,
        16,
        17,
        19.27433628318584,
        21,
        23.654867256637168,
        24,
        24,
        25.4070796460177,
        28.47345132743363,
        29,
        30,
        31.539823008849556,
        33,
        34.60619469026549,
        36,
        36,
        37.67256637168141,
        39.86283185840708,
        40,
        41,
        42.92920353982301,
        44,
        45.557522123893804,
        46,
        46,
        47.309734513274336,
        49.06194690265487,
        49,
        49,
        49.93805309734513,
        50,
        50.8141592920354,
        51,
        51,
        51.690265486725664,
        52.1283185840708,
        52,
        52,
        52.56637168141593,
        52,
        53.00442477876106,
        53,
        53,
        53.00442477876106,
        53.00442477876106,
        52,
        52,
        52.56637168141593,
        52,
        52.56637168141593,
        52,
        52,
        52,
        53.00442477876106
    ]
}