{
    "x": [
        0.0,
        0.792,
        0,
        0,
        0.792,
        0,
        0.792,
        0,
        0,
        0,
        0.792,
        1.584,
        1,
        1,
        1.584,
        1,
        1,
        1.584,
        1,
        1,
        2.376,
        2.376,
        2,
        2,
        2,
        2.376,
        2,
        3.168,
        5,
        6,
        7.92,
        5,
        3.96,
        3,
        3,
        3.96,
        3,
        3.96,
        3,
        3,
        3,
        3.96,
        3.96,
        3,
        4,
        4.752,
        4,
        3,
        3.96,
        3,
        3,
        3.96,
        3.96,
        3,
        3,
        3,
        3.96,
        3,
        3.96,
        3,
        3,
        3.96,
        3.168,
        3,
        3,
        3,
        3.168,
        5,
        7.92,
        5,
        4,
        3,
        3.96,
        3.96,
        3,
        3,
        3.96,
        4,
        4.752,
        4,
        5,
        5,
        5.544,
        8.712,
        9,
        11,
        13.464,
        14,
        16,
        19.008,
        21,
        22,
        24.552,
        30.888,
        32,
        33,
        34,
        37.224,
        41,
        45.144,
        49,
        51,
        53.064,
        56,
        60.192,
        61,
        63,
        67.32,
        70,
        72.864,
        76,
        76,
        77,
        79.2,
        83.952,
        84,
        85,
        87.912,
        90,
        91,
        92.664,
        94,
        95,
        96.624,
        99.0,
        98,
        98,
        97,
        97.416,
        96,
        95.04,
        93,
        92,
        91.872,
        87.912,
        86,
        86,
        85,
        83.16,
        82,
        82.368,
        76,
        73,
        71,
        70.488,
        64.152,
        62,
        60,
        56.232,
        52,
        49.104,
        47,
        45,
        43,
        41.976,
        35.64,
        34,
        34,
        33.264,
        30,
        28,
        23.76,
        21,
        20,
        19.8,
        22.176,
        19,
        17,
        16,
        10.296,
        11,
        12.672,
        12,
        11,
        11.88
    ],
    "y": [
        96.4396551724138,
        99.0,
        98,
        97,
        96.01293103448276,
        95,
        94.73275862068965,
        93,
        93,
        93,
        93.02586206896552,
        91.74568965517241,
        90,
        90,
        89.61206896551724,
        88,
        88,
        87.47844827586206,
        86,
        85,
        85.34482758620689,
        81.93103448275862,
        80,
        80,
        80,
        78.09051724137932,
        76,
        75.10344827586206,
        74,
        73,
        73.39655172413794,
        71,
        68.70258620689656,
        67,
        66,
        64.86206896551724,
        62,
        61.02155172413793,
        58,
        57,
        57,
        56.75431034482759,
        53.34051724137931,
        52,
        51,
        49.07327586206897,
        47,
        46,
        45.65948275862069,
        43,
        42,
        41.39224137931034,
        37.55172413793103,
        36,
        35,
        34,
        33.71120689655172,
        31,
        29.870689655172413,
        28,
        27,
        26.45689655172414,
        22.189655172413794,
        21,
        21,
        20,
        18.349137931034484,
        16,
        14.508620689655173,
        13,
        12,
        11,
        11.52155172413793,
        8.107758620689655,
        7,
        7,
        5.974137931034483,
        5,
        4.267241379310345,
        3,
        3,
        2,
        2.9870689655172415,
        2.560344827586207,
        2,
        2,
        1.706896551724138,
        1,
        1,
        0.853448275862069,
        0,
        0,
        0.4267241379310345,
        0.4267241379310345,
        0,
        0,
        0,
        0.0,
        0,
        1.2801724137931034,
        1,
        1,
        1.2801724137931034,
        1,
        1.706896551724138,
        1,
        2,
        2.9870689655172415,
        3,
        4.693965517241379,
        6,
        6,
        6,
        7.681034482758621,
        10.668103448275861,
        10,
        11,
        13.22844827586207,
        14,
        15,
        16.21551724137931,
        17,
        18,
        19.629310344827587,
        23.469827586206897,
        24,
        25,
        26,
        27.310344827586206,
        29,
        30.724137931034484,
        32,
        33,
        34.991379310344826,
        37.55172413793103,
        37,
        37,
        38,
        40.11206896551724,
        41,
        42.672413793103445,
        43,
        43,
        43,
        44.37931034482759,
        46.51293103448276,
        46,
        47,
        47.793103448275865,
        48,
        48.2198275862069,
        48,
        48,
        48,
        49.07327586206897,
        49.5,
        49,
        49,
        50.35344827586207,
        50,
        50,
        50.7801724137931,
        50,
        50,
        50.7801724137931,
        50.7801724137931,
        50,
        50,
        50,
        51.206896551724135,
        51,
        51.206896551724135,
        50,
        50,
        50.7801724137931
    ]
}