{
    "x": [
        4.95,
        4.95,
        4,
        4,
        4.125,
        4,
        4.125,
        3,
        3,
        3.3,
        4.125,
        4,
        4,
        4.95,
        4,
        4.95,
        4,
        4,
        4.125,
        4.95,
        4,
        4,
        4.95,
        5,
        5.775,
        5,
        5,
        5.775,
        2.475,
        3,
        4,
        7.425,
        6,
        4.95,
        4,
        4,
        4.95,
        4.95,
        4,
        5,
        5.775,
        6,
        6.6,
        6,
        6,
        6.6,
        6.6,
        6,
        6,
        5.775,
        5,
        4.95,
        4,
        4,
        4.125,
        4.125,
        4,
        4,
        5.775,
        5,
        4.95,
        4,
        4,
        4.125,
        4.95,
        3,
        3,
        1.65,
        3,
        5.775,
        4,
        4,
        4.125,
        1.65,
        1,
        2,
        4.125,
        3,
        3.3,
        3,
        3,
        4.125,
        0.0,
        0,
        1,
        3.3,
        2,
        2.475,
        1,
        0,
        0.825,
        0.825,
        0,
        0,
        0.825,
        0,
        0.825,
        1,
        1,
        2.475,
        2.475,
        2,
        2,
        3.3,
        4,
        4.95,
        6,
        6,
        7.425,
        12.375,
        13,
        14,
        17.325,
        20,
        23.925,
        27,
        28,
        30.525,
        37.95,
        39,
        41,
        44.55,
        47,
        51.15,
        54,
        56,
        58.575,
        66.0,
        67,
        68,
        71.775,
        75,
        80.025,
        82,
        83,
        84.975,
        89.925,
        90,
        92,
        94.875,
        96,
        97.35,
        97,
        97,
        98.175,
        99.0,
        98,
        98.175,
        97.35,
        95,
        94.05,
        89.925,
        87,
        84.975,
        79.2,
        74,
        69.3,
        66.825,
        62,
        57.75,
        50.325,
        46,
        42.075,
        33.825,
        28,
        23.1,
        20.625,
        18,
        15.675,
        11.55,
        10,
        9.9,
        9.075,
        8,
        8.25
    ],
    "y": [
        99.0,
        99.0,
        99,
        99,
        99.0,
        98,
        98.55203619909503,
        97,
        96,
        96.76018099547511,
        94.96832579185521,
        94,
        94,
        94.07239819004525,
        93,
        93.62443438914028,
        93,
        92,
        92.72850678733032,
        90.48868778280543,
        89,
        89,
        87.80090497737557,
        86,
        85.56108597285068,
        84,
        83,
        83.76923076923077,
        84.21719457013575,
        83,
        83,
        82.42533936651584,
        80,
        78.39366515837104,
        77,
        76,
        75.70588235294117,
        73.91402714932127,
        72,
        72,
        71.22624434389141,
        70,
        69.88235294117646,
        68,
        67,
        66.74660633484163,
        64.95475113122171,
        64,
        64,
        63.16289592760181,
        62,
        61.3710407239819,
        60,
        59,
        59.13122171945702,
        56.44343891402715,
        55,
        55,
        55.547511312217196,
        53,
        51.515837104072396,
        50,
        49,
        48.828054298642535,
        46.588235294117645,
        45,
        45,
        44.34841628959276,
        42,
        40.31674208144796,
        38,
        37,
        37.18099547511312,
        35.38914027149321,
        34,
        33,
        30.90950226244344,
        29,
        28.221719457013574,
        26,
        25,
        25.085972850678733,
        23.294117647058822,
        22,
        21,
        20.15837104072398,
        19,
        18.36651583710407,
        17,
        16,
        16.126696832579185,
        13.886877828054299,
        12,
        12,
        11.199095022624434,
        9,
        8.51131221719457,
        7,
        7,
        7.167420814479638,
        6.271493212669683,
        5,
        5,
        5.375565610859729,
        4,
        4.479638009049774,
        4,
        4,
        4.031674208144796,
        3.1357466063348416,
        2,
        2,
        2.6877828054298645,
        2,
        1.7918552036199096,
        1,
        0,
        0.8959276018099548,
        0.0,
        0,
        0,
        0.0,
        0,
        0.0,
        0,
        0,
        1.3438914027149322,
        1.3438914027149322,
        1,
        1,
        2.239819004524887,
        2,
        3.1357466063348416,
        4,
        4,
        4.927601809954751,
        7.615384615384615,
        8,
        9,
        10.751131221719458,
        12,
        13.886877828054299,
        15,
        16,
        17.02262443438914,
        20.60633484162896,
        22,
        24.638009049773757,
        28.221719457013574,
        29,
        31.357466063348415,
        33.5972850678733,
        34,
        35.83710407239819,
        38.97285067873303,
        40,
        42.10859728506787,
        44.34841628959276,
        45,
        46.14027149321267,
        47.484162895927604,
        48,
        48.828054298642535,
        50.171945701357465,
        51,
        52.411764705882355,
        51.515837104072396,
        51,
        51.515837104072396,
        51.515837104072396,
        51,
        51.963800904977376,
        52.411764705882355,
        52,
        52.411764705882355
    ]
}