{
    "x": [
        5.775,
        6.6,
        6,
        6,
        6.6,
        7,
        7.425,
        7,
        7,
        7.425,
        7.425,
        7,
        7,
        7.425,
        7,
        6.6,
        6,
        6,
        6.6,
        7.425,
        7,
        7,
        6.6,
        9,
        11.55,
        9,
        7,
        6.6,
        6.6,
        6,
        6,
        6.6,
        7,
        7.425,
        7,
        6,
        6.6,
        6.6,
        6,
        6,
        6.6,
        6,
        6.6,
        6,
        6,
        6.6,
        5.775,
        5,
        5,
        4.95,
        4,
        4.95,
        4,
        4,
        4.95,
        4.125,
        4,
        4,
        4.125,
        4,
        4.125,
        3,
        2,
        2.475,
        3.3,
        2,
        2,
        2.475,
        2,
        2.475,
        2,
        1,
        1.65,
        1.65,
        1,
        1,
        0.825,
        2,
        3.3,
        1,
        0,
        0.0,
        0.0,
        0,
        0,
        0.0,
        0,
        0.825,
        2,
        2,
        3.3,
        5.775,
        6,
        8,
        10.725,
        13,
        16.5,
        19,
        20,
        22.275,
        28.875,
        30,
        32,
        35.475,
        38,
        42.075,
        44,
        45,
        47.85,
        54.45,
        55,
        57,
        61.05,
        63,
        66.0,
        68,
        69,
        71.775,
        77.55,
        78,
        79,
        81.675,
        84,
        86.625,
        89,
        90,
        91.575,
        93.225,
        93,
        94,
        95.7,
        95,
        94.875,
        96,
        97,
        99.0,
        92.4,
        91,
        91,
        89.925,
        88,
        87.45,
        85,
        84,
        83.325,
        78.375,
        76,
        75,
        72.6,
        68,
        65.175,
        61,
        59,
        57.75,
        51.15,
        49,
        47,
        44.55,
        41,
        37.95,
        35,
        32.175,
        26.4,
        23,
        21.45,
        16.5,
        14,
        13.2,
        11.55,
        10,
        9.9,
        9.9,
        9,
        9.9,
        9.9
    ],
    "y": [
        99.0,
        99.0,
        98,
        98,
        97.73617021276596,
        97,
        96.47234042553191,
        95,
        95,
        95.20851063829787,
        93.94468085106384,
        93,
        93,
        93.10212765957446,
        92,
        90.99574468085106,
        89,
        88,
        88.46808510638297,
        85.9404255319149,
        84,
        84,
        82.99148936170212,
        81,
        80.88510638297872,
        79,
        78,
        77.93617021276596,
        74.9872340425532,
        73,
        73,
        71.61702127659575,
        69,
        68.2468085106383,
        66,
        65,
        64.87659574468086,
        61.92765957446809,
        60,
        60,
        59.4,
        57,
        56.45106382978724,
        54,
        53,
        53.08085106382979,
        49.71063829787234,
        48,
        48,
        46.761702127659575,
        45,
        43.39148936170213,
        42,
        41,
        40.863829787234046,
        37.4936170212766,
        36,
        36,
        34.54468085106383,
        32,
        31.174468085106383,
        30,
        29,
        29.068085106382977,
        24.85531914893617,
        23,
        23,
        21.906382978723403,
        20,
        18.114893617021277,
        16,
        15,
        15.587234042553192,
        12.217021276595744,
        11,
        10,
        9.268085106382978,
        8,
        7.1617021276595745,
        6,
        5,
        5.05531914893617,
        3.370212765957447,
        2,
        2,
        2.527659574468085,
        2,
        1.6851063829787234,
        1,
        1,
        1.6851063829787234,
        1.6851063829787234,
        1,
        1,
        0.8425531914893617,
        0,
        0.0,
        0,
        0,
        0.0,
        0.0,
        0,
        0,
        0.42127659574468085,
        0,
        0.42127659574468085,
        0,
        0,
        1.2638297872340425,
        1.6851063829787234,
        1,
        2,
        2.527659574468085,
        3,
        3.7914893617021277,
        4,
        4,
        5.897872340425532,
        8.004255319148935,
        8,
        9,
        10.53191489361702,
        12,
        13.480851063829787,
        14,
        15,
        16.429787234042553,
        20.22127659574468,
        20,
        21,
        23.591489361702127,
        25,
        26.961702127659574,
        27,
        27,
        28.646808510638298,
        32.85957446808511,
        33,
        34,
        35.808510638297875,
        37,
        38.757446808510636,
        39,
        39,
        40.863829787234046,
        42.97021276595745,
        42,
        43,
        44.65531914893617,
        45,
        45.49787234042553,
        46,
        46,
        47.60425531914893,
        48.4468085106383,
        48,
        48,
        48.86808510638298,
        49,
        49.28936170212766,
        49,
        49.28936170212766,
        49.28936170212766,
        49,
        49.71063829787234,
        50.5531914893617,
        50,
        50.5531914893617,
        50.97446808510638,
        50,
        50.5531914893617,
        50.97446808510638,
        51,
        51.817021276595746,
        51.39574468085107
    ]
}