{
    "x": [
        8.25,
        8.25,
        8,
        8,
        8.25,
        8,
        9.0,
        9,
        9,
        9.75,
        9.0,
        9,
        10,
        12.75,
        10,
        9.0,
        9,
        9,
        9.75,
        10.5,
        9,
        9,
        9.0,
        9,
        9.0,
        8,
        7,
        7.5,
        7,
        7.5,
        7,
        7,
        6.75,
        6,
        6.75,
        6,
        6,
        6.75,
        6.75,
        6,
        6,
        6.75,
        6,
        6.75,
        6,
        6,
        6.0,
        5.25,
        5,
        5,
        5.25,
        5,
        5.25,
        5,
        5,
        5.25,
        3.75,
        3,
        3,
        3,
        3.75,
        3,
        3.75,
        3,
        3,
        3.75,
        6.75,
        4,
        3,
        0.0,
        1,
        3.0,
        1,
        0,
        0.0,
        2.25,
        2,
        2,
        3.0,
        2,
        1.5,
        2,
        2,
        3.75,
        5.25,
        5,
        5,
        6,
        7.5,
        9,
        11.25,
        13,
        14,
        16.5,
        21.75,
        22,
        24,
        27.75,
        31,
        34.5,
        37,
        39,
        41.25,
        48.0,
        49,
        51,
        55.5,
        58,
        61.5,
        65,
        67,
        69.75,
        75.75,
        76,
        78,
        79,
        80.25,
        82,
        84.75,
        87,
        88,
        90.75,
        94.5,
        95,
        96,
        98.25,
        98,
        99.0,
        99,
        99,
        99.0,
        98.25,
        97,
        97,
        96.75,
        94,
        92.25,
        90,
        89,
        88.5,
        83.25,
        82,
        81,
        78.75,
        76,
        75,
        72.75,
        70,
        68,
        67.5,
        61.5,
        59,
        58,
        56.25,
        52,
        48.75,
        45,
        43,
        42.0,
        36.0,
        34,
        32,
        29.25,
        26,
        24.0,
        21,
        19,
        18.75,
        15.0,
        14,
        13,
        12.75,
        11,
        10,
        10.5
    ],
    "y": [
        99.0,
        99.0,
        98,
        98,
        98.56194690265487,
        98,
        98.12389380530973,
        97,
        96,
        96.3716814159292,
        94.61946902654867,
        93,
        93,
        92.429203539823,
        92,
        92.429203539823,
        91,
        90,
        90.67699115044248,
        88.04867256637168,
        87,
        86,
        84.98230088495575,
        83,
        82.35398230088495,
        81,
        80,
        79.72566371681415,
        78,
        77.09734513274336,
        76,
        75,
        73.59292035398231,
        72,
        70.52654867256638,
        68,
        67,
        66.14601769911505,
        62.203539823008846,
        61,
        60,
        58.69911504424779,
        56,
        54.756637168141594,
        53,
        52,
        51.25221238938053,
        47.74778761061947,
        46,
        45,
        42.92920353982301,
        40,
        38.98672566371681,
        37,
        36,
        35.482300884955755,
        31.539823008849556,
        30,
        30,
        29,
        28.035398230088497,
        25,
        23.654867256637168,
        21,
        20,
        19.712389380530972,
        16.646017699115045,
        15,
        15,
        14.017699115044248,
        12,
        10.513274336283185,
        9,
        9,
        9.199115044247788,
        5.6946902654867255,
        4,
        4,
        3.9424778761061945,
        3,
        3.9424778761061945,
        2,
        1,
        1.3141592920353982,
        0.8761061946902655,
        0,
        0,
        0,
        0.8761061946902655,
        0,
        0.8761061946902655,
        0,
        0,
        0.8761061946902655,
        0.0,
        0,
        0,
        0.0,
        0,
        0.43805309734513276,
        0,
        0,
        0.43805309734513276,
        0.43805309734513276,
        0,
        0,
        0.43805309734513276,
        1,
        2.190265486725664,
        1,
        1,
        1.752212389380531,
        3.504424778761062,
        3,
        4,
        4,
        4.81858407079646,
        5,
        6.132743362831858,
        7,
        7,
        8.323008849557523,
        10.951327433628318,
        11,
        12,
        13.579646017699115,
        14,
        16.207964601769913,
        17,
        18,
        19.27433628318584,
        22.34070796460177,
        22,
        23,
        24.969026548672566,
        26,
        28.035398230088497,
        29,
        29,
        30.663716814159294,
        32.85398230088496,
        33,
        34,
        35.482300884955755,
        35,
        36,
        37.67256637168141,
        38,
        38,
        38.54867256637168,
        40.30088495575221,
        40,
        40,
        41.61504424778761,
        42,
        42.491150442477874,
        42,
        42,
        43.36725663716814,
        44.243362831858406,
        44,
        44,
        45.11946902654867,
        44,
        44.68141592920354,
        44,
        44,
        44.243362831858406,
        44.68141592920354,
        44,
        44,
        45.11946902654867,
        44,
        44,
        44.68141592920354
    ]
}