{
    "x": [
        9.625,
        8.9375,
        8,
        8,
        8.9375,
        8,
        8.25,
        8,
        8,
        8.9375,
        7.5625,
        7,
        7,
        6.875,
        6,
        6.875,
        6,
        6,
        6.875,
        6.875,
        6,
        6,
        6.875,
        6,
        6.875,
        6,
        6,
        6.875,
        6.875,
        6,
        6,
        6.1875,
        5,
        5.5,
        5,
        5,
        5.5,
        5.5,
        5,
        5,
        4.8125,
        4,
        4.125,
        4,
        4,
        4.125,
        4.125,
        4,
        4,
        4.8125,
        4,
        4.8125,
        2,
        1,
        0.0,
        4.8125,
        4,
        4,
        4.8125,
        7,
        10.3125,
        7,
        6,
        5.5,
        2.75,
        3,
        4,
        6.1875,
        6,
        6.875,
        6,
        6,
        6.875,
        6.875,
        6,
        6,
        6.875,
        6,
        6.875,
        7,
        7,
        8.25,
        9.625,
        9,
        10,
        11.6875,
        13,
        15.8125,
        16,
        16,
        17.875,
        22.6875,
        23,
        24,
        26.8125,
        28,
        30.9375,
        33,
        34,
        35.75,
        41.25,
        42,
        43,
        45.375,
        48,
        50.875,
        53,
        54,
        56.375,
        61.1875,
        62,
        63,
        66.6875,
        69,
        71.5,
        73,
        74,
        75.625,
        79.75,
        80,
        82,
        84.5625,
        86,
        88.6875,
        90,
        91,
        92.125,
        94.875,
        94,
        95,
        96.25,
        97,
        98.3125,
        98,
        98,
        99.0,
        99.0,
        98,
        98,
        97.625,
        96,
        95.5625,
        94,
        93,
        92.8125,
        88.6875,
        86,
        85.25,
        80.4375,
        78,
        76.3125,
        70.8125,
        68,
        65.3125,
        65.3125,
        60,
        55.0,
        49.5,
        46,
        43.3125,
        37.8125,
        35,
        32.3125,
        27.5,
        24,
        22.0,
        17.875,
        15,
        13.75,
        12.375,
        11,
        10.3125,
        9.625,
        9,
        9.625
    ],
    "y": [
        99.0,
        98.53521126760563,
        98,
        98,
        98.07042253521126,
        97,
        96.21126760563381,
        95,
        95,
        95.28169014084507,
        92.95774647887323,
        91,
        91,
        90.63380281690141,
        89,
        87.38028169014085,
        85,
        84,
        84.59154929577464,
        81.33802816901408,
        80,
        79,
        78.08450704225352,
        75,
        73.90140845070422,
        72,
        71,
        70.1830985915493,
        66.92957746478874,
        65,
        65,
        63.2112676056338,
        61,
        59.49295774647887,
        57,
        56,
        56.23943661971831,
        52.985915492957744,
        51,
        51,
        49.267605633802816,
        47,
        45.54929577464789,
        43,
        42,
        41.36619718309859,
        37.183098591549296,
        36,
        35,
        33.46478873239437,
        31,
        29.746478873239436,
        26,
        24,
        23.704225352112676,
        22.309859154929576,
        21,
        20,
        19.056338028169016,
        17,
        16.267605633802816,
        14,
        13,
        12.549295774647888,
        13.014084507042254,
        11,
        10,
        7.901408450704225,
        7,
        6.507042253521127,
        6,
        5,
        5.577464788732394,
        4.183098591549296,
        4,
        4,
        4.183098591549296,
        3,
        3.7183098591549295,
        3,
        3,
        4.183098591549296,
        3.7183098591549295,
        3,
        3,
        3.7183098591549295,
        5,
        6.507042253521127,
        4,
        3,
        2.323943661971831,
        1.3943661971830985,
        1,
        1,
        0.9295774647887324,
        0,
        0.4647887323943662,
        0,
        0,
        0.0,
        0.4647887323943662,
        0,
        0,
        0.9295774647887324,
        0,
        0.9295774647887324,
        1,
        1,
        1.8591549295774648,
        3.2535211267605635,
        3,
        3,
        4.183098591549296,
        5,
        6.042253521126761,
        6,
        6,
        7.436619718309859,
        8.830985915492958,
        8,
        9,
        10.690140845070422,
        11,
        12.549295774647888,
        13,
        14,
        15.338028169014084,
        18.12676056338028,
        18,
        19,
        20.91549295774648,
        22,
        23.239436619718308,
        24,
        25,
        26.028169014084508,
        28.816901408450704,
        29,
        30,
        31.6056338028169,
        33,
        35.32394366197183,
        36,
        37,
        38.11267605633803,
        41.36619718309859,
        42,
        43.225352112676056,
        45.54929577464789,
        46,
        47.87323943661972,
        50.19718309859155,
        51,
        52.056338028169016,
        53.45070422535211,
        54,
        54.84507042253521,
        55.309859154929576,
        55,
        56.23943661971831,
        57.16901408450704,
        57,
        57.63380281690141,
        58.563380281690144,
        58,
        58.563380281690144,
        59.028169014084504,
        59,
        59.028169014084504,
        58.563380281690144,
        58,
        58.563380281690144,
        59.49295774647887,
        59,
        59.028169014084504
    ]
}