{
    "x": [
        11.25,
        6.0,
        6.0,
        6.0,
        6.0,
        6,
        6.0,
        6.0,
        6.0,
        5.25,
        5.25,
        5,
        5.25,
        4.5,
        4.5,
        4.5,
        0.0,
        1,
        3.75,
        2.25,
        3.0,
        3.75,
        1.5,
        2,
        3.75,
        3.75,
        3.75,
        2.25,
        2.25,
        1,
        1.5,
        3.75,
        3.75,
        3.0,
        1.5,
        1,
        2.25,
        3.0,
        3.0,
        3.0,
        2.25,
        2,
        3.0,
        3.0,
        3.0,
        3.0,
        3.0,
        2,
        2.25,
        2.25,
        3.0,
        3.0,
        3.75,
        4,
        4.5,
        4.5,
        6.75,
        3.75,
        4.5,
        4,
        3.75,
        3.75,
        3.75,
        2.25,
        3.0,
        3,
        3.0,
        2.25,
        1.5,
        2.25,
        1.5,
        0,
        0.0,
        3.0,
        2.25,
        2.25,
        3.75,
        2,
        1.5,
        4.5,
        1.5,
        6.0,
        7.5,
        7,
        8.25,
        9.0,
        10.5,
        12.0,
        14.25,
        15,
        17.25,
        20.25,
        22.5,
        25.5,
        29.25,
        30,
        32.25,
        35.25,
        40.5,
        43.5,
        48.0,
        50,
        52.5,
        56.25,
        60.0,
        64.5,
        66.75,
        68,
        70.5,
        72.0,
        70.5,
        72.0,
        69.75,
        67,
        66.0,
        65.25,
        63.0,
        58.5,
        54.75,
        53,
        51.75,
        48.0,
        43.5,
        40.5,
        36.75,
        34,
        31.5,
        30.75,
        27.75,
        22.5,
        23.25,
        22,
        21.0,
        21.0,
        19.5,
        19.5,
        17.25,
        15,
        13.5,
        18.0,
        17.25,
        19.5,
        21.0,
        22,
        23.25,
        27.0,
        30.0,
        33.0,
        36.0,
        37,
        39.75,
        43.5,
        48.0,
        51.75,
        55.5,
        57,
        59.25,
        63.0,
        66.0,
        69.75,
        75.0,
        76,
        78.75,
        82.5,
        85.5,
        89.25,
        91.5,
        92,
        93.75,
        96.0,
        96.75,
        93.0,
        98.25,
        98.25,
        99.0
    ],
    "y": [
        96.84782608695652,
        98.5695652173913,
        99.0,
        98.5695652173913,
        97.70869565217392,
        97,
        96.41739130434783,
        93.83478260869565,
        91.25217391304348,
        88.66956521739131,
        85.65652173913044,
        84,
        83.07391304347826,
        80.92173913043479,
        77.47826086956522,
        74.46521739130435,
        73.60434782608695,
        71,
        69.7304347826087,
        67.14782608695653,
        64.13478260869566,
        60.69130434782609,
        58.53913043478261,
        56,
        55.095652173913045,
        52.51304347826087,
        49.93043478260869,
        47.34782608695652,
        44.76521739130435,
        44,
        43.904347826086955,
        39.6,
        37.017391304347825,
        34.43478260869565,
        32.71304347826087,
        31,
        29.7,
        27.117391304347827,
        24.965217391304346,
        21.952173913043477,
        19.369565217391305,
        18,
        17.217391304347824,
        14.634782608695652,
        12.052173913043479,
        9.469565217391304,
        6.886956521739131,
        5,
        4.734782608695652,
        2.582608695652174,
        1.291304347826087,
        0.43043478260869567,
        0.0,
        0,
        0.0,
        0.8608695652173913,
        2.152173913043478,
        4.304347826086956,
        6.456521739130435,
        7,
        9.039130434782608,
        11.621739130434783,
        14.634782608695652,
        18.078260869565216,
        21.091304347826085,
        22,
        24.104347826086958,
        27.117391304347827,
        30.130434782608695,
        33.143478260869564,
        36.58695652173913,
        38,
        39.6,
        41.75217391304348,
        44.334782608695654,
        46.48695652173913,
        47.778260869565216,
        49,
        50.791304347826085,
        51.221739130434784,
        53.37391304347826,
        52.94347826086957,
        52.94347826086957,
        52,
        52.94347826086957,
        52.94347826086957,
        51.65217391304348,
        49.93043478260869,
        48.63913043478261,
        47,
        46.48695652173913,
        44.334782608695654,
        42.18260869565217,
        39.6,
        37.447826086956525,
        36,
        35.29565217391304,
        32.71304347826087,
        30.56086956521739,
        27.97826086956522,
        25.395652173913042,
        23,
        22.382608695652173,
        19.8,
        17.217391304347824,
        14.634782608695652,
        12.91304347826087,
        11,
        10.330434782608696,
        9.039130434782608,
        10.330434782608696,
        9.469565217391304,
        10.76086956521739,
        12,
        13.773913043478261,
        14.204347826086957,
        16.356521739130436,
        18.508695652173913,
        21.091304347826085,
        22,
        23.243478260869566,
        25.395652173913042,
        27.97826086956522,
        29.7,
        30.991304347826087,
        32,
        34.86521739130435,
        35.29565217391304,
        37.017391304347825,
        40.030434782608694,
        40.891304347826086,
        41,
        42.61304347826087,
        43.47391304347826,
        45.19565217391305,
        46.48695652173913,
        47.34782608695652,
        48,
        49.93043478260869,
        49.5,
        50.791304347826085,
        51.221739130434784,
        52.082608695652176,
        52,
        53.37391304347826,
        54.23478260869565,
        55.52608695652174,
        57.24782608695652,
        59.4,
        60,
        60.69130434782609,
        61.982608695652175,
        63.27391304347826,
        65.42608695652174,
        66.71739130434783,
        67,
        68.00869565217391,
        70.59130434782608,
        72.74347826086957,
        75.32608695652173,
        77.47826086956522,
        78,
        79.2,
        81.35217391304347,
        83.07391304347826,
        85.65652173913044,
        87.37826086956522,
        88,
        89.1,
        90.3913043478261,
        91.68260869565218,
        94.69565217391305,
        93.40434782608696,
        93.83478260869565,
        94.26521739130435
    ]
}