{
    "x": [
        1.85625,
        1.85625,
        1,
        2,
        3.09375,
        3,
        3.09375,
        2,
        2,
        2.475,
        2.475,
        2,
        2,
        1.85625,
        1,
        1.2375,
        1,
        1,
        1.2375,
        1.2375,
        0,
        0,
        0.61875,
        0,
        0.0,
        0,
        0,
        0.0,
        0.0,
        0,
        0,
        1.2375,
        1,
        1.2375,
        1,
        1,
        2.475,
        3.7125,
        3,
        4,
        4.95,
        5,
        6.80625,
        8,
        8,
        9.28125,
        11.75625,
        12,
        13,
        15.46875,
        17,
        19.18125,
        21,
        22,
        23.5125,
        27.84375,
        29,
        30,
        32,
        37.74375,
        38,
        38.3625,
        41,
        42,
        43.93125,
        48.88125,
        49,
        51,
        55.06875,
        57,
        60.01875,
        62,
        63,
        64.35,
        68.68125,
        69,
        70,
        73.0125,
        74,
        76.10625,
        77,
        78,
        79.2,
        82.9125,
        83,
        84,
        85.3875,
        86,
        87.24375,
        87,
        87,
        88.48125,
        89.1,
        89,
        89,
        90.3375,
        90,
        90.3375,
        90,
        90,
        90.95625,
        91.575,
        91,
        91,
        91.575,
        91,
        91.575,
        91,
        91,
        91.575,
        90.95625,
        90,
        90,
        90.3375,
        90,
        90,
        90.3375,
        90,
        90,
        90.3375,
        89.71875,
        89,
        89,
        89.1,
        89,
        89.1,
        89,
        89,
        89.1,
        89.1,
        89,
        89,
        89.1,
        89,
        89.71875,
        90,
        90,
        90.95625,
        91.575,
        91,
        92,
        92.8125,
        93,
        94.05,
        94,
        94,
        94.05,
        95.2875,
        95,
        95,
        95.90625,
        95,
        95.90625,
        96,
        96,
        97.14375,
        97.7625,
        97,
        97,
        97.7625,
        98,
        98.38125,
        98,
        98,
        98.38125,
        99.0,
        99,
        99,
        99.0,
        99,
        99.0,
        99,
        99,
        99,
        99.0
    ],
    "y": [
        0.0,
        3.5,
        4,
        5,
        7.5,
        8,
        9.5,
        10,
        10,
        10.5,
        13.5,
        14,
        15,
        17.5,
        19,
        22.0,
        24,
        25,
        26.0,
        28.5,
        29,
        30,
        32.5,
        34,
        37.0,
        40,
        41,
        43.0,
        47.0,
        48,
        49,
        51.0,
        52,
        54.5,
        56,
        57,
        58.5,
        63.5,
        64,
        65,
        68.0,
        70,
        72.5,
        74,
        75,
        76.5,
        79.5,
        80,
        81,
        83.0,
        84,
        86.0,
        87,
        87,
        88.5,
        90.0,
        91,
        91,
        92,
        94.0,
        93,
        92.0,
        92,
        92,
        92.5,
        92.5,
        92,
        92,
        93.0,
        92,
        92.0,
        91,
        91,
        91.0,
        89.5,
        88,
        88,
        87.5,
        86,
        84.5,
        83,
        82,
        81.5,
        77.5,
        76,
        75,
        74.0,
        72,
        70.5,
        68,
        67,
        66.0,
        61.0,
        60,
        59,
        57.0,
        54,
        52.0,
        49,
        48,
        47.5,
        42.5,
        41,
        40,
        38.0,
        35,
        33.5,
        31,
        30,
        29.0,
        25.0,
        24,
        23,
        21.5,
        20,
        19,
        19.0,
        17,
        16,
        16.5,
        14.5,
        14,
        14,
        14.0,
        14,
        15.0,
        16,
        16,
        17.0,
        19.5,
        20,
        21,
        23.5,
        25,
        27.0,
        29,
        30,
        31.5,
        36.5,
        37,
        39,
        42.0,
        44,
        47.5,
        50,
        51,
        53.0,
        58.5,
        59,
        61,
        64.0,
        66,
        69.0,
        71,
        72,
        73.5,
        78.0,
        79,
        80,
        83.0,
        85,
        87.5,
        89,
        90,
        91.5,
        94.0,
        94,
        95,
        96.0,
        96,
        97.5,
        98,
        98,
        98,
        99.0
    ]
}