{
    "x": [
        0.0,
        0.6,
        0,
        0,
        0.6,
        0,
        1.2,
        0,
        0,
        0,
        0.6,
        1.2,
        1,
        1,
        1.8,
        1,
        1,
        1.8,
        1,
        1,
        1.2,
        0.6,
        0,
        0,
        0,
        0.6,
        0,
        0.0,
        0,
        0,
        0.0,
        0,
        0.6,
        0,
        0,
        1.2,
        1,
        1.8,
        2,
        2,
        2,
        3.0,
        4.8,
        5,
        6,
        7.2,
        8,
        9,
        10.2,
        12,
        12,
        13.8,
        18.6,
        19,
        21,
        22,
        24.0,
        26,
        29.4,
        32,
        34,
        36.0,
        42.6,
        43,
        45,
        48,
        53.4,
        54,
        56.4,
        59,
        61,
        62,
        63.0,
        68.4,
        69,
        71,
        73.8,
        75,
        78.0,
        78,
        79,
        80,
        81.6,
        84.6,
        85,
        86,
        87.6,
        87,
        88,
        90.0,
        90,
        90,
        91.2,
        92.4,
        92,
        92,
        92,
        93.0,
        93,
        93.0,
        92,
        92,
        92.4,
        92,
        91.8,
        91,
        91,
        91.2,
        90,
        90.6,
        90,
        90,
        90,
        90.0,
        89.4,
        89,
        89,
        89.4,
        89,
        88,
        88.8,
        89,
        89,
        89.4,
        89.4,
        89,
        90,
        90,
        90.6,
        90,
        90.6,
        89,
        88,
        87.6,
        91.2,
        91,
        91,
        91,
        91.2,
        91,
        91.8,
        91,
        91,
        91,
        91.8,
        92.4,
        92,
        92,
        91.8,
        90,
        88.8,
        89,
        91,
        92,
        93.6,
        95.4,
        95,
        95,
        96.0,
        96,
        96,
        96.6,
        96,
        96,
        97.2,
        97.2,
        97,
        97,
        97,
        97.8,
        98,
        98.4,
        98,
        98,
        99.0
    ],
    "y": [
        0.0,
        2.6902173913043477,
        3,
        4,
        5.380434782608695,
        5,
        6.456521739130435,
        6,
        6,
        6,
        6.994565217391305,
        9.684782608695652,
        10,
        12,
        15.065217391304348,
        16,
        17,
        20.445652173913043,
        22,
        23,
        25.28804347826087,
        29.054347826086957,
        30,
        30,
        31,
        33.89673913043478,
        37,
        40.891304347826086,
        44,
        45,
        47.34782608695652,
        50,
        53.266304347826086,
        54,
        55,
        58.108695652173914,
        60,
        62.41304347826087,
        64,
        64,
        65,
        67.2554347826087,
        73.17391304347827,
        74,
        75,
        78.0163043478261,
        79,
        80,
        81.78260869565217,
        83,
        84,
        85.01086956521739,
        88.23913043478261,
        88,
        89,
        90,
        91.46739130434783,
        93,
        94.69565217391305,
        96,
        96,
        97.38586956521739,
        97.92391304347827,
        96,
        96,
        96,
        95.2336956521739,
        95,
        96.30978260869566,
        95,
        94,
        94,
        94.15760869565217,
        90.92934782608695,
        89,
        88,
        86.625,
        84,
        82.32065217391305,
        80,
        79,
        77,
        76.94021739130434,
        71.55978260869566,
        69,
        68,
        66.17934782608695,
        64,
        62,
        59.72282608695652,
        56,
        54,
        52.72826086956522,
        46.27173913043478,
        44,
        43,
        43,
        40.35326086956522,
        37,
        34.43478260869565,
        31,
        30,
        29.054347826086957,
        26,
        23.67391304347826,
        22,
        21,
        18.831521739130434,
        16,
        15.065217391304348,
        13,
        12,
        12,
        11.83695652173913,
        10.76086956521739,
        10,
        10,
        10.222826086956522,
        10,
        10,
        10.76086956521739,
        12,
        12,
        13.451086956521738,
        17.755434782608695,
        18,
        19,
        20,
        21.52173913043478,
        23,
        26.36413043478261,
        29,
        30,
        32.28260869565217,
        35.51086956521739,
        35,
        36,
        38,
        41.42934782608695,
        44,
        47.34782608695652,
        50,
        51,
        52,
        53.266304347826086,
        58.64673913043478,
        59,
        61,
        64.56521739130434,
        68,
        71.55978260869566,
        71,
        72,
        73,
        74.25,
        79.09239130434783,
        80,
        81,
        83.39673913043478,
        84,
        85,
        87.16304347826087,
        88,
        89,
        90.3913043478261,
        93.6195652173913,
        93,
        93,
        94,
        96.30978260869566,
        97,
        97.92391304347827,
        98,
        98,
        99.0
    ]
}