{
    "x": [
        4.125,
        3.4375,
        3,
        3,
        3.4375,
        2,
        2.0625,
        1,
        1,
        1.375,
        1.375,
        1,
        1,
        1.375,
        1,
        0.6875,
        0,
        0,
        0.6875,
        0.6875,
        0,
        0,
        0.6875,
        0,
        0.0,
        0,
        0,
        0.0,
        0,
        0.6875,
        0,
        1,
        2.0625,
        2,
        2.75,
        3,
        3,
        3.4375,
        5.5,
        5,
        5,
        6.1875,
        6,
        7.5625,
        10,
        11,
        13.75,
        12.375,
        13,
        14,
        16.5,
        18,
        20.625,
        23,
        24,
        26.125,
        31.625,
        31,
        32,
        34,
        37.125,
        40,
        44.0,
        47,
        48,
        50.1875,
        55.6875,
        56,
        58,
        61.1875,
        63,
        66.6875,
        69,
        70,
        71.5,
        76.3125,
        77,
        78,
        81.125,
        82,
        84.5625,
        85,
        86,
        87.3125,
        88.6875,
        88,
        88,
        89,
        90.0625,
        90,
        90.75,
        91,
        91,
        91.4375,
        92.125,
        92,
        92,
        92.125,
        92,
        92.125,
        92,
        92,
        92.8125,
        92.8125,
        92,
        93,
        93.5,
        92,
        92.125,
        92,
        92,
        92.125,
        90.75,
        90,
        90,
        90,
        90.75,
        90,
        89.375,
        89,
        89,
        89.375,
        89.375,
        89,
        89,
        90.0625,
        90,
        90.75,
        90,
        90,
        90.0625,
        91.4375,
        91,
        92,
        92.8125,
        93,
        93.5,
        93,
        93,
        94.1875,
        94.1875,
        94,
        94,
        94.1875,
        93,
        93,
        93.5,
        93,
        93,
        93.5,
        92.8125,
        92,
        93,
        94.1875,
        93,
        93.5,
        93,
        93,
        94.1875,
        94.1875,
        93,
        93,
        93.5,
        96,
        99.0,
        95,
        93,
        92.8125,
        92.8125,
        92,
        92,
        92.8125,
        92,
        92,
        92.8125
    ],
    "y": [
        0.0,
        2.5384615384615383,
        2,
        3,
        4.4423076923076925,
        5,
        5.711538461538462,
        5,
        5,
        5.711538461538462,
        6.346153846153846,
        6,
        7,
        8.884615384615385,
        10,
        12.057692307692308,
        14,
        15,
        16.5,
        20.942307692307693,
        21,
        22,
        24.115384615384617,
        26,
        28.557692307692307,
        31,
        32,
        33.63461538461539,
        36,
        39.98076923076923,
        41,
        43,
        46.32692307692308,
        49,
        52.03846153846154,
        54,
        55,
        56.48076923076923,
        62.19230769230769,
        63,
        65,
        68.53846153846153,
        71,
        74.25,
        76,
        77,
        78.0576923076923,
        85.03846153846153,
        85,
        86,
        88.84615384615384,
        90,
        92.01923076923077,
        93,
        94,
        95.1923076923077,
        97.09615384615384,
        97,
        97,
        97,
        98.36538461538461,
        98,
        99.0,
        99,
        99,
        99.0,
        97.09615384615384,
        96,
        95,
        94.5576923076923,
        93,
        92.01923076923077,
        90,
        89,
        88.84615384615384,
        85.03846153846153,
        84,
        83,
        81.86538461538461,
        79,
        77.42307692307692,
        75,
        73,
        72.98076923076923,
        67.90384615384616,
        66,
        65,
        65,
        62.82692307692308,
        59,
        57.11538461538461,
        54,
        52,
        51.40384615384615,
        45.69230769230769,
        43,
        42,
        39.98076923076923,
        37,
        34.26923076923077,
        31,
        29,
        28.557692307692307,
        22.846153846153847,
        21,
        20,
        18.403846153846153,
        16,
        13.961538461538462,
        11,
        10,
        9.51923076923077,
        5.711538461538462,
        5,
        5,
        4,
        4.4423076923076925,
        4,
        3.8076923076923075,
        4,
        4,
        4.4423076923076925,
        6.346153846153846,
        6,
        7,
        9.51923076923077,
        11,
        13.961538461538462,
        15,
        16,
        17.76923076923077,
        22.846153846153847,
        23,
        25,
        27.28846153846154,
        30,
        33.0,
        35,
        36,
        38.71153846153846,
        43.78846153846154,
        45,
        47,
        50.76923076923077,
        51,
        53,
        55.84615384615385,
        59,
        60,
        62.19230769230769,
        67.90384615384616,
        68,
        70,
        72.98076923076923,
        75,
        77.42307692307692,
        79,
        80,
        81.86538461538461,
        85.03846153846153,
        85,
        86,
        88.84615384615384,
        89,
        90.75,
        91,
        91,
        92.65384615384616,
        93.92307692307692,
        93,
        94,
        95.82692307692308,
        96,
        96,
        96.46153846153847
    ]
}