{
    "x": [
        1.32,
        1.32,
        0,
        0,
        0.66,
        0,
        1.32,
        1,
        1,
        1.32,
        1.32,
        1,
        1,
        1.32,
        1,
        1.32,
        1,
        1,
        2.64,
        1.32,
        1,
        1,
        1.98,
        1,
        1.32,
        0,
        0,
        0.66,
        1.32,
        1,
        1,
        1.98,
        1,
        1.32,
        0,
        0,
        0.0,
        3.96,
        2,
        1,
        0.0,
        0,
        0.0,
        0,
        0,
        1.32,
        3.3,
        3,
        4,
        5.28,
        6,
        7.92,
        9,
        10,
        11.22,
        16.5,
        17,
        18,
        21.12,
        24,
        27.72,
        31,
        32,
        34.98,
        40.92,
        42,
        44,
        47.52,
        50,
        53.46,
        56,
        57,
        58.74,
        64.68,
        65,
        67,
        70.62,
        73,
        75.9,
        77,
        78,
        79.86,
        83.82,
        84,
        85,
        86.46,
        87,
        87.78,
        89,
        89,
        90.42,
        91.08,
        91,
        91,
        92.4,
        92,
        93.06,
        93,
        93,
        94.38,
        93.72,
        93,
        94,
        94.38,
        94,
        94.38,
        94,
        93,
        93.72,
        92.4,
        92,
        92,
        92.4,
        91,
        91.08,
        91,
        91,
        91.08,
        89.76,
        89,
        89,
        89.1,
        89,
        89.76,
        89,
        89,
        89.1,
        89.76,
        89,
        89,
        89.1,
        89,
        89.1,
        88,
        88,
        88.44,
        88.44,
        88,
        88,
        88.44,
        88,
        87.78,
        87,
        87,
        87.78,
        88.44,
        88,
        88,
        88.44,
        88,
        89.1,
        89,
        89,
        89.1,
        89.1,
        89,
        89,
        90.42,
        90,
        91.08,
        91,
        91,
        92.4,
        93.06,
        93,
        93.72,
        99.0,
        99,
        99.0,
        93.72,
        93,
        93.72,
        92.4,
        92,
        92.4
    ],
    "y": [
        0.0,
        1.1445086705202312,
        1,
        1,
        1.1445086705202312,
        2,
        2.861271676300578,
        2,
        2,
        2.861271676300578,
        3.433526011560694,
        3,
        3,
        4.005780346820809,
        5,
        6.867052023121388,
        8,
        9,
        10.300578034682081,
        12.589595375722544,
        13,
        14,
        16.023121387283236,
        17,
        18.884393063583815,
        20,
        20,
        21.745664739884393,
        25.751445086705203,
        26,
        28,
        30.329479768786126,
        32,
        34.907514450867055,
        37,
        38,
        39.48554913294798,
        46.35260115606936,
        47,
        48,
        50.358381502890175,
        52,
        54.36416184971098,
        56,
        57,
        58.94219653179191,
        65.23699421965318,
        66,
        68,
        71.53179190751445,
        73,
        76.10982658959537,
        78,
        79,
        80.11560693641619,
        83.54913294797687,
        83,
        84,
        85.83815028901734,
        86,
        88.1271676300578,
        89,
        89,
        90.41618497109826,
        90.41618497109826,
        90,
        90,
        89.84393063583815,
        89,
        89.27167630057804,
        88,
        87,
        87.55491329479769,
        85.26589595375722,
        84,
        83,
        81.26011560693641,
        79,
        77.25433526011561,
        75,
        74,
        73.82080924855491,
        68.67052023121387,
        67,
        66,
        64.09248554913295,
        61,
        59.51445086705202,
        56,
        55,
        54.36416184971098,
        48.641618497109825,
        46,
        45,
        42.91907514450867,
        40,
        37.76878612716763,
        34,
        33,
        32.04624277456647,
        27.46820809248555,
        25,
        24,
        22.31791907514451,
        20,
        17.739884393063583,
        15,
        14,
        13.734104046242775,
        9.728323699421965,
        8,
        8,
        6.867052023121388,
        6,
        5.1502890173410405,
        5,
        5,
        5.1502890173410405,
        5.722543352601156,
        5,
        6,
        6.867052023121388,
        8,
        9.15606936416185,
        10,
        11,
        12.017341040462428,
        15.45086705202312,
        16,
        17,
        19.45664739884393,
        21,
        23.46242774566474,
        25,
        26,
        27.46820809248555,
        32.04624277456647,
        33,
        34,
        36.6242774566474,
        39,
        41.774566473988436,
        44,
        45,
        46.35260115606936,
        51.50289017341041,
        52,
        54,
        57.225433526011564,
        60,
        62.947976878612714,
        65,
        66,
        68.67052023121387,
        73.82080924855491,
        74,
        76,
        79.54335260115607,
        81,
        84.121387283237,
        86,
        87,
        88.1271676300578,
        91.5606936416185,
        92,
        94.42196531791907,
        97.85549132947978,
        98,
        99.0,
        97.28323699421965,
        96,
        96.13872832369943,
        94.99421965317919,
        94,
        93.84971098265896
    ]
}