{
    "x": [
        3.7125,
        3.09375,
        3,
        3,
        3.09375,
        2,
        1.85625,
        1,
        1,
        1.85625,
        1.85625,
        1,
        1,
        1.85625,
        1,
        1.85625,
        1,
        1,
        1.85625,
        1.2375,
        0,
        0,
        0.61875,
        0,
        0.0,
        0,
        0,
        0.0,
        0.0,
        0,
        0,
        1.2375,
        1,
        1.2375,
        1,
        1,
        2.475,
        2.475,
        2,
        3,
        3.7125,
        4,
        4.95,
        5,
        5,
        6.1875,
        8.04375,
        8,
        9,
        11.1375,
        12,
        14.85,
        17,
        18,
        19.8,
        24.75,
        25,
        27,
        29.7,
        32,
        35.8875,
        39,
        40,
        42.69375,
        48.88125,
        49,
        51,
        53.83125,
        56,
        60.01875,
        61,
        62,
        63.73125,
        68.0625,
        69,
        70,
        72.39375,
        74,
        76.725,
        78,
        79,
        80.4375,
        83.53125,
        84,
        86,
        90.3375,
        89,
        88.48125,
        89,
        89,
        89.71875,
        91.575,
        91,
        91,
        92.19375,
        92,
        93.43125,
        93,
        93,
        94.05,
        94.05,
        94,
        94,
        94.05,
        93,
        93.43125,
        94,
        95,
        96.525,
        97.7625,
        96,
        95,
        93.43125,
        95,
        97.7625,
        95,
        93,
        92.8125,
        91.575,
        90,
        90,
        90.3375,
        90,
        89.71875,
        90,
        90,
        90.95625,
        90.3375,
        90,
        90,
        90.3375,
        89,
        89.1,
        89,
        89,
        89.1,
        89.1,
        89,
        89,
        89.71875,
        90,
        90.3375,
        90,
        90,
        90.3375,
        90.3375,
        90,
        90,
        89.71875,
        89,
        89.71875,
        89,
        89,
        89.71875,
        90.3375,
        92,
        94.05,
        90.95625,
        91,
        91.575,
        91.575,
        91,
        92.19375,
        92.8125,
        93,
        93.43125,
        94.05,
        96,
        99.0,
        94.66875,
        94,
        95.2875,
        96.525,
        96,
        96.525
    ],
    "y": [
        0.0,
        1.1647058823529413,
        1,
        2,
        2.911764705882353,
        3,
        3.4941176470588236,
        3,
        3,
        3.4941176470588236,
        4.658823529411765,
        4,
        5,
        6.988235294117647,
        8,
        10.48235294117647,
        12,
        12,
        13.976470588235294,
        16.305882352941175,
        17,
        18,
        20.38235294117647,
        22,
        24.458823529411763,
        26,
        27,
        28.53529411764706,
        33.194117647058825,
        34,
        35,
        38.43529411764706,
        40,
        42.51176470588236,
        45,
        46,
        48.33529411764706,
        52.99411764705882,
        54,
        56,
        59.4,
        62,
        64.64117647058823,
        66,
        67,
        69.3,
        73.95882352941176,
        74,
        75,
        78.03529411764706,
        79,
        81.52941176470588,
        82,
        82,
        83.85882352941177,
        86.18823529411765,
        86,
        87,
        87.93529411764706,
        88,
        89.1,
        89,
        89,
        90.84705882352941,
        90.84705882352941,
        90,
        90,
        90.26470588235294,
        89,
        89.68235294117648,
        88,
        87,
        87.3529411764706,
        85.02352941176471,
        84,
        83,
        81.52941176470588,
        80,
        78.61764705882354,
        76,
        74,
        73.95882352941176,
        69.3,
        68,
        68,
        67.55294117647058,
        64,
        60.56470588235294,
        57,
        56,
        55.3235294117647,
        50.082352941176474,
        48,
        47,
        44.84117647058824,
        41,
        39.01764705882353,
        36,
        35,
        34.358823529411765,
        29.11764705882353,
        27,
        26,
        23.294117647058822,
        20,
        18.63529411764706,
        15,
        13,
        12.229411764705882,
        8.735294117647058,
        7,
        6,
        4.076470588235294,
        3,
        2.911764705882353,
        2,
        1,
        1.1647058823529413,
        0.5823529411764706,
        0,
        0,
        0.5823529411764706,
        2,
        4.658823529411765,
        4,
        4,
        5.241176470588235,
        8.152941176470588,
        9,
        10,
        12.811764705882354,
        14,
        16.888235294117646,
        18,
        19,
        20.96470588235294,
        25.623529411764707,
        26,
        27,
        30.28235294117647,
        32,
        34.358823529411765,
        36,
        37,
        39.6,
        44.84117647058824,
        45,
        46,
        48.917647058823526,
        51,
        53.576470588235296,
        55,
        56,
        57.65294117647059,
        61.72941176470588,
        62,
        62.89411764705882,
        70.46470588235294,
        72,
        74.54117647058824,
        78.61764705882354,
        80,
        82.69411764705882,
        86.18823529411765,
        87,
        89.68235294117648,
        92.59411764705882,
        92,
        93.17647058823529,
        96.67058823529412,
        97,
        98.41764705882353,
        98.41764705882353,
        98,
        99.0
    ]
}