{
    "x": [
        0.6875,
        0.6875,
        0,
        0,
        0.6875,
        0,
        0.6875,
        0,
        0,
        0.0,
        0.0,
        0,
        0,
        0.6875,
        1,
        2.0625,
        1,
        1,
        1.375,
        2.0625,
        2,
        2,
        2,
        2.75,
        2,
        2.0625,
        2,
        2,
        2.0625,
        2.75,
        2,
        2,
        2.75,
        2,
        2.75,
        2,
        2,
        2.75,
        2.75,
        2,
        2,
        1,
        1.375,
        1,
        1.375,
        1,
        1,
        1.375,
        2.0625,
        2,
        2,
        2.0625,
        1,
        1.375,
        1,
        1,
        2.0625,
        1.375,
        1,
        1,
        1.375,
        2,
        2,
        2.75,
        4,
        4,
        5.5,
        8.25,
        9,
        11,
        13.75,
        16,
        18.5625,
        21,
        22,
        24.75,
        30.9375,
        31,
        33,
        36.4375,
        39,
        41.9375,
        44,
        44,
        45,
        46.75,
        51.5625,
        52,
        53,
        56.375,
        59,
        62.5625,
        64,
        65,
        66.6875,
        72.1875,
        73,
        74,
        77.6875,
        78,
        79.0625,
        82,
        83,
        85.9375,
        88,
        90.0625,
        90,
        91,
        92.8125,
        94,
        96.25,
        97,
        97,
        98.3125,
        99.0,
        99,
        99,
        99.0,
        98,
        97.625,
        96,
        96,
        96.25,
        93.5,
        92,
        92,
        92,
        91.4375,
        89,
        88.0,
        85,
        84,
        83.875,
        78.375,
        77,
        76,
        74.25,
        71,
        68.75,
        66,
        64,
        63.25,
        56.375,
        54,
        53,
        50.875,
        48,
        47,
        44.6875,
        41,
        40,
        39.1875,
        34.375,
        32,
        31,
        28.875,
        26,
        23.375,
        20,
        18,
        17.875,
        13.0625,
        12,
        11,
        9.625,
        8,
        6.875,
        6,
        6,
        6,
        6.1875,
        4.8125,
        4,
        4,
        4.125
    ],
    "y": [
        99.0,
        99.0,
        98,
        98,
        97.54411764705883,
        96,
        96.08823529411765,
        94,
        93,
        93.17647058823529,
        89.77941176470588,
        88,
        88,
        86.38235294117646,
        84,
        82.01470588235294,
        79,
        78,
        77.16176470588235,
        73.27941176470588,
        72,
        71,
        70,
        68.42647058823529,
        65,
        63.088235294117645,
        60,
        59,
        58.23529411764706,
        53.38235294117647,
        51,
        50,
        48.529411764705884,
        46,
        44.161764705882355,
        41,
        40,
        39.794117647058826,
        35.4264705882353,
        34,
        33,
        32,
        31.058823529411764,
        28,
        26.691176470588236,
        24,
        23,
        22.323529411764707,
        17.470588235294116,
        16,
        15,
        13.588235294117647,
        11,
        9.705882352941176,
        8,
        7,
        6.3088235294117645,
        3.8823529411764706,
        2,
        2,
        1.9411764705882353,
        1,
        0,
        0.9705882352941176,
        0,
        0,
        0.4852941176470588,
        0.0,
        0,
        0,
        0.4852941176470588,
        0,
        0.4852941176470588,
        0,
        0,
        0.4852941176470588,
        0.9705882352941176,
        0,
        1,
        1.9411764705882353,
        2,
        2.426470588235294,
        2,
        2,
        2,
        2.911764705882353,
        4.367647058823529,
        4,
        4,
        5.338235294117647,
        6,
        7.279411764705882,
        8,
        8,
        9.220588235294118,
        11.647058823529411,
        11,
        12,
        14.073529411764707,
        17,
        20.38235294117647,
        20,
        20,
        20.86764705882353,
        23,
        25.235294117647058,
        26,
        27,
        29.11764705882353,
        31,
        33.48529411764706,
        35,
        36,
        38.338235294117645,
        43.19117647058823,
        44,
        45,
        47.55882352941177,
        49,
        52.411764705882355,
        54,
        55,
        56.779411764705884,
        60.1764705882353,
        61,
        61,
        62,
        64.05882352941177,
        65,
        67.45588235294117,
        69,
        70,
        71.33823529411765,
        74.73529411764706,
        75,
        76,
        78.13235294117646,
        79,
        80.55882352941177,
        81,
        81,
        82.98529411764706,
        84.92647058823529,
        84,
        85,
        86.86764705882354,
        86,
        87,
        88.32352941176471,
        88,
        88,
        89.29411764705883,
        89.77941176470588,
        89,
        90,
        91.23529411764706,
        91,
        91.72058823529412,
        91,
        91,
        92.20588235294117,
        92.69117647058823,
        92,
        92,
        93.17647058823529,
        93,
        93.17647058823529,
        93,
        93,
        93,
        93.66176470588235,
        93.17647058823529,
        93,
        93,
        93.66176470588235
    ]
}