{
    "x": [
        3.0,
        3.0,
        3,
        3,
        3.0,
        3,
        3.0,
        3,
        3,
        3.0,
        3.0,
        3,
        3,
        3.0,
        2,
        1.5,
        1,
        1,
        1.5,
        1.5,
        1,
        1,
        1.5,
        1,
        1.5,
        1,
        1,
        2.25,
        1.5,
        1,
        1,
        2.25,
        2,
        2.25,
        1,
        1,
        1.5,
        0.75,
        0,
        0,
        0.0,
        0,
        0.0,
        0,
        0,
        0.0,
        0.0,
        0,
        0,
        0.0,
        0,
        0.0,
        0,
        0,
        0.75,
        0.0,
        0,
        0,
        0.0,
        0,
        0.0,
        0,
        0,
        0.0,
        0.0,
        0,
        0,
        1.5,
        2,
        3.0,
        4,
        5,
        6.0,
        9.0,
        10,
        12,
        15.0,
        18,
        21.0,
        24,
        26,
        28.5,
        35.25,
        37,
        39,
        42.75,
        43,
        45,
        48.75,
        52,
        53,
        55.5,
        60.75,
        61,
        63,
        66.0,
        68,
        71.25,
        73,
        74,
        75.75,
        80.25,
        81,
        82,
        84.75,
        87,
        89.25,
        90,
        91,
        92.25,
        95.25,
        95,
        96,
        97.5,
        95,
        93.75,
        96,
        97,
        99.0,
        98.25,
        97,
        97,
        97.5,
        96,
        95.25,
        94,
        93,
        93.75,
        91.5,
        90,
        90,
        88.5,
        86,
        84.75,
        82,
        81,
        81.0,
        77.25,
        75,
        74,
        71.25,
        68,
        65.25,
        60,
        57,
        54.75,
        52.5,
        51,
        50,
        48.0,
        45,
        42.0,
        39,
        37,
        36.0,
        30.75,
        29,
        28,
        25.5,
        23,
        21.0,
        18,
        17,
        16.5,
        13.5,
        12,
        12,
        11.25,
        10,
        9.0,
        8,
        8,
        8.25,
        7,
        7.5
    ],
    "y": [
        99.0,
        97.625,
        97,
        97,
        96.70833333333333,
        95,
        94.41666666666667,
        93,
        92,
        91.66666666666667,
        88.45833333333333,
        87,
        86,
        84.79166666666667,
        82,
        81.125,
        79,
        78,
        77.45833333333333,
        73.33333333333333,
        72,
        71,
        68.75,
        66,
        64.16666666666667,
        62,
        61,
        60.041666666666664,
        55.458333333333336,
        54,
        53,
        51.333333333333336,
        49,
        47.208333333333336,
        45,
        44,
        43.541666666666664,
        39.875,
        38,
        38,
        36.208333333333336,
        34,
        32.083333333333336,
        30,
        29,
        28.416666666666668,
        24.291666666666668,
        23,
        22,
        20.166666666666668,
        18,
        16.5,
        14,
        13,
        13.291666666666666,
        10.083333333333334,
        9,
        8,
        7.791666666666667,
        6,
        5.041666666666667,
        4,
        3,
        3.2083333333333335,
        1.375,
        0,
        0,
        0.4583333333333333,
        0,
        0.0,
        0,
        0,
        0.4583333333333333,
        0.0,
        0,
        0,
        0.9166666666666666,
        0,
        0.4583333333333333,
        1,
        1,
        1.8333333333333333,
        2.2916666666666665,
        2,
        3,
        4.125,
        4,
        4,
        5.5,
        6,
        6,
        7.791666666666667,
        9.625,
        9,
        10,
        11.916666666666666,
        13,
        14.208333333333334,
        15,
        15,
        16.958333333333332,
        19.708333333333332,
        20,
        21,
        22.916666666666668,
        24,
        26.583333333333332,
        28,
        28,
        29.791666666666668,
        33.458333333333336,
        34,
        35,
        37.583333333333336,
        40,
        43.083333333333336,
        44,
        44,
        45.833333333333336,
        49.5,
        50,
        51,
        53.625,
        55,
        57.291666666666664,
        59,
        60,
        61.416666666666664,
        65.54166666666667,
        66,
        67,
        69.20833333333333,
        71,
        72.875,
        74,
        75,
        76.08333333333333,
        79.29166666666667,
        79,
        80,
        81.58333333333333,
        82,
        84.33333333333333,
        86,
        87,
        88.91666666666667,
        88.91666666666667,
        88,
        89,
        90.75,
        91,
        92.125,
        92,
        92,
        93.04166666666667,
        93.95833333333333,
        93,
        94,
        94.875,
        95,
        95.79166666666667,
        96,
        96,
        96.25,
        96.70833333333333,
        96,
        96,
        96.70833333333333,
        96,
        96.70833333333333,
        96,
        96,
        96.70833333333333,
        96,
        96.70833333333333
    ]
}