{
    "x": [
        0.0,
        0.75,
        0,
        0,
        0.75,
        0,
        0.75,
        3,
        4,
        5.25,
        3,
        2.25,
        2,
        2,
        2.25,
        3,
        3.75,
        3,
        3,
        3.75,
        4.5,
        4,
        4,
        4,
        5.25,
        4,
        4.5,
        4,
        4,
        4.5,
        5.25,
        5,
        5,
        5,
        5.25,
        6,
        6.75,
        6,
        5,
        5.25,
        5.25,
        4,
        4,
        4,
        4.5,
        4,
        4.5,
        3,
        3,
        3.0,
        2.25,
        1,
        1,
        1.5,
        1,
        1,
        0.75,
        1,
        1,
        1.5,
        0.0,
        0,
        0,
        0.75,
        1,
        1,
        2.25,
        4,
        5,
        6.0,
        11.25,
        12,
        14,
        17.25,
        21,
        24.75,
        25,
        27,
        28,
        30.0,
        37.5,
        39,
        42,
        47.25,
        48,
        49.5,
        52,
        52,
        53,
        54.75,
        60.0,
        60,
        61,
        63.0,
        66,
        70.5,
        72,
        73,
        74,
        75.0,
        80.25,
        81,
        82,
        84.75,
        86,
        88.5,
        89,
        89,
        90.75,
        93,
        95.25,
        95,
        96,
        96.75,
        97,
        98.25,
        98,
        98,
        99.0,
        98.25,
        97,
        97,
        97,
        96.75,
        96,
        96.0,
        95,
        94,
        94.5,
        92.25,
        91,
        91,
        91,
        90.0,
        88,
        86.25,
        84,
        83,
        82.5,
        78.75,
        77,
        76,
        75,
        74.25,
        72,
        70.5,
        67,
        65,
        64.5,
        57.75,
        55,
        54,
        51.75,
        49,
        48,
        45.0,
        42,
        40,
        39.0,
        33.0,
        31,
        29,
        26.25,
        22,
        20,
        18.75,
        16,
        15,
        14.25,
        10.5,
        9,
        9,
        7.5,
        4,
        1.5
    ],
    "y": [
        97.50753768844221,
        97.50753768844221,
        97,
        97,
        97.01005025125629,
        96,
        96.01507537688443,
        96,
        96,
        96.51256281407035,
        94,
        93.03015075376885,
        92,
        91,
        90.5427135678392,
        88,
        87.06030150753769,
        84,
        83,
        82.58291457286433,
        78.60301507537689,
        77,
        77,
        76,
        74.12562814070351,
        71,
        69.15075376884423,
        66,
        64,
        63.678391959798994,
        58.7035175879397,
        57,
        56,
        56,
        54.22613065326633,
        51,
        49.74874371859296,
        47,
        46,
        45.2713567839196,
        40.79396984924623,
        39,
        38,
        36,
        35.81909547738694,
        33,
        31.839195979899497,
        29,
        28,
        27.36180904522613,
        22.386934673366834,
        21,
        20,
        18.407035175879397,
        17,
        16,
        14.42713567839196,
        12,
        11,
        11.442211055276381,
        8.457286432160805,
        7,
        7,
        6.467336683417085,
        5,
        4,
        4.477386934673367,
        3,
        2,
        2.9849246231155777,
        2.487437185929648,
        2,
        2,
        1.9899497487437185,
        1,
        0.9949748743718593,
        1,
        2,
        2,
        3.979899497487437,
        1.9899497487437185,
        0,
        0,
        0.0,
        1,
        2.9849246231155777,
        3,
        3,
        3,
        3.979899497487437,
        4.974874371859296,
        5,
        7,
        10.944723618090451,
        9,
        8.954773869346734,
        10,
        10,
        10,
        11.93969849246231,
        14.42713567839196,
        14,
        15,
        17.412060301507537,
        19,
        20.894472361809044,
        22,
        22,
        23.87939698492462,
        25,
        27.85929648241206,
        28,
        30,
        32.336683417085425,
        34,
        36.814070351758794,
        39,
        40,
        41.78894472361809,
        46.76381909547739,
        46,
        47,
        49,
        51.73869346733668,
        54,
        56.71356783919598,
        58,
        59,
        60.69346733668342,
        65.17085427135679,
        65,
        65,
        66,
        68.15577889447236,
        69,
        71.14070351758794,
        72,
        72,
        73.62814070351759,
        76.61306532663316,
        76,
        77,
        78,
        79.10050251256281,
        80,
        82.08542713567839,
        83,
        83,
        84.57286432160804,
        87.06030150753769,
        87,
        88,
        89.54773869346734,
        89,
        90,
        92.03517587939699,
        92,
        92,
        93.52763819095478,
        95.02010050251256,
        95,
        95,
        96.01507537688443,
        96,
        96,
        97.01005025125629,
        97,
        97,
        97.50753768844221,
        98.00502512562814,
        98,
        98,
        98.00502512562814,
        98,
        99.0
    ]
}