{
    "x": [
        7.92,
        7.92,
        7,
        7.128,
        6,
        6.336,
        6,
        6.336,
        5.544,
        5,
        5,
        5.544,
        4.752,
        4,
        4,
        4.752,
        3.96,
        3,
        3.96,
        3,
        3.96,
        3,
        3.96,
        4.752,
        4,
        4,
        4.752,
        3.96,
        4,
        4,
        4.752,
        5.544,
        5,
        4.752,
        4,
        4.752,
        4,
        4.752,
        3.96,
        3,
        3,
        3.96,
        3.96,
        3,
        3,
        3.96,
        3.96,
        3,
        3.96,
        3,
        3.96,
        3,
        3.96,
        3.96,
        3,
        3,
        3.96,
        3.96,
        3,
        3,
        3.168,
        3.168,
        2,
        2.376,
        2,
        2.376,
        1,
        1.584,
        1.584,
        0,
        0,
        0.0,
        0.0,
        0,
        0,
        0.0,
        0.0,
        0,
        0.792,
        1,
        1.584,
        1,
        1.584,
        2.376,
        2,
        2,
        3.168,
        4.752,
        5,
        6,
        7.128,
        11.088,
        12,
        14.256,
        16,
        18.216,
        18,
        18.216,
        27.72,
        28,
        29,
        31.68,
        37.224,
        39,
        40,
        42.768,
        49.896,
        53,
        56.232,
        59,
        61.776,
        64,
        67.32,
        72.864,
        73,
        75,
        77.616,
        83.16,
        85,
        86,
        87.12,
        90.288,
        91,
        93.456,
        94,
        95.832,
        96,
        97.416,
        99.0,
        99,
        99,
        99.0,
        98.208,
        98,
        98,
        99.0,
        98.208,
        97,
        96.624,
        95,
        95.04,
        93,
        92.664,
        90.288,
        89,
        89,
        87.912,
        83.16,
        81,
        80,
        79.2,
        73.656,
        70,
        67.32,
        62.568,
        59,
        57.024,
        51.48,
        47,
        44.352,
        38.808,
        36,
        34.056,
        30.888,
        28,
        26.136,
        21.384,
        19,
        18.216,
        15.048,
        13,
        12.672,
        12.672,
        12,
        12.672
    ],
    "y": [
        98.08333333333333,
        98.08333333333333,
        97,
        97.16666666666667,
        96,
        96.25,
        95,
        94.875,
        93.04166666666667,
        92,
        91,
        90.75,
        88.45833333333333,
        86,
        85,
        85.25,
        82.5,
        80,
        79.29166666666667,
        77,
        76.08333333333333,
        74,
        73.33333333333333,
        70.125,
        69,
        68,
        66.91666666666667,
        64.16666666666667,
        62,
        61,
        60.958333333333336,
        57.75,
        56,
        55.0,
        53,
        52.25,
        51,
        49.958333333333336,
        47.208333333333336,
        46,
        45,
        44.458333333333336,
        42.625,
        41,
        40,
        39.875,
        37.583333333333336,
        36,
        35.291666666666664,
        33,
        32.541666666666664,
        31,
        30.25,
        27.958333333333332,
        27,
        27,
        26.125,
        23.375,
        22,
        21,
        21.083333333333332,
        19.25,
        18,
        16.958333333333332,
        16,
        15.583333333333334,
        14,
        12.833333333333334,
        11.0,
        10,
        9,
        8.708333333333334,
        6.875,
        5,
        5,
        5.041666666666667,
        3.6666666666666665,
        3,
        3.2083333333333335,
        2,
        2.75,
        2,
        2.75,
        2.75,
        2,
        3,
        3.6666666666666665,
        3.6666666666666665,
        3,
        3,
        3.2083333333333335,
        2.2916666666666665,
        2,
        1.8333333333333333,
        1,
        1.8333333333333333,
        0,
        0.0,
        1.8333333333333333,
        1,
        2,
        2.2916666666666665,
        2.75,
        3,
        3,
        4.125,
        5.041666666666667,
        5,
        6.416666666666667,
        7,
        8.25,
        8,
        9.625,
        11.916666666666666,
        12,
        13,
        14.666666666666666,
        16.958333333333332,
        18,
        18,
        19.708333333333332,
        22.916666666666668,
        24,
        25.666666666666668,
        27,
        29.333333333333332,
        31,
        33.0,
        37.125,
        37,
        38,
        40.791666666666664,
        44.458333333333336,
        46,
        47,
        48.125,
        52.25,
        54,
        55.916666666666664,
        57,
        60.041666666666664,
        61,
        63.708333333333336,
        67.375,
        67,
        68,
        70.58333333333333,
        73.79166666666667,
        75,
        76,
        77.0,
        79.75,
        81,
        82.5,
        85.25,
        86,
        87.08333333333333,
        88.91666666666667,
        89,
        90.75,
        93.04166666666667,
        93,
        94.41666666666667,
        95.79166666666667,
        96,
        96.70833333333333,
        97.625,
        97,
        98.08333333333333,
        98.08333333333333,
        98,
        99.0,
        99.0,
        99,
        99.0
    ]
}