{
    "x": [
        4.62,
        4.62,
        4,
        4,
        4.62,
        3.96,
        1,
        0,
        0.0,
        0.0,
        0,
        0,
        0.0,
        0.0,
        1,
        1,
        2.64,
        2.64,
        2,
        2,
        2.64,
        2.64,
        2,
        2,
        3.3,
        3.96,
        4,
        4,
        4.62,
        5.28,
        5,
        5,
        5.94,
        5.94,
        5,
        5,
        5.94,
        5.28,
        5,
        5,
        5.94,
        5.28,
        5,
        5,
        5.28,
        5.28,
        4,
        4,
        4.62,
        4.62,
        4,
        4,
        4.62,
        4.62,
        4,
        4,
        4.62,
        4.62,
        4,
        4,
        4.62,
        1.32,
        2,
        2,
        3.3,
        2.64,
        2,
        2,
        3.3,
        4.62,
        5,
        6,
        7.26,
        10.56,
        12,
        13,
        14.52,
        19.14,
        21,
        22,
        23.76,
        30.36,
        32,
        33,
        34.32,
        38.94,
        41,
        42,
        43.56,
        47.52,
        49,
        50,
        51.48,
        56.1,
        58,
        59,
        60.72,
        65.34,
        67,
        68,
        69.3,
        72.6,
        74,
        75,
        77.22,
        80.52,
        82,
        82,
        83.82,
        87.12,
        88,
        88,
        89.1,
        91.74,
        92,
        92,
        93.72,
        96.36,
        96,
        96,
        97.02,
        99.0,
        98,
        98,
        98.34,
        97.68,
        97,
        97,
        97.02,
        95.7,
        94,
        93,
        93.06,
        93.06,
        90,
        89,
        88.44,
        85.14,
        83,
        82,
        81.18,
        76.56,
        73,
        72,
        71.28,
        67.98,
        65,
        64,
        63.36,
        58.08,
        55,
        54,
        53.46,
        48.18,
        46,
        45,
        44.22,
        39.6,
        37,
        35.64,
        31.68,
        29,
        26.4,
        21.78,
        19,
        17.16,
        13.86,
        11,
        9.9,
        3.96,
        4,
        5.28,
        4.62,
        2,
        0.0
    ],
    "y": [
        97.17511520737327,
        96.71889400921658,
        96,
        96,
        96.26267281105991,
        94.89400921658986,
        94,
        93,
        93.52534562211981,
        91.70046082949308,
        90,
        89,
        89.41935483870968,
        86.68202764976958,
        84,
        83,
        82.57603686635944,
        79.83870967741936,
        78,
        77,
        76.1889400921659,
        72.99539170506912,
        71,
        70,
        69.34562211981567,
        65.23963133640552,
        63,
        62,
        61.58986175115207,
        57.94009216589862,
        56,
        55,
        54.29032258064516,
        50.64055299539171,
        48,
        47,
        46.99078341013825,
        43.79723502304147,
        41,
        40,
        40.14746543778802,
        36.953917050691246,
        35,
        34,
        33.76036866359447,
        30.566820276497698,
        28,
        27,
        26.46082949308756,
        23.723502304147466,
        21,
        20,
        19.617511520737327,
        16.42396313364055,
        15,
        14,
        13.68663594470046,
        10.493087557603687,
        9,
        8,
        8.211981566820276,
        6.84331797235023,
        5,
        4,
        4.105990783410138,
        2.737327188940092,
        2,
        1,
        1.368663594470046,
        0.9124423963133641,
        1,
        1,
        1.368663594470046,
        0.0,
        0,
        0,
        1.8248847926267282,
        0.0,
        1,
        1,
        2.28110599078341,
        1.368663594470046,
        1,
        1,
        1.8248847926267282,
        3.193548387096774,
        3,
        3,
        4.105990783410138,
        5.018433179723503,
        5,
        5,
        6.387096774193548,
        7.755760368663594,
        8,
        8,
        9.12442396313364,
        10.493087557603687,
        11,
        11,
        12.317972350230415,
        14.599078341013826,
        15,
        15,
        16.880184331797235,
        19.161290322580644,
        20,
        20,
        20.986175115207374,
        23.723502304147466,
        25,
        25,
        26.46082949308756,
        29.19815668202765,
        31,
        31,
        32.8479262672811,
        36.04147465437788,
        38,
        39,
        40.14746543778802,
        42.884792626728114,
        44,
        45,
        46.07834101382488,
        49.27188940092166,
        50,
        51,
        52.465437788018434,
        55.65898617511521,
        57,
        58,
        59.30875576036866,
        64.32718894009217,
        64,
        64,
        65.23963133640552,
        68.4331797235023,
        69,
        70,
        71.17050691244239,
        74.36405529953917,
        75,
        76,
        77.10138248847926,
        79.83870967741936,
        80,
        81,
        82.11981566820276,
        84.40092165898618,
        85,
        85,
        86.68202764976958,
        88.50691244239631,
        88,
        88,
        89.41935483870968,
        90.78801843317973,
        91,
        92.15668202764977,
        92.61290322580645,
        93,
        93.9815668202765,
        94.89400921658986,
        95,
        95.80645161290323,
        96.71889400921658,
        96,
        97.17511520737327,
        98.54377880184332,
        98,
        98.08755760368663,
        98.08755760368663,
        98,
        99.0
    ]
}