{
    "x": [
        2.75,
        2.75,
        1,
        1,
        0.0,
        0,
        0.0,
        3,
        5,
        7.5625,
        4.125,
        3,
        3,
        3.4375,
        2,
        2.0625,
        2,
        2,
        2.0625,
        2.0625,
        2,
        2,
        2.75,
        2,
        2.75,
        2,
        2,
        2.0625,
        3.4375,
        3,
        3,
        4.125,
        3,
        3.4375,
        3,
        3,
        4.125,
        4.125,
        4,
        4,
        4.125,
        3,
        3.4375,
        3,
        3,
        3.4375,
        4.125,
        3,
        3,
        3.4375,
        3,
        3.4375,
        3,
        2,
        2.75,
        2.75,
        2,
        2,
        2.0625,
        1,
        1.375,
        1,
        0,
        0.6875,
        0.6875,
        0,
        0,
        0.6875,
        0,
        0.6875,
        1,
        1,
        2.0625,
        4.125,
        5,
        6,
        8.9375,
        11,
        13.75,
        16,
        17,
        19.9375,
        26.8125,
        27,
        29,
        32.3125,
        34,
        37.125,
        40,
        42,
        44.0,
        48.125,
        49,
        51,
        54.3125,
        56,
        59.125,
        61,
        62,
        63.9375,
        68.0625,
        69,
        70,
        72.1875,
        74,
        76.3125,
        78,
        79,
        81.125,
        84.5625,
        85,
        86,
        88.0,
        89,
        90.75,
        92,
        93,
        94.1875,
        96.25,
        96,
        96,
        97.625,
        98,
        99.0,
        98,
        98,
        98.3125,
        96.9375,
        96,
        96,
        95.5625,
        94,
        92.8125,
        91,
        90,
        90.0625,
        88.6875,
        87,
        86,
        85.25,
        83,
        81.8125,
        80,
        79,
        79.0625,
        74.25,
        73,
        72,
        70.8125,
        68,
        66.0,
        63,
        61.1875,
        56.375,
        53,
        50.875,
        45.375,
        42,
        40.5625,
        35.75,
        33,
        30.9375,
        26.125,
        23,
        21.3125,
        17.875,
        16,
        15.8125,
        13.0625,
        11,
        9.625,
        7.5625,
        6,
        6.1875,
        6.1875
    ],
    "y": [
        99.0,
        98.52403846153847,
        97,
        97,
        96.6201923076923,
        95,
        95.1923076923077,
        93,
        92,
        91.86057692307692,
        89.95673076923077,
        88,
        88,
        87.10096153846153,
        85,
        84.2451923076923,
        82,
        81,
        80.91346153846153,
        76.6298076923077,
        75,
        74,
        72.82211538461539,
        70,
        68.53846153846153,
        66,
        65,
        64.2548076923077,
        59.97115384615385,
        58,
        58,
        56.63942307692308,
        54,
        51.87980769230769,
        50,
        49,
        48.54807692307692,
        44.74038461538461,
        43,
        42,
        40.93269230769231,
        39,
        37.125,
        34,
        33,
        32.84134615384615,
        29.033653846153847,
        28,
        27,
        25.22596153846154,
        23,
        21.41826923076923,
        19,
        18,
        18.08653846153846,
        14.278846153846153,
        13,
        12,
        11.423076923076923,
        9,
        8.567307692307692,
        7,
        6,
        6.1875,
        3.331730769230769,
        2,
        2,
        1.4278846153846154,
        0,
        0.47596153846153844,
        0,
        0,
        0.0,
        0.47596153846153844,
        0,
        0,
        0.47596153846153844,
        0,
        1.4278846153846154,
        1,
        1,
        1.9038461538461537,
        2.3798076923076925,
        2,
        3,
        3.8076923076923075,
        4,
        5.235576923076923,
        5,
        5,
        6.663461538461538,
        8.091346153846153,
        8,
        8,
        9.51923076923077,
        10,
        10.947115384615385,
        11,
        11,
        12.375,
        13.326923076923077,
        13,
        14,
        15.70673076923077,
        16,
        18.08653846153846,
        19,
        19,
        20.942307692307693,
        23.322115384615383,
        23,
        24,
        26.653846153846153,
        28,
        29.985576923076923,
        32,
        33,
        34.26923076923077,
        38.07692307692308,
        39,
        40,
        42.36057692307692,
        44,
        47.12019230769231,
        49,
        49,
        50.92788461538461,
        54.73557692307692,
        55,
        56,
        59.01923076923077,
        60,
        62.82692307692308,
        64,
        65,
        67.11057692307692,
        70.4423076923077,
        70,
        71,
        73.29807692307692,
        74,
        75.67788461538461,
        76,
        77,
        78.0576923076923,
        80.4375,
        80,
        81,
        82.8173076923077,
        83,
        84.72115384615384,
        85,
        86.14903846153847,
        88.05288461538461,
        88,
        89.48076923076923,
        90.90865384615384,
        91,
        91.38461538461539,
        92.33653846153847,
        92,
        93.28846153846153,
        94.24038461538461,
        94,
        94.71634615384616,
        95.1923076923077,
        95,
        96.14423076923077,
        96.6201923076923,
        96,
        96.6201923076923,
        96.6201923076923,
        96,
        97.09615384615384,
        97.09615384615384
    ]
}