{
    "x": [
        3.3,
        3.3,
        3,
        3,
        3.3,
        2,
        1.98,
        1,
        1,
        1.98,
        1.32,
        0,
        0,
        0.66,
        0,
        0.66,
        0,
        0,
        0.66,
        0.0,
        0,
        0,
        0.0,
        0,
        0.0,
        0,
        0,
        0.0,
        0.66,
        0,
        0,
        0.66,
        0,
        0.66,
        0,
        0,
        1.32,
        1.32,
        1,
        1,
        1.98,
        1,
        1.98,
        1,
        1,
        1.98,
        1.98,
        1,
        1,
        1.32,
        0,
        0.0,
        0,
        0,
        0.0,
        0.0,
        0,
        0,
        0.66,
        0,
        0.66,
        0,
        0,
        0.66,
        0.66,
        0,
        0,
        1.32,
        1,
        1.98,
        2,
        2,
        3.3,
        4.62,
        4,
        5,
        7.26,
        9,
        11.22,
        13,
        14,
        15.18,
        21.12,
        22,
        23,
        25.74,
        28,
        31.02,
        33,
        34,
        36.3,
        40.26,
        41,
        42,
        44.88,
        46,
        48.84,
        51,
        52,
        54.12,
        58.08,
        59,
        60,
        62.7,
        64,
        66.0,
        68,
        69,
        71.28,
        75.9,
        76,
        78,
        80.52,
        82,
        83.82,
        85,
        86,
        87.12,
        89.76,
        89,
        90,
        91.74,
        92,
        93.72,
        94,
        94,
        95.7,
        97.68,
        97,
        98,
        98.34,
        98,
        98.34,
        98,
        99.0,
        98.34,
        98,
        97.68,
        96.36,
        95,
        94.38,
        93.06,
        91,
        89.1,
        85.8,
        84,
        82.5,
        75.24,
        75,
        75.9,
        71.28,
        68,
        66.0,
        60.72,
        58,
        56.1,
        50.82,
        47,
        44.88,
        38.94,
        36,
        33.66,
        28.38,
        26,
        24.42,
        20.46,
        18,
        15.84,
        12.54,
        11,
        9.9,
        8.58,
        7,
        7.26,
        7.26
    ],
    "y": [
        98.5560538116592,
        98.5560538116592,
        98,
        98,
        97.66816143497758,
        96,
        95.89237668161435,
        95,
        94,
        94.11659192825113,
        91.45291479820628,
        90,
        89,
        88.34529147982063,
        86,
        85.23766816143498,
        83,
        82,
        82.13004484304933,
        79.46636771300449,
        78,
        77,
        75.91479820627802,
        74,
        72.80717488789237,
        71,
        70,
        69.25560538116592,
        65.26008968609865,
        64,
        63,
        61.7085201793722,
        59,
        57.26905829596413,
        55,
        54,
        53.71748878923767,
        49.7219730941704,
        48,
        47,
        45.72645739910314,
        43,
        42.17488789237668,
        40,
        39,
        38.17937219730942,
        34.62780269058296,
        33,
        32,
        30.632286995515695,
        29,
        27.524663677130047,
        25,
        24,
        23.52914798206278,
        19.977578475336323,
        18,
        18,
        16.869955156950674,
        15,
        13.318385650224215,
        11,
        10,
        10.210762331838565,
        7.103139013452915,
        6,
        5,
        4.883408071748879,
        3,
        3.10762331838565,
        2,
        2,
        2.219730941704036,
        1.3318385650224216,
        0,
        0,
        0.4439461883408072,
        0,
        0.0,
        0,
        0,
        0.0,
        0.0,
        0,
        0,
        0.0,
        0,
        0.0,
        0,
        0,
        0.4439461883408072,
        0.8878923766816144,
        0,
        1,
        1.3318385650224216,
        1,
        2.663677130044843,
        3,
        3,
        3.5515695067264574,
        4.439461883408072,
        4,
        5,
        6.6591928251121075,
        7,
        7.99103139013453,
        9,
        9,
        10.210762331838565,
        12.874439461883409,
        12,
        13,
        15.094170403587444,
        16,
        17.757847533632287,
        19,
        19,
        20.865470852017935,
        23.52914798206278,
        24,
        25,
        26.63677130044843,
        28,
        30.18834080717489,
        31,
        32,
        33.29596412556054,
        37.73542600896861,
        38,
        39,
        41.73094170403587,
        43,
        46.17040358744394,
        48,
        50.60986547085202,
        54.60538116591928,
        56,
        58.15695067264574,
        61.7085201793722,
        63,
        65.26008968609865,
        67.9237668161435,
        69,
        71.03139013452915,
        73.25112107623319,
        74,
        75.91479820627802,
        78.57847533632287,
        79,
        80.3542600896861,
        82.57399103139014,
        83,
        85.23766816143498,
        87.90134529147981,
        88,
        89.67713004484305,
        91.00896860986548,
        92,
        93.2286995515695,
        94.56053811659193,
        95,
        95.89237668161435,
        96.78026905829596,
        97,
        97.22421524663677,
        97.66816143497758,
        97,
        98.11210762331838,
        98.5560538116592,
        98,
        99.0,
        99.0,
        99,
        99.0,
        99.0
    ]
}