{
    "A": 1.0,
    "AA": 1.0,
    "B": 1.0,
    "C": 1.0,
    "D": 1.0,
    "E": 0.9666666666666667,
    "EE": 1.0,
    "F": 1.0,
    "G": 1.0,
    "H": 1.0,
    "I": 0.8666666666666667,
    "II": 1.0,
    "J": 1.0,
    "K": 1.0,
    "L": 1.0,
    "M": 1.0,
    "N": 0.9666666666666667,
    "NN": 1.0,
    "O": 1.0,
    "OO": 1.0,
    "P": 1.0,
    "Q": 0.8666666666666667,
    "R": 1.0,
    "S": 1.0,
    "T": 1.0,
    "U": 1.0,
    "UU": 1.0,
    "UUU": 0.9,
    "V": 1.0,
    "W": 1.0,
    "X": 0.0,
    "Y": 0.0,
    "Z": 0.0
}