{
    "x": [
        5.25,
        4,
        4.5,
        4.5,
        3.75,
        3,
        3.75,
        4.5,
        4.5,
        4.5,
        4,
        3.75,
        3.0,
        3.75,
        3.0,
        3,
        3.75,
        2.25,
        2.25,
        2.25,
        2,
        2.25,
        3.0,
        3.0,
        3.75,
        3,
        3.75,
        3.75,
        4.5,
        5.25,
        4,
        4.5,
        3.75,
        3.75,
        4.5,
        4,
        4.5,
        4.5,
        4.5,
        4.5,
        4,
        4.5,
        3.75,
        4.5,
        4.5,
        4,
        4.5,
        3.0,
        3.0,
        2.25,
        2,
        2.25,
        2.25,
        3.0,
        2.25,
        1,
        1.5,
        1.5,
        1.5,
        0.0,
        0,
        0.75,
        1.5,
        3.0,
        4.5,
        6,
        8.25,
        12.0,
        16.5,
        21.0,
        24,
        27.0,
        31.5,
        36.75,
        42.0,
        44,
        47.25,
        52.5,
        57.75,
        62.25,
        64,
        67.5,
        71.25,
        75.0,
        78.0,
        78,
        79.5,
        81.0,
        82.5,
        82.5,
        82,
        81.75,
        79.5,
        75.75,
        72.75,
        70,
        68.25,
        63.0,
        58.5,
        54.0,
        50,
        47.25,
        42.0,
        36.75,
        30.75,
        28,
        25.5,
        20.25,
        15.0,
        11.25,
        10,
        9.75,
        9.0,
        9.0,
        10.5,
        12,
        13.5,
        17.25,
        21.75,
        27.0,
        29,
        32.25,
        39.0,
        45.0,
        50.25,
        53,
        57.0,
        63.0,
        67.5,
        72.0,
        74,
        76.5,
        81.0,
        84.75,
        88.5,
        90,
        91.5,
        93.75,
        96.0,
        97.5,
        97,
        97.5,
        99.0,
        98.25,
        97.5,
        96,
        94.5,
        91.5,
        88.5,
        84.0,
        81,
        79.5,
        76.5,
        72.0,
        67.5,
        65,
        63.0,
        57.0,
        51.0,
        45.0,
        42,
        39.75,
        32.25,
        27.0,
        21.0,
        18,
        16.5,
        12.75,
        9.0,
        6.0,
        4,
        3.75,
        3.0,
        3.0,
        3.0
    ],
    "y": [
        99.0,
        98,
        98.53953488372093,
        98.07906976744187,
        97.15813953488372,
        96,
        95.77674418604651,
        93.93488372093023,
        91.63255813953488,
        89.33023255813953,
        88,
        87.48837209302326,
        85.64651162790697,
        83.34418604651162,
        81.50232558139535,
        80,
        79.2,
        77.81860465116279,
        76.43720930232558,
        74.5953488372093,
        73,
        72.75348837209302,
        70.91162790697675,
        69.06976744186046,
        67.22790697674418,
        66,
        64.92558139534884,
        62.62325581395349,
        60.32093023255814,
        58.01860465116279,
        56,
        55.716279069767445,
        52.95348837209303,
        49.730232558139534,
        46.967441860465115,
        45,
        44.2046511627907,
        41.44186046511628,
        38.67906976744186,
        36.37674418604651,
        35,
        34.074418604651164,
        31.772093023255813,
        29.469767441860466,
        27.167441860465118,
        25,
        24.404651162790696,
        22.10232558139535,
        18.87906976744186,
        16.57674418604651,
        14,
        13.353488372093024,
        10.590697674418605,
        8.288372093023256,
        5.986046511627907,
        5,
        4.604651162790698,
        3.683720930232558,
        2.7627906976744185,
        3.683720930232558,
        3,
        3.683720930232558,
        3.683720930232558,
        3.2232558139534886,
        2.7627906976744185,
        2,
        2.302325581395349,
        1.841860465116279,
        1.3813953488372093,
        0.9209302325581395,
        0,
        0.4604651162790698,
        0.0,
        0.4604651162790698,
        0.4604651162790698,
        0,
        0.9209302325581395,
        1.3813953488372093,
        2.302325581395349,
        3.683720930232558,
        4,
        5.525581395348837,
        7.8279069767441865,
        10.130232558139534,
        12.893023255813954,
        14,
        15.655813953488373,
        18.87906976744186,
        22.56279069767442,
        25.78604651162791,
        27,
        28.548837209302327,
        31.772093023255813,
        34.074418604651164,
        36.83720930232558,
        37,
        38.67906976744186,
        40.520930232558136,
        41.44186046511628,
        42.82325581395349,
        43,
        43.74418604651163,
        44.665116279069764,
        45.12558139534884,
        45.586046511627906,
        45,
        46.04651162790697,
        46.50697674418605,
        46.967441860465115,
        47.42790697674418,
        47,
        47.42790697674418,
        47.42790697674418,
        46.967441860465115,
        46.967441860465115,
        46,
        46.50697674418605,
        46.50697674418605,
        46.04651162790697,
        45.586046511627906,
        45,
        45.586046511627906,
        45.586046511627906,
        45.586046511627906,
        45.586046511627906,
        45,
        46.04651162790697,
        46.50697674418605,
        46.967441860465115,
        47.88837209302326,
        48,
        49.269767441860466,
        50.651162790697676,
        52.032558139534885,
        54.334883720930236,
        55,
        57.55813953488372,
        59.86046511627907,
        62.62325581395349,
        65.84651162790698,
        67,
        69.06976744186046,
        72.75348837209302,
        75.97674418604652,
        79.2,
        80,
        81.96279069767442,
        84.72558139534884,
        87.48837209302326,
        89.79069767441861,
        90,
        91.63255813953488,
        93.47441860465116,
        94.3953488372093,
        95.77674418604651,
        95,
        95.77674418604651,
        96.69767441860465,
        97.15813953488372,
        97.15813953488372,
        97,
        97.15813953488372,
        96.69767441860465,
        96.69767441860465,
        96.23720930232558,
        96,
        96.23720930232558,
        95.77674418604651,
        96.23720930232558,
        96.23720930232558,
        96,
        96.69767441860465,
        96.23720930232558,
        96.23720930232558,
        95.77674418604651
    ]
}