{
    "x": [
        0.0,
        1.32,
        1,
        2.64,
        5.28,
        7,
        9.24,
        13.2,
        15,
        17.82,
        21.78,
        24,
        27.06,
        32.34,
        34,
        37.62,
        42.9,
        45,
        47.52,
        52.8,
        55,
        58.08,
        63.36,
        67,
        71.28,
        75.24,
        77,
        80.52,
        85.8,
        88,
        90.42,
        93.06,
        93,
        93.06,
        92.4,
        91,
        91.08,
        86.46,
        84,
        82.5,
        76.56,
        73,
        71.28,
        65.34,
        63,
        61.38,
        58.08,
        56,
        55.44,
        53.46,
        52,
        51.48,
        51.48,
        51,
        50.82,
        50.82,
        50,
        50.16,
        50.16,
        49,
        49.5,
        50.16,
        50,
        50.16,
        50.82,
        50,
        50.82,
        52.14,
        52,
        52.8,
        53.46,
        53,
        54.12,
        55.44,
        55,
        55.44,
        56.1,
        56,
        56.1,
        55.44,
        55,
        56.1,
        56.1,
        55,
        55.44,
        53.46,
        51,
        50.16,
        46.2,
        43,
        40.26,
        39.6,
        34,
        29.04,
        23.76,
        21,
        19.14,
        17.16,
        17,
        17.16,
        17.82,
        18,
        19.8,
        23.76,
        26,
        28.38,
        33.0,
        36,
        39.6,
        46.2,
        49,
        53.46,
        60.06,
        63,
        67.32,
        73.92,
        76,
        79.86,
        85.8,
        88,
        91.08,
        95.04,
        96,
        97.68,
        99.0,
        99,
        99.0,
        97.68,
        97,
        96.36,
        93.72,
        92,
        91.08,
        87.78,
        85,
        83.82,
        79.86,
        77,
        75.9,
        71.28,
        69,
        67.32,
        62.04,
        60,
        58.08,
        54.78,
        53,
        52.14,
        50.16,
        49,
        48.18,
        46.86,
        46,
        46.2,
        45.54,
        45,
        45.54,
        46.86,
        47,
        48.84,
        50.82,
        52,
        53.46,
        56.76,
        58,
        60.06,
        63.36,
        65,
        66.66,
        69.3,
        70,
        71.94,
        75.24,
        76.56,
        77.22
    ],
    "y": [
        23.94418604651163,
        23.94418604651163,
        23,
        23.94418604651163,
        23.94418604651163,
        23,
        23.94418604651163,
        23.94418604651163,
        23,
        23.023255813953487,
        23.023255813953487,
        23,
        23.483720930232558,
        23.483720930232558,
        23,
        23.483720930232558,
        22.56279069767442,
        22,
        22.10232558139535,
        22.56279069767442,
        22,
        23.023255813953487,
        23.023255813953487,
        24,
        25.325581395348838,
        22.10232558139535,
        22,
        22.10232558139535,
        22.10232558139535,
        22,
        22.56279069767442,
        22.56279069767442,
        22,
        22.56279069767442,
        22.56279069767442,
        22,
        22.56279069767442,
        22.56279069767442,
        22,
        22.56279069767442,
        22.10232558139535,
        22,
        22.10232558139535,
        23.023255813953487,
        23,
        23.483720930232558,
        23.483720930232558,
        23,
        23.483720930232558,
        24.404651162790696,
        25,
        25.78604651162791,
        28.088372093023256,
        29,
        29.930232558139537,
        32.693023255813955,
        34,
        35.91627906976744,
        39.6,
        41,
        43.74418604651163,
        47.88837209302326,
        49,
        51.57209302325582,
        55.716279069767445,
        57,
        59.86046511627907,
        64.46511627906976,
        66,
        68.6093023255814,
        72.75348837209302,
        74,
        76.89767441860465,
        80.5813953488372,
        82,
        84.72558139534884,
        88.4093023255814,
        90,
        92.09302325581395,
        94.85581395348837,
        95,
        96.69767441860465,
        98.07906976744187,
        98,
        98.53953488372093,
        98.53953488372093,
        98,
        98.07906976744187,
        98.07906976744187,
        98,
        98.07906976744187,
        97.15813953488372,
        97,
        97.61860465116278,
        97.61860465116278,
        97,
        97.61860465116278,
        97.61860465116278,
        97,
        97.61860465116278,
        97.15813953488372,
        96,
        96.69767441860465,
        96.69767441860465,
        96,
        97.15813953488372,
        97.15813953488372,
        97,
        97.61860465116278,
        97.61860465116278,
        97,
        98.07906976744187,
        98.07906976744187,
        98,
        98.07906976744187,
        99.0,
        98,
        98.53953488372093,
        98.07906976744187,
        98,
        98.07906976744187,
        98.07906976744187,
        97,
        97.61860465116278,
        97.15813953488372,
        97,
        97.15813953488372,
        96.69767441860465,
        96,
        95.77674418604651,
        94.85581395348837,
        93,
        92.09302325581395,
        88.86976744186046,
        86,
        83.80465116279069,
        77.81860465116279,
        73,
        69.9906976744186,
        62.62325581395349,
        58,
        54.334883720930236,
        46.50697674418605,
        43,
        39.6,
        32.693023255813955,
        30,
        27.627906976744185,
        26.706976744186047,
        23,
        19.8,
        17.49767441860465,
        16,
        15.655813953488373,
        14.734883720930233,
        14,
        13.813953488372093,
        12.893023255813954,
        12,
        11.511627906976743,
        10.130232558139534,
        9,
        8.748837209302325,
        7.367441860465116,
        6,
        5.986046511627907,
        4.604651162790698,
        3,
        3.2232558139534886,
        1.841860465116279,
        1,
        0.4604651162790698,
        0.0,
        0.0,
        0.0
    ]
}