{
    "x": [
        0.0,
        0.0,
        2.4,
        1.2,
        3,
        4.8,
        6.6,
        8.4,
        10.8,
        12,
        13.8,
        16.8,
        19.2,
        22.8,
        24,
        26.4,
        30.0,
        33.6,
        37.2,
        39,
        40.8,
        44.4,
        48.0,
        51.6,
        53,
        55.2,
        58.8,
        63.6,
        67.2,
        69,
        72.0,
        75.6,
        79.8,
        83.4,
        84,
        86.4,
        88.8,
        90.0,
        91.8,
        90,
        88.8,
        85.8,
        82.8,
        78.6,
        76,
        74.4,
        73.8,
        66.0,
        62.4,
        60,
        58.8,
        55.8,
        52.8,
        51.0,
        50,
        50.4,
        49.2,
        49.2,
        49.8,
        49,
        49.2,
        49.8,
        49.8,
        49.8,
        50,
        50.4,
        51.0,
        51.6,
        52.2,
        52,
        52.8,
        54.0,
        54.6,
        55.2,
        55,
        55.8,
        53.4,
        56.4,
        57.0,
        57,
        58.2,
        58.8,
        59.4,
        60.0,
        60,
        60.6,
        61.2,
        60.6,
        59.4,
        58,
        57.0,
        52.8,
        48.0,
        43.2,
        40,
        38.4,
        34.8,
        30.0,
        31.8,
        31,
        31.8,
        32.4,
        34.8,
        37.8,
        39,
        41.4,
        45.0,
        48.6,
        52.8,
        54,
        56.4,
        60.6,
        64.2,
        69.0,
        71,
        73.2,
        77.4,
        81.0,
        85.8,
        87,
        89.4,
        93.0,
        96.0,
        97.8,
        98,
        99.0,
        97.8,
        96.6,
        94.2,
        92,
        90.6,
        87.0,
        84.0,
        79.8,
        77,
        75.0,
        70.8,
        66.6,
        62.4,
        60,
        58.8,
        56.4,
        54.0,
        52.2,
        51,
        50.4,
        49.2,
        47.4,
        46.2,
        45,
        43.8,
        43.8,
        43.8,
        43.2,
        43,
        43.8,
        44.4,
        45.6,
        46.8,
        47,
        48.6,
        51.0,
        53.4,
        54.0,
        56,
        58.8,
        61.2,
        63.6,
        66.6,
        67,
        69.0,
        71.4,
        73.2,
        74.4,
        75.0
    ],
    "y": [
        34.26923076923077,
        36.64903846153846,
        35.22115384615385,
        34.26923076923077,
        34,
        34.74519230769231,
        34.74519230769231,
        33.79326923076923,
        33.31730769230769,
        33,
        33.31730769230769,
        32.84134615384615,
        31.889423076923077,
        31.889423076923077,
        31,
        31.889423076923077,
        31.41346153846154,
        30.9375,
        30.9375,
        30,
        30.46153846153846,
        29.985576923076923,
        29.985576923076923,
        29.985576923076923,
        29,
        29.509615384615383,
        29.033653846153847,
        29.509615384615383,
        29.033653846153847,
        29,
        29.033653846153847,
        28.557692307692307,
        28.08173076923077,
        27.60576923076923,
        27,
        27.60576923076923,
        27.60576923076923,
        27.60576923076923,
        27.60576923076923,
        27,
        28.08173076923077,
        28.08173076923077,
        28.557692307692307,
        29.033653846153847,
        29,
        29.033653846153847,
        29.033653846153847,
        29.509615384615383,
        29.509615384615383,
        29,
        29.509615384615383,
        29.985576923076923,
        29.985576923076923,
        30.46153846153846,
        30,
        30.9375,
        32.84134615384615,
        33.31730769230769,
        34.74519230769231,
        35,
        37.125,
        39.02884615384615,
        41.88461538461539,
        44.74038461538461,
        46,
        47.59615384615385,
        50.45192307692308,
        53.78365384615385,
        56.63942307692308,
        58,
        59.97115384615385,
        62.82692307692308,
        66.15865384615384,
        69.49038461538461,
        71,
        72.82211538461539,
        77.10576923076923,
        79.48557692307692,
        82.34134615384616,
        83,
        85.19711538461539,
        88.05288461538461,
        89.95673076923077,
        92.33653846153847,
        93,
        93.76442307692308,
        95.66826923076923,
        96.6201923076923,
        97.57211538461539,
        97,
        98.04807692307692,
        98.52403846153847,
        98.52403846153847,
        99.0,
        99,
        99.0,
        99.0,
        98.52403846153847,
        99.0,
        98,
        98.52403846153847,
        98.52403846153847,
        98.52403846153847,
        98.04807692307692,
        98,
        98.04807692307692,
        98.04807692307692,
        97.57211538461539,
        98.04807692307692,
        98,
        98.04807692307692,
        97.57211538461539,
        97.09615384615384,
        97.09615384615384,
        97,
        97.09615384615384,
        97.09615384615384,
        96.14423076923077,
        96.6201923076923,
        96,
        96.14423076923077,
        95.66826923076923,
        95.66826923076923,
        95.66826923076923,
        95,
        95.66826923076923,
        95.1923076923077,
        95.1923076923077,
        93.76442307692308,
        93,
        92.33653846153847,
        89.48076923076923,
        85.67307692307692,
        80.91346153846153,
        78,
        75.20192307692308,
        69.01442307692308,
        62.35096153846154,
        55.6875,
        52,
        49.5,
        44.26442307692308,
        39.50480769230769,
        35.22115384615385,
        33,
        31.889423076923077,
        29.033653846153847,
        26.177884615384617,
        23.798076923076923,
        23,
        23.322115384615383,
        21.41826923076923,
        20.466346153846153,
        19.990384615384617,
        19,
        19.03846153846154,
        18.08653846153846,
        17.134615384615383,
        16.182692307692307,
        15,
        14.754807692307692,
        13.326923076923077,
        11.899038461538462,
        9.04326923076923,
        8,
        8.091346153846153,
        7.139423076923077,
        5.235576923076923,
        3.331730769230769,
        2,
        1.4278846153846154,
        0.47596153846153844,
        0.0,
        0.0,
        0.0
    ]
}