{
    "x": [
        1.03125,
        1.03125,
        1,
        1,
        1,
        1,
        2.0625,
        1,
        0,
        0.0,
        2,
        2,
        3,
        4.125,
        4,
        5.15625,
        5,
        5,
        5,
        6.703125,
        6,
        7,
        7.734375,
        7,
        8,
        8,
        8,
        9.796875,
        11.34375,
        11,
        11,
        12,
        12,
        13.921875,
        15,
        15,
        16.5,
        17,
        17,
        17,
        18.5625,
        19,
        20.625,
        20,
        20,
        21,
        22.6875,
        22,
        23,
        24.75,
        24,
        25,
        25,
        25,
        26.8125,
        28.875,
        28,
        29,
        30,
        30,
        31.453125,
        32,
        32,
        33.0,
        34,
        34,
        34,
        35.578125,
        36,
        37.125,
        37,
        37,
        37,
        38.671875,
        38,
        39,
        40.21875,
        40,
        40,
        40,
        40,
        41.765625,
        42.796875,
        42,
        42,
        43,
        43,
        44.859375,
        45,
        45,
        45.890625,
        46,
        46,
        46,
        47.4375,
        47,
        48.46875,
        48,
        48,
        49,
        50.015625,
        50,
        50,
        51.5625,
        51,
        52,
        52,
        52,
        53.109375,
        54.65625,
        54,
        54,
        55,
        55,
        56.71875,
        58,
        58,
        59.296875,
        60,
        60,
        60,
        61.875,
        63,
        64.453125,
        65,
        65,
        66,
        67.546875,
        68,
        69,
        70.640625,
        70,
        71,
        72,
        72,
        73.21875,
        75.796875,
        75,
        76,
        77,
        77,
        78.890625,
        80,
        80,
        81.46875,
        82,
        82,
        83,
        84.046875,
        85,
        86.625,
        86,
        86,
        87,
        89.203125,
        89,
        90,
        91.78125,
        91,
        92,
        92,
        92,
        93.84375,
        95.90625,
        95,
        95,
        96,
        96,
        97.96875,
        98,
        98,
        98.484375,
        98,
        98,
        99.0
    ],
    "y": [
        0.0,
        0.5789473684210527,
        0,
        0,
        1,
        1,
        2.8947368421052633,
        4,
        4,
        5.7894736842105265,
        4,
        3,
        3,
        3.473684210526316,
        4,
        4.631578947368421,
        4,
        4,
        5,
        6.947368421052632,
        7,
        8,
        11.0,
        11,
        12,
        12,
        12,
        13.31578947368421,
        15.631578947368421,
        15,
        16,
        17,
        17,
        18.526315789473685,
        19,
        19,
        20.842105263157894,
        22,
        22,
        23,
        24.31578947368421,
        26,
        28.36842105263158,
        29,
        29,
        30,
        31.842105263157894,
        32,
        33,
        35.31578947368421,
        36,
        37,
        38,
        38,
        39.94736842105263,
        44.0,
        44,
        45,
        46,
        47,
        49.78947368421053,
        52,
        53,
        55.0,
        57,
        57,
        58,
        60.78947368421053,
        63,
        66.57894736842105,
        67,
        68,
        69,
        72.94736842105263,
        73,
        75,
        78.73684210526316,
        79,
        81,
        82,
        82,
        83.94736842105263,
        89.15789473684211,
        89,
        90,
        91,
        92,
        93.21052631578948,
        94,
        95,
        96.6842105263158,
        97,
        97,
        98,
        99.0,
        99,
        99.0,
        98,
        98,
        98,
        98.42105263157895,
        97,
        97,
        96.6842105263158,
        95,
        95,
        94,
        94,
        94.94736842105263,
        92.05263157894737,
        91,
        91,
        90,
        89,
        88.0,
        85,
        83,
        82.78947368421052,
        80,
        79,
        78,
        77.57894736842105,
        74,
        71.78947368421052,
        69,
        68,
        68,
        65.42105263157895,
        63,
        62,
        59.63157894736842,
        57,
        56,
        54,
        53,
        53.26315789473684,
        46.89473684210526,
        45,
        45,
        44,
        42,
        41.10526315789474,
        38,
        36,
        35.31578947368421,
        32,
        31,
        30,
        29.526315789473685,
        26,
        24.31578947368421,
        22,
        21,
        21,
        17.94736842105263,
        16,
        15,
        13.894736842105264,
        12,
        11,
        10,
        9,
        9.263157894736842,
        5.7894736842105265,
        4,
        4,
        4,
        3,
        3.473684210526316,
        2,
        1,
        1.736842105263158,
        1,
        1,
        1.1578947368421053
    ]
}