{
    "x": [
        0.0,
        0.0,
        0,
        0,
        0,
        0,
        1.85625,
        2,
        2,
        2.475,
        3,
        3,
        3,
        3.7125,
        3,
        4,
        5.56875,
        5,
        5,
        6,
        7.425,
        7,
        8,
        8.6625,
        8,
        9,
        10,
        10,
        11.1375,
        12,
        13.6125,
        14,
        15,
        17,
        18,
        20.41875,
        19,
        18,
        18.5625,
        20,
        20,
        20,
        21.65625,
        23,
        23,
        24.75,
        24,
        24,
        25,
        27.225,
        27,
        28,
        29.7,
        30,
        31,
        31,
        31,
        32.79375,
        35.8875,
        35,
        35,
        36,
        37,
        37,
        38.3625,
        39,
        39,
        40.21875,
        41,
        41,
        41,
        42.69375,
        41,
        39.6,
        40,
        41,
        42,
        43,
        46.40625,
        46,
        47,
        47.64375,
        47,
        48,
        48,
        48,
        49.5,
        50.7375,
        50,
        50,
        50,
        51,
        51,
        52.59375,
        53,
        53,
        53.83125,
        53,
        53,
        53,
        53.83125,
        51,
        49.5,
        50,
        50,
        51,
        52,
        56.30625,
        56,
        57,
        58.1625,
        58,
        59,
        59,
        59,
        60.6375,
        63.1125,
        63,
        63,
        63,
        64,
        64,
        65.5875,
        67,
        67,
        68.68125,
        70,
        70,
        70,
        71.775,
        73,
        74.86875,
        75,
        75,
        75,
        76,
        77.34375,
        78,
        79,
        81.05625,
        81,
        82,
        82,
        82,
        83.53125,
        86.00625,
        86,
        86,
        87,
        87,
        88,
        89.1,
        90,
        90,
        90.95625,
        91,
        91,
        91,
        92.8125,
        94,
        95.2875,
        95,
        95,
        95,
        95,
        96.525,
        96,
        97,
        97.7625,
        97,
        98,
        98,
        98,
        99.0,
        99.0
    ],
    "y": [
        0.0,
        2.25,
        2,
        2,
        3,
        3,
        3.9375,
        4,
        4,
        5.0625,
        5,
        5,
        5,
        6.1875,
        6,
        7,
        9.5625,
        10,
        10,
        11,
        13.5,
        14,
        15,
        18.0,
        18,
        19,
        20,
        20,
        21.375,
        23,
        24.75,
        24,
        25,
        26,
        26,
        27.5625,
        30,
        31,
        33.1875,
        35,
        35,
        36,
        37.6875,
        39,
        40,
        41.625,
        42,
        42,
        43,
        45.5625,
        46,
        47,
        50.0625,
        51,
        52,
        53,
        53,
        54.5625,
        60.1875,
        60,
        60,
        61,
        63,
        64,
        65.8125,
        68,
        69,
        71.4375,
        73,
        73,
        74,
        76.5,
        80,
        84.375,
        84,
        84,
        84,
        85,
        87.1875,
        88,
        89,
        91.125,
        91,
        92,
        92,
        92,
        93.9375,
        96.1875,
        96,
        96,
        96,
        97,
        98,
        99.0,
        99,
        99,
        99.0,
        98,
        97,
        97,
        97.3125,
        97,
        96.75,
        95,
        94,
        94,
        94,
        91.6875,
        90,
        89,
        87.75,
        86,
        85,
        84,
        83,
        83.25,
        79.3125,
        78,
        77,
        76,
        76,
        74,
        73.125,
        70,
        68,
        67.5,
        64,
        63,
        62,
        61.3125,
        58,
        55.125,
        53,
        52,
        52,
        52,
        49.5,
        47,
        46,
        43.3125,
        41,
        40,
        38,
        37,
        37.6875,
        32.0625,
        31,
        30,
        29,
        28,
        27,
        26.4375,
        23,
        22,
        21.375,
        19,
        18,
        17,
        16.875,
        14,
        11.8125,
        10,
        10,
        10,
        9,
        8.4375,
        7,
        7,
        5.625,
        4,
        4,
        3,
        3,
        3.9375,
        2.8125
    ]
}