{
    "x": [
        0.0,
        0.0,
        0,
        0,
        0,
        0.0,
        0,
        0,
        0.0,
        0,
        0,
        0,
        0.0,
        0.495,
        0,
        0,
        0,
        1.485,
        1,
        1,
        1.98,
        2,
        2,
        2,
        3.465,
        4.95,
        5,
        5,
        6,
        7.92,
        7,
        7,
        7.92,
        8,
        8,
        8,
        8.91,
        12.87,
        11,
        11,
        11,
        10.395,
        11,
        12,
        13.365,
        14,
        14,
        14,
        14.85,
        16.335,
        16,
        16,
        17,
        17.82,
        19,
        20,
        21.285,
        21,
        20,
        20,
        20.79,
        22.77,
        23,
        23,
        24,
        25.245,
        26,
        26,
        27.225,
        28,
        29,
        29,
        30.195,
        31.185,
        31,
        31,
        32,
        34.155,
        34,
        34,
        35.64,
        36,
        36,
        36,
        37.125,
        37.62,
        37,
        37,
        38,
        39.105,
        39,
        39,
        40.59,
        41,
        41,
        41,
        41.58,
        42.57,
        42,
        42,
        43,
        43.56,
        44,
        44,
        45.045,
        45,
        45,
        45,
        46.53,
        48.51,
        48,
        48,
        49,
        50.985,
        52,
        52,
        53.46,
        56,
        57,
        58,
        59.4,
        58.905,
        59,
        59,
        60,
        61.875,
        63,
        63,
        64.845,
        66,
        67,
        67,
        68.31,
        71.28,
        71,
        71,
        72,
        73.755,
        75,
        75,
        76.725,
        77,
        77,
        77,
        78.705,
        81.18,
        81,
        81,
        82,
        83.655,
        84,
        85,
        86.13,
        87,
        87,
        87,
        88.605,
        88.605,
        89,
        91,
        93.555,
        94,
        95.535,
        96,
        96,
        97.02,
        98.01,
        98,
        98,
        99.0,
        99,
        99.0,
        99,
        99,
        99.0
    ],
    "y": [
        0.0,
        0.0,
        0,
        0,
        0,
        1.2222222222222223,
        1,
        1,
        1.8333333333333333,
        1,
        1,
        1,
        1.8333333333333333,
        3.6666666666666665,
        3,
        3,
        4,
        4.888888888888889,
        6,
        6,
        7.944444444444445,
        9,
        9,
        9,
        10.38888888888889,
        13.444444444444445,
        14,
        14,
        15,
        17.11111111111111,
        18,
        19,
        20.77777777777778,
        22,
        23,
        23,
        24.444444444444443,
        26.88888888888889,
        27,
        28,
        29,
        32.388888888888886,
        33,
        33,
        34.22222222222222,
        36,
        37,
        37,
        38.5,
        42.77777777777778,
        43,
        44,
        45,
        47.666666666666664,
        50,
        51,
        53.77777777777778,
        55,
        55,
        55,
        56.833333333333336,
        62.94444444444444,
        63,
        64,
        65,
        67.83333333333333,
        69,
        70,
        72.11111111111111,
        74,
        75,
        75,
        76.38888888888889,
        83.72222222222223,
        83,
        83,
        84,
        84.94444444444444,
        87,
        88,
        89.22222222222223,
        91,
        91,
        91,
        92.88888888888889,
        96.55555555555556,
        96,
        96,
        97,
        98.38888888888889,
        98,
        98,
        99.0,
        99,
        99,
        99,
        99.0,
        97.77777777777777,
        96,
        96,
        96,
        95.94444444444444,
        94,
        93,
        92.88888888888889,
        91,
        90,
        89,
        89.83333333333333,
        86.16666666666667,
        85,
        84,
        84,
        82.5,
        80,
        78,
        77.61111111111111,
        75,
        74,
        73,
        73.33333333333333,
        67.83333333333333,
        66,
        65,
        65,
        62.94444444444444,
        60,
        59,
        58.666666666666664,
        56,
        55,
        54,
        54.388888888888886,
        49.5,
        48,
        47,
        47,
        44.611111111111114,
        41,
        40,
        39.111111111111114,
        36,
        35,
        34,
        34.833333333333336,
        30.555555555555557,
        29,
        28,
        28,
        26.27777777777778,
        24,
        23,
        22.0,
        19,
        18,
        17,
        17.72222222222222,
        14.666666666666666,
        13,
        12,
        10.38888888888889,
        8,
        7.333333333333333,
        6,
        5,
        4.888888888888889,
        1.8333333333333333,
        1,
        1,
        1.2222222222222223,
        0,
        0.0,
        0,
        0,
        0.6111111111111112
    ]
}