{
    "x": [
        0.0,
        0.0,
        0,
        0,
        0,
        0,
        1.1,
        1,
        1,
        1.65,
        2,
        2,
        2,
        2.75,
        3,
        4.4,
        4,
        4,
        5,
        6.05,
        6,
        6,
        7.7,
        7,
        8,
        8,
        8,
        9.9,
        11.55,
        11,
        11,
        12,
        12,
        13.75,
        15,
        15,
        16.5,
        17,
        17,
        18,
        19.25,
        20,
        22.0,
        22,
        22,
        23,
        24.2,
        24,
        25,
        26.4,
        25,
        25,
        25,
        25,
        25.3,
        31.35,
        31,
        31,
        32,
        33,
        34.1,
        35,
        35,
        36.3,
        37,
        37,
        37,
        38.5,
        39,
        40.7,
        41,
        41,
        42,
        43.45,
        43,
        44,
        46.2,
        46,
        47,
        47,
        47,
        48.4,
        50.05,
        50,
        50,
        51,
        51,
        52.25,
        53,
        53,
        54.45,
        55,
        55,
        55,
        56.1,
        57,
        58.3,
        58,
        58,
        59,
        59.95,
        59,
        60,
        61.05,
        61,
        61,
        61,
        61,
        62.15,
        63.25,
        63,
        63,
        63,
        63,
        63.8,
        64,
        64,
        64.9,
        66,
        66,
        66,
        67.1,
        67,
        68.75,
        68,
        68,
        69,
        70.4,
        70,
        71,
        72.6,
        72,
        73,
        73,
        73,
        74.25,
        76.45,
        76,
        76,
        77,
        77,
        78.1,
        79,
        80.3,
        81,
        81,
        81.95,
        83.05,
        83,
        83,
        84.7,
        85,
        86.35,
        86,
        86,
        87.45,
        88.55,
        87,
        87,
        86.9,
        89,
        91.3,
        91,
        91,
        92.4,
        94.05,
        93,
        93,
        92.4,
        94,
        97.35,
        97,
        97,
        97.9,
        99.0
    ],
    "y": [
        5.785714285714286,
        7.071428571428571,
        7,
        7,
        8,
        8,
        9.0,
        9,
        9,
        10.285714285714286,
        9,
        9,
        9,
        9.0,
        9,
        9.642857142857142,
        10,
        10,
        11,
        12.857142857142858,
        13,
        15,
        17.357142857142858,
        17,
        18,
        19,
        19,
        20.571428571428573,
        22.5,
        22,
        22,
        23,
        24,
        25.071428571428573,
        27,
        27,
        28.928571428571427,
        31,
        31,
        32,
        34.07142857142857,
        35,
        37.285714285714285,
        38,
        38,
        39,
        41.142857142857146,
        41,
        42,
        43.714285714285715,
        44,
        45,
        46,
        47,
        48.214285714285715,
        50.142857142857146,
        50,
        51,
        52,
        53,
        54.642857142857146,
        56,
        57,
        58.5,
        60,
        60,
        61,
        62.357142857142854,
        64,
        66.21428571428571,
        67,
        67,
        68,
        70.07142857142857,
        71,
        72,
        74.57142857142857,
        75,
        76,
        77,
        77,
        78.42857142857143,
        82.28571428571429,
        82,
        82,
        83,
        84,
        85.5,
        87,
        87,
        88.71428571428571,
        90,
        90,
        90,
        91.28571428571429,
        92,
        94.5,
        94,
        94,
        95,
        96.42857142857143,
        96,
        97,
        98.35714285714286,
        98,
        98,
        98,
        98,
        99.0,
        98.35714285714286,
        97,
        97,
        97,
        96,
        96.42857142857143,
        95,
        94,
        93.85714285714286,
        91,
        90,
        90,
        90.0,
        88,
        86.78571428571429,
        85,
        84,
        84,
        81.64285714285714,
        80,
        79,
        77.14285714285714,
        75,
        74,
        73,
        72,
        72.0,
        66.85714285714286,
        65,
        65,
        64,
        63,
        62.357142857142854,
        59,
        57.214285714285715,
        54,
        53,
        52.714285714285715,
        47.57142857142857,
        46,
        45,
        42.42857142857143,
        40,
        37.92857142857143,
        35,
        34,
        33.42857142857143,
        28.285714285714285,
        27,
        26,
        25.071428571428573,
        22,
        20.571428571428573,
        18,
        17,
        16.071428571428573,
        11.571428571428571,
        10,
        10,
        9.642857142857142,
        7,
        4.5,
        3,
        2,
        1.9285714285714286,
        0.0
    ]
}