{
    "x": [
        0.0,
        0.0,
        0,
        0,
        0,
        0,
        0.6,
        0,
        0,
        1.2,
        1,
        1,
        1,
        1.8,
        2,
        2.4,
        2,
        2,
        3,
        4.2,
        4,
        4,
        5.4,
        5,
        6,
        6,
        6,
        7.2,
        9.6,
        9,
        9,
        10,
        10,
        10.8,
        12,
        12,
        13.2,
        14,
        14,
        14,
        15.0,
        15,
        16.8,
        16,
        16,
        17,
        18.6,
        18,
        19,
        21.0,
        21,
        21,
        21,
        21,
        22.8,
        24.6,
        24,
        24,
        25,
        25,
        26.4,
        27,
        27,
        28.2,
        29,
        29,
        29,
        30.6,
        31,
        33.0,
        33,
        33,
        34,
        35.4,
        35,
        36,
        36.6,
        36,
        37,
        38,
        38,
        39.0,
        40.2,
        40,
        40,
        40,
        40,
        41.4,
        42,
        42,
        42.6,
        42,
        42,
        42,
        43.2,
        43,
        44.4,
        44,
        44,
        45,
        46.2,
        46,
        46,
        46.8,
        46,
        47,
        47,
        47,
        48.6,
        50.4,
        50,
        50,
        51,
        51,
        52.8,
        53,
        53,
        54.6,
        56,
        56,
        56,
        57.6,
        58,
        60.0,
        60,
        60,
        61,
        63.0,
        63,
        64,
        66.0,
        66,
        67,
        68,
        68,
        69.0,
        71.4,
        71,
        71,
        72,
        72,
        73.8,
        73,
        73,
        73.2,
        76,
        76,
        77,
        79.2,
        80,
        81.6,
        82,
        82,
        83,
        84.6,
        85,
        86,
        87.6,
        87,
        87,
        87,
        87,
        87.6,
        93.6,
        93,
        94,
        95,
        95,
        96.6,
        97,
        97,
        97.8,
        98,
        98,
        99.0
    ],
    "y": [
        2.731034482758621,
        4.096551724137931,
        4,
        4,
        4,
        4,
        4.096551724137931,
        5,
        5,
        6.144827586206897,
        6,
        6,
        6,
        6.144827586206897,
        7,
        8.193103448275862,
        8,
        8,
        9,
        11.606896551724137,
        11,
        12,
        13.655172413793103,
        14,
        15,
        16,
        16,
        17.06896551724138,
        19.8,
        19,
        20,
        21,
        22,
        23.213793103448275,
        25,
        26,
        27.99310344827586,
        30,
        30,
        31,
        32.08965517241379,
        34,
        36.86896551724138,
        37,
        38,
        39,
        41.648275862068964,
        42,
        43,
        45.744827586206895,
        46,
        47,
        48,
        48,
        49.84137931034483,
        55.30344827586207,
        55,
        56,
        57,
        58,
        60.08275862068965,
        62,
        63,
        64.86206896551724,
        67,
        67,
        68,
        69.64137931034483,
        72,
        74.42068965517241,
        75,
        76,
        77,
        79.88275862068966,
        80,
        81,
        83.97931034482758,
        84,
        86,
        87,
        88,
        89.44137931034483,
        94.22068965517241,
        94,
        94,
        95,
        96,
        97.63448275862069,
        98,
        98,
        99.0,
        99,
        99,
        99,
        99.0,
        98,
        97.63448275862069,
        96,
        96,
        96,
        96.26896551724138,
        95,
        94,
        93.53793103448275,
        92,
        91,
        90,
        89,
        89.44137931034483,
        85.34482758620689,
        84,
        84,
        83,
        82,
        81.24827586206897,
        78,
        76,
        75.78620689655172,
        73,
        72,
        71,
        70.32413793103449,
        67,
        65.54482758620689,
        63,
        62,
        62,
        60.08275862068965,
        58,
        57,
        54.62068965517241,
        53,
        52,
        50,
        49,
        49.84137931034483,
        44.37931034482759,
        43,
        42,
        41,
        39,
        38.91724137931035,
        36,
        35,
        34.820689655172416,
        31,
        30,
        29,
        28.675862068965518,
        26,
        23.896551724137932,
        22,
        21,
        21,
        19.8,
        18,
        17,
        15.020689655172413,
        14,
        13,
        12,
        12,
        12.289655172413793,
        6.827586206896552,
        5,
        5,
        5,
        4,
        4.096551724137931,
        2,
        1,
        1.3655172413793104,
        0,
        0,
        0.0
    ]
}