{
    "x": [
        0.0,
        0.0,
        0,
        0,
        0,
        0,
        0.0,
        0,
        0,
        0.0,
        0,
        0,
        0,
        0.0,
        0,
        0.0,
        0,
        0,
        0,
        1.2,
        1,
        1,
        1.2,
        1,
        1,
        1,
        1,
        2.4,
        3.6,
        3,
        3,
        4,
        4,
        5.4,
        6,
        6,
        7.2,
        7,
        7,
        7,
        8.4,
        9,
        10.8,
        10,
        10,
        11,
        12.6,
        12,
        13,
        14.4,
        14,
        15,
        15,
        15,
        16.2,
        17.4,
        17,
        17,
        18,
        18,
        19.2,
        20,
        20,
        21.0,
        22,
        22,
        22,
        23.4,
        24,
        26.4,
        26,
        26,
        27,
        28.2,
        28,
        29,
        30.0,
        30,
        31,
        32,
        32,
        33.0,
        35.4,
        35,
        35,
        36,
        36,
        37.8,
        38,
        38,
        39.6,
        40,
        40,
        40,
        40.8,
        41,
        42.0,
        42,
        42,
        42,
        42.0,
        42,
        42,
        43.2,
        43,
        43,
        43,
        43,
        44.4,
        46.8,
        46,
        47,
        48,
        48,
        49.8,
        51,
        51,
        52.2,
        53,
        53,
        54,
        55.2,
        56,
        57.6,
        58,
        58,
        59,
        60.6,
        61,
        62,
        64.2,
        64,
        65,
        66,
        66,
        67.2,
        70.2,
        70,
        71,
        72,
        72,
        73.8,
        75,
        76,
        77.4,
        78,
        78,
        78,
        79.8,
        81,
        82.2,
        82,
        82,
        83,
        84.6,
        84,
        85,
        87.0,
        87,
        88,
        88,
        88,
        89.4,
        91.8,
        91,
        92,
        93,
        93,
        94.2,
        94,
        95.4,
        96,
        96,
        97.8,
        99.0
    ],
    "y": [
        2.3431952662721893,
        3.514792899408284,
        3,
        3,
        3,
        3,
        4.100591715976331,
        4,
        4,
        5.272189349112426,
        5,
        5,
        5,
        6.443786982248521,
        7,
        7.615384615384615,
        8,
        8,
        9,
        10.544378698224852,
        11,
        12,
        14.059171597633137,
        14,
        15,
        15,
        15,
        16.402366863905325,
        19.331360946745562,
        19,
        20,
        21,
        22,
        23.431952662721894,
        25,
        26,
        28.118343195266274,
        30,
        30,
        31,
        33.3905325443787,
        34,
        36.319526627218934,
        37,
        37,
        38,
        40.42011834319526,
        41,
        42,
        44.5207100591716,
        45,
        47,
        48,
        48,
        49.79289940828402,
        53.89349112426036,
        53,
        54,
        56,
        57,
        59.16568047337278,
        61,
        62,
        63.26627218934911,
        65,
        65,
        66,
        67.95266272189349,
        70,
        73.81065088757397,
        74,
        75,
        76,
        79.66863905325444,
        80,
        82,
        85.5266272189349,
        86,
        87,
        88,
        88,
        89.62721893491124,
        93.72781065088758,
        93,
        94,
        95,
        95,
        96.65680473372781,
        97,
        97,
        98.41420118343196,
        98,
        98,
        98,
        99.0,
        99,
        99.0,
        98,
        98,
        98,
        97.24260355029585,
        96,
        95,
        94.31360946745562,
        93,
        92,
        91,
        91,
        91.38461538461539,
        87.28402366863905,
        86,
        86,
        85,
        84,
        83.18343195266272,
        80,
        78,
        77.91124260355029,
        75,
        74,
        74,
        73.81065088757397,
        70,
        67.95266272189349,
        66,
        65,
        65,
        63.26627218934911,
        61,
        60,
        58.57988165680474,
        57,
        56,
        55,
        54,
        54.4792899408284,
        49.79289940828402,
        48,
        48,
        47,
        46,
        45.10650887573964,
        42,
        41,
        40.42011834319526,
        38,
        37,
        36,
        35.73372781065089,
        33,
        31.047337278106507,
        29,
        28,
        28,
        26.36094674556213,
        25,
        24,
        22.846153846153847,
        21,
        20,
        19,
        18,
        18.159763313609467,
        13.47337278106509,
        12,
        12,
        11,
        10,
        9.372781065088757,
        7,
        5.8579881656804735,
        4,
        3,
        2.3431952662721893,
        0.0
    ]
}