{
    "x": [
        3.96,
        3.96,
        3,
        2.64,
        1.32,
        1,
        1.32,
        1,
        1.32,
        0,
        0.0,
        0.0,
        0,
        0.0,
        0.66,
        0,
        0,
        1.32,
        1.98,
        2,
        2.64,
        3.96,
        4,
        4,
        4.62,
        5.94,
        6,
        6.6,
        7.26,
        8,
        9.24,
        10,
        11.22,
        12,
        13.2,
        15.84,
        17,
        18.48,
        22.44,
        23,
        24,
        27.06,
        31.68,
        34,
        36.96,
        42.9,
        45,
        46,
        48.84,
        54.12,
        56,
        58.08,
        62.7,
        64,
        66.66,
        68,
        69.96,
        71,
        73.26,
        76.56,
        78,
        79.86,
        82.5,
        82,
        83,
        85.14,
        87.12,
        87,
        88.44,
        89.1,
        89,
        89,
        89.76,
        89.76,
        89,
        89.76,
        89.76,
        90,
        90.42,
        90,
        91.08,
        90,
        90.42,
        90.42,
        90,
        90.42,
        90.42,
        90,
        90,
        90.42,
        90.42,
        90,
        89.76,
        89.76,
        89,
        89,
        89.76,
        90.42,
        90,
        90.42,
        90.42,
        90,
        91.08,
        91,
        91.74,
        91,
        91.74,
        92.4,
        92,
        93.06,
        94.38,
        94,
        94,
        95.04,
        96.36,
        96,
        97.02,
        97.68,
        98,
        98,
        98.34,
        98.34,
        98,
        99.0,
        99.0,
        99,
        99.0,
        98,
        98.34,
        97,
        97.02,
        95.04,
        93,
        92.4,
        87.78,
        86,
        85,
        83.16,
        77.88,
        74,
        71.94,
        66.0,
        63,
        62,
        61.38,
        56.1,
        54,
        52.8,
        49.5,
        48,
        48.18,
        47,
        47.52,
        47,
        47.52,
        48.84,
        49,
        50.82,
        52.8,
        53,
        54,
        56.76,
        60.06,
        62,
        64.02,
        67.98,
        69,
        70,
        71.94,
        75.9,
        78,
        80.52,
        83.82,
        85,
        86.46
    ],
    "y": [
        19.89252336448598,
        20.817757009345794,
        21,
        22.66822429906542,
        25.44392523364486,
        26,
        27.757009345794394,
        29,
        30.53271028037383,
        31,
        33.308411214953274,
        37.00934579439252,
        38,
        40.71028037383178,
        44.41121495327103,
        45,
        46,
        48.574766355140184,
        52.73831775700935,
        55,
        57.36448598130841,
        61.99065420560748,
        64,
        65,
        66.15420560747664,
        70.7803738317757,
        72,
        74.48130841121495,
        78.64485981308411,
        80,
        82.34579439252336,
        84,
        86.04672897196262,
        87,
        88.82242990654206,
        91.59813084112149,
        92,
        93.91121495327103,
        95.29906542056075,
        95,
        96,
        97.14953271028037,
        98.07476635514018,
        98,
        98.53738317757009,
        98.53738317757009,
        98,
        98,
        98.07476635514018,
        96.68691588785046,
        95,
        95.29906542056075,
        93.44859813084112,
        92,
        91.1355140186916,
        89,
        87.89719626168224,
        86,
        85.1214953271028,
        80.95794392523365,
        79,
        77.25700934579439,
        73.09345794392523,
        71,
        70,
        68.00467289719626,
        63.8411214953271,
        61,
        59.677570093457945,
        55.51401869158879,
        53,
        52,
        51.81308411214953,
        47.18691588785047,
        45,
        43.48598130841121,
        39.322429906542055,
        37,
        35.1588785046729,
        33,
        31.92056074766355,
        30,
        29.60747663551402,
        28.2196261682243,
        28,
        28.2196261682243,
        29.14485981308411,
        29,
        30,
        30.99532710280374,
        34.23364485981308,
        35,
        37.47196261682243,
        40.71028037383178,
        42,
        43,
        44.41121495327103,
        48.11214953271028,
        49,
        51.350467289719624,
        55.05140186915888,
        56,
        58.28971962616822,
        59,
        61.06542056074766,
        62,
        64.30373831775701,
        67.54205607476635,
        69,
        71.24299065420561,
        75.40654205607477,
        76,
        77,
        79.57009345794393,
        83.73364485981308,
        85,
        87.89719626168224,
        91.1355140186916,
        92,
        93,
        94.37383177570094,
        96.22429906542057,
        97,
        98.07476635514018,
        98.53738317757009,
        98,
        99.0,
        98,
        98.07476635514018,
        97,
        96.68691588785046,
        93.91121495327103,
        91,
        89.74766355140187,
        84.6588785046729,
        82,
        81,
        78.64485981308411,
        71.24299065420561,
        67,
        62.91588785046729,
        53.200934579439256,
        48,
        46,
        44.41121495327103,
        35.62149532710281,
        32,
        29.14485981308411,
        24.518691588785046,
        22,
        21.2803738317757,
        20,
        19.89252336448598,
        19,
        18.50467289719626,
        17.57943925233645,
        17,
        16.654205607476637,
        15.728971962616823,
        14,
        14,
        13.878504672897197,
        12.02803738317757,
        11,
        10.177570093457945,
        8.327102803738319,
        7,
        6,
        6.014018691588785,
        4.626168224299065,
        3,
        2.7757009345794392,
        0.9252336448598131,
        0,
        0.0
    ]
}