{
    "A": {
        "DTW": 1.0,
        "KNN": 0.8666666666666667,
        "NC": 0.6,
        "SVM": 1.0
    },
    "B": {
        "DTW": 0.4,
        "KNN": 0.03333333333333333,
        "NC": 0.1,
        "SVM": 1.0
    },
    "C": {
        "DTW": 0.9666666666666667,
        "KNN": 0.03333333333333333,
        "NC": 0.23333333333333334,
        "SVM": 1.0
    },
    "D": {
        "DTW": 0.9666666666666667,
        "KNN": 0.5333333333333333,
        "NC": 0.36666666666666664,
        "SVM": 1.0
    },
    "E": {
        "DTW": 0.23333333333333334,
        "KNN": 0.5333333333333333,
        "NC": 0.5666666666666667,
        "SVM": 0.9666666666666667
    },
    "F": {
        "DTW": 1.0,
        "KNN": 0.7666666666666667,
        "NC": 0.8,
        "SVM": 0.9666666666666667
    },
    "G": {
        "DTW": 1.0,
        "KNN": 0.6333333333333333,
        "NC": 0.8666666666666667,
        "SVM": 1.0
    },
    "H": {
        "DTW": 0.06666666666666667,
        "KNN": 0.5,
        "NC": 0.26666666666666666,
        "SVM": 1.0
    },
    "I": {
        "DTW": 0.5666666666666667,
        "KNN": 0.06666666666666667,
        "NC": 0.3333333333333333,
        "SVM": 0.9666666666666667
    },
    "J": {
        "DTW": 0.7666666666666667,
        "KNN": 1.0,
        "NC": 1.0,
        "SVM": 1.0
    },
    "K": {
        "DTW": 0.9,
        "KNN": 0.9666666666666667,
        "NC": 0.9666666666666667,
        "SVM": 1.0
    },
    "L": {
        "DTW": 0.4,
        "KNN": 1.0,
        "NC": 1.0,
        "SVM": 1.0
    },
    "M": {
        "DTW": 0.9333333333333333,
        "KNN": 0.8,
        "NC": 0.6333333333333333,
        "SVM": 1.0
    },
    "N": {
        "DTW": 0.7,
        "KNN": 0.36666666666666664,
        "NC": 0.2,
        "SVM": 1.0
    },
    "O": {
        "DTW": 0.3333333333333333,
        "KNN": 0.16666666666666666,
        "NC": 0.5,
        "SVM": 1.0
    },
    "P": {
        "DTW": 1.0,
        "KNN": 0.6666666666666666,
        "NC": 0.7,
        "SVM": 1.0
    },
    "Q": {
        "DTW": 0.4666666666666667,
        "KNN": 0.5666666666666667,
        "NC": 0.4,
        "SVM": 0.7666666666666667
    },
    "R": {
        "DTW": 0.5,
        "KNN": 0.43333333333333335,
        "NC": 0.36666666666666664,
        "SVM": 0.9666666666666667
    },
    "S": {
        "DTW": 0.13333333333333333,
        "KNN": 0.16666666666666666,
        "NC": 0.06666666666666667,
        "SVM": 1.0
    },
    "T": {
        "DTW": 0.13333333333333333,
        "KNN": 1.0,
        "NC": 1.0,
        "SVM": 0.9666666666666667
    },
    "U": {
        "DTW": 0.16666666666666666,
        "KNN": 0.3,
        "NC": 0.5333333333333333,
        "SVM": 1.0
    },
    "V": {
        "DTW": 1.0,
        "KNN": 0.13333333333333333,
        "NC": 0.13333333333333333,
        "SVM": 0.9666666666666667
    },
    "W": {
        "DTW": 1.0,
        "KNN": 0.36666666666666664,
        "NC": 0.6,
        "SVM": 0.9666666666666667
    },
    "X": {
        "DTW": 0.9666666666666667,
        "KNN": 0.6666666666666666,
        "NC": 0.4,
        "SVM": 1.0
    },
    "Y": {
        "DTW": 0.2,
        "KNN": 0.8,
        "NC": 0.7666666666666667,
        "SVM": 1.0
    },
    "Z": {
        "DTW": 0.0,
        "KNN": 0.0,
        "NC": 0.16666666666666666,
        "SVM": 1.0
    }
}