{
    "x": [
        1.8,
        1.8,
        1.8,
        2.4,
        2,
        2.4,
        3.0,
        3.0,
        3.6,
        3,
        3.6,
        4.2,
        3.6,
        3.6,
        3,
        3.6,
        3.6,
        3.6,
        3.0,
        2,
        2.4,
        3.0,
        3.0,
        3.0,
        3,
        3.0,
        3.6,
        3.0,
        0.0,
        1,
        2.4,
        1.8,
        3.0,
        0.0,
        0,
        0.0,
        2.4,
        3.6,
        4.2,
        3,
        3.0,
        8.4,
        10.8,
        15.0,
        17,
        19.8,
        25.8,
        31.8,
        38.4,
        41,
        43.8,
        49.8,
        54.6,
        60.6,
        63,
        66.0,
        72.0,
        76.8,
        81.6,
        83,
        85.2,
        87.6,
        90.6,
        92.4,
        93,
        93.6,
        92.4,
        88.2,
        84.0,
        81,
        78.0,
        72.6,
        66.0,
        59.4,
        55,
        52.2,
        43.2,
        38.4,
        33.0,
        30,
        27.6,
        23.4,
        18.6,
        14.4,
        12,
        11.4,
        10.2,
        10.2,
        10.8,
        11,
        11.4,
        13.2,
        16.2,
        19.2,
        20,
        22.2,
        26.4,
        30.6,
        35.4,
        37,
        40.2,
        44.4,
        49.8,
        54.6,
        57,
        60.0,
        66.0,
        70.8,
        76.8,
        79,
        81.6,
        86.4,
        90.0,
        93.6,
        96,
        99.0,
        93.0,
        90.6,
        87.6,
        86,
        84.6,
        81.0,
        75.6,
        67.8,
        64,
        61.2,
        54.0,
        49.2,
        43.8,
        40,
        37.2,
        31.8,
        27.0,
        22.2,
        20,
        18.6,
        15.6,
        12.6,
        10.8,
        9,
        8.4,
        6.6,
        6.0,
        5.4,
        5,
        6.0,
        7.2,
        9.6,
        12.6,
        14,
        16.2,
        21.0,
        25.8,
        30.0,
        32,
        35.4,
        40.2,
        46.2,
        51.0,
        53,
        55.2,
        60.6,
        64.8,
        70.2,
        72,
        75.0,
        80.4,
        84.6,
        89.4,
        93.0,
        95.4,
        96.6,
        96.6,
        95.4,
        94.8
    ],
    "y": [
        99.0,
        99.0,
        97.70305676855895,
        95.97379912663756,
        94,
        92.9475982532751,
        90.78602620087337,
        88.19213973799127,
        84.73362445414847,
        82,
        80.84279475982532,
        77.38427947598254,
        73.4934497816594,
        69.60262008733625,
        67,
        66.14410480349345,
        62.685589519650655,
        58.79475982532751,
        54.903930131004365,
        53,
        51.44541484716157,
        47.98689956331878,
        44.52838427947598,
        40.20524017467249,
        38,
        36.7467248908297,
        33.2882096069869,
        30.262008733624455,
        27.23580786026201,
        25,
        22.912663755458514,
        19.021834061135372,
        15.995633187772926,
        13.83406113537118,
        12,
        11.240174672489083,
        8.213973799126638,
        6.91703056768559,
        6.0524017467248905,
        6,
        7.349344978165939,
        4.755458515283843,
        4.755458515283843,
        3.890829694323144,
        3,
        3.458515283842795,
        3.0262008733624453,
        2.593886462882096,
        1.7292576419213974,
        1,
        1.296943231441048,
        0.8646288209606987,
        0.8646288209606987,
        0.43231441048034935,
        0,
        0.43231441048034935,
        0.0,
        0.0,
        0.43231441048034935,
        0,
        0.0,
        0.0,
        0.8646288209606987,
        0.43231441048034935,
        0,
        1.296943231441048,
        2.1615720524017465,
        3.890829694323144,
        5.187772925764192,
        6,
        7.781659388646288,
        9.943231441048034,
        12.969432314410481,
        16.427947598253276,
        18,
        20.31877729257642,
        25.50655021834061,
        28.532751091703055,
        31.12663755458515,
        32,
        34.585152838427945,
        37.61135371179039,
        40.20524017467249,
        42.366812227074234,
        43,
        44.52838427947598,
        45.39301310043668,
        46.25764192139738,
        46.25764192139738,
        46,
        45.82532751091703,
        46.68995633187773,
        47.122270742358076,
        46.68995633187773,
        46,
        47.122270742358076,
        47.122270742358076,
        46.68995633187773,
        47.55458515283843,
        47,
        47.98689956331878,
        47.55458515283843,
        47.55458515283843,
        47.55458515283843,
        47,
        47.55458515283843,
        47.98689956331878,
        47.55458515283843,
        47.55458515283843,
        47,
        47.122270742358076,
        47.55458515283843,
        47.122270742358076,
        47.55458515283843,
        47,
        47.122270742358076,
        47.98689956331878,
        48.419213973799124,
        50.148471615720524,
        51,
        51.877729257641924,
        53.60698689956332,
        56.200873362445414,
        60.09170305676856,
        62,
        63.9825327510917,
        67.87336244541484,
        70.46724890829694,
        73.4934497816594,
        75,
        76.95196506550218,
        80.41048034934498,
        83.43668122270742,
        85.59825327510917,
        86,
        87.32751091703057,
        89.48908296943232,
        91.65065502183405,
        93.37991266375546,
        94,
        94.67685589519651,
        95.5414847161572,
        96.4061135371179,
        96.83842794759825,
        97,
        97.2707423580786,
        97.2707423580786,
        97.70305676855895,
        97.2707423580786,
        97,
        96.83842794759825,
        96.83842794759825,
        96.4061135371179,
        96.83842794759825,
        96,
        96.83842794759825,
        96.83842794759825,
        97.2707423580786,
        97.70305676855895,
        97,
        97.2707423580786,
        97.70305676855895,
        97.70305676855895,
        97.2707423580786,
        97,
        96.83842794759825,
        96.83842794759825,
        96.4061135371179,
        96.4061135371179,
        95.5414847161572,
        95.10917030567686,
        95.10917030567686,
        95.10917030567686,
        94.67685589519651,
        95.5414847161572
    ]
}