{
    "x": [
        96.36,
        97.68,
        97,
        97.02,
        97,
        97.68,
        98,
        98.34,
        93.06,
        93,
        94,
        95.04,
        92.4,
        90,
        89,
        89.1,
        85.8,
        83,
        81.84,
        81,
        81.84,
        77,
        73.26,
        69.3,
        67,
        66,
        62.7,
        57.42,
        55,
        53,
        52.8,
        46.86,
        44,
        41.58,
        38,
        34.98,
        32,
        29.04,
        23.1,
        21,
        20,
        17.16,
        13.86,
        11,
        10,
        9.24,
        5.28,
        4,
        3.3,
        2,
        1.98,
        0,
        0.0,
        0.66,
        0,
        0,
        0.66,
        2.64,
        1,
        0,
        0.66,
        7.92,
        9,
        11.22,
        13,
        15.18,
        17,
        19.14,
        24.42,
        25,
        26,
        29.04,
        33.66,
        36,
        37,
        38.94,
        43.56,
        45,
        48.18,
        50,
        52.8,
        55,
        57.42,
        62.7,
        63,
        65,
        67.98,
        73.26,
        75,
        76,
        77.22,
        81.84,
        83,
        84.48,
        85,
        86.46,
        87,
        88.44,
        89.76,
        89,
        90,
        90.42,
        91.08,
        91,
        91,
        91.08,
        91.08,
        90,
        89.1,
        88,
        88.44,
        86,
        84.48,
        81.18,
        80,
        79,
        77.22,
        73.26,
        70,
        68,
        67.98,
        64.02,
        62,
        60.06,
        58,
        57.42,
        59,
        62.04,
        57.42,
        58,
        59,
        61.38,
        66.0,
        68,
        69,
        70.62,
        77.22,
        79,
        82.5,
        85,
        88.44,
        90,
        92.4,
        94.38,
        94,
        94,
        95.04,
        94.38,
        94,
        94,
        94.38,
        94.38,
        94,
        93.72,
        94,
        95.04,
        95,
        96.36,
        97.02,
        97,
        97,
        97.02,
        97.02,
        97,
        97,
        97.02,
        98.34,
        98,
        97.68,
        97.68,
        98,
        99.0,
        93.06,
        95,
        97.68
    ],
    "y": [
        11.93969849246231,
        11.93969849246231,
        11,
        11.442211055276381,
        11,
        10.944723618090451,
        10,
        9.949748743718592,
        10.944723618090451,
        10,
        10,
        9.452261306532664,
        8.457286432160805,
        7,
        6,
        6.467336683417085,
        4.974874371859296,
        4,
        4.477386934673367,
        3,
        2.487437185929648,
        2,
        2.487437185929648,
        0.9949748743718593,
        0,
        0,
        0.0,
        0.49748743718592964,
        0,
        0,
        0.0,
        0.9949748743718593,
        1,
        1.9899497487437185,
        2,
        3.4824120603015074,
        4,
        5.472361809045226,
        8.457286432160805,
        9,
        10,
        11.93969849246231,
        15.422110552763819,
        17,
        18,
        19.402010050251256,
        24.376884422110553,
        26,
        29.35175879396985,
        31,
        34.32663316582914,
        36,
        39.301507537688444,
        43.778894472361806,
        44,
        46,
        48.753768844221106,
        53.231155778894475,
        56,
        57,
        59.698492462311556,
        61.688442211055275,
        63,
        65.66834170854271,
        67,
        70.14572864321607,
        72,
        74.62311557788945,
        77.60804020100502,
        78,
        79,
        80.5929648241206,
        82.58291457286433,
        83,
        83,
        84.07537688442211,
        85.5678391959799,
        86,
        86.56281407035176,
        87,
        87.55778894472361,
        87,
        88.05527638190955,
        89.05025125628141,
        89,
        89,
        89.54773869346734,
        90.04522613065326,
        89,
        89,
        89.05025125628141,
        89.05025125628141,
        88,
        87.55778894472361,
        86,
        86.06532663316582,
        84,
        83.08040201005025,
        81.09045226130654,
        80,
        79,
        78.10552763819095,
        76.61306532663316,
        76,
        75,
        75.61809045226131,
        74.62311557788945,
        74,
        74.62311557788945,
        73,
        73.13065326633166,
        72,
        71.63819095477388,
        70.14572864321607,
        69,
        68,
        67.65829145728644,
        64.17587939698493,
        62,
        61,
        61.688442211055275,
        59.20100502512563,
        58,
        57.21105527638191,
        56,
        55.71859296482412,
        53,
        52.23618090452261,
        53.231155778894475,
        53,
        53,
        53.7286432160804,
        53.7286432160804,
        53,
        53,
        54.22613065326633,
        54.72361809045226,
        54,
        53.7286432160804,
        53,
        53.231155778894475,
        53,
        53.7286432160804,
        54.22613065326633,
        54,
        54,
        54.72361809045226,
        55.221105527638194,
        56,
        56,
        57.21105527638191,
        60.19597989949749,
        62,
        64.67336683417085,
        67,
        70.14572864321607,
        73,
        76.11557788944724,
        81.09045226130654,
        82,
        83,
        85.07035175879398,
        88.55276381909547,
        89,
        90,
        91.04020100502512,
        94.52261306532664,
        94,
        95.02010050251256,
        96.01507537688443,
        95,
        95.51758793969849,
        99.0,
        97,
        95.51758793969849
    ]
}