{
    "x": [
        91.3,
        95.15,
        93,
        92,
        89.65,
        89,
        89.65,
        88,
        87,
        86.9,
        84.15,
        83,
        82,
        80.85,
        79,
        77.55,
        75,
        73,
        72.6,
        68.2,
        67,
        66,
        63.8,
        61,
        58.3,
        56,
        54,
        53.9,
        49.5,
        48,
        47,
        44.55,
        42,
        39.6,
        37,
        36,
        35.2,
        30.25,
        29,
        28,
        25.85,
        23,
        22.0,
        20,
        19,
        18.15,
        14.85,
        13,
        12,
        11.0,
        9,
        8.8,
        7,
        6,
        6.05,
        3.85,
        3,
        3,
        2.2,
        1,
        1.1,
        0,
        0,
        0.0,
        0.55,
        0,
        1,
        1.65,
        2,
        2.75,
        3,
        3,
        4.95,
        7.15,
        7,
        8,
        10.45,
        12,
        14.3,
        16,
        17,
        18.7,
        23.1,
        24,
        25,
        28.6,
        30,
        33.0,
        35,
        36,
        37.95,
        42.9,
        43,
        45,
        47.3,
        49,
        51.7,
        53,
        54,
        56.1,
        60.5,
        61,
        62,
        65.45,
        68,
        70.95,
        73,
        74,
        76.45,
        80.85,
        81,
        83,
        85.25,
        86,
        87.45,
        87,
        87,
        87.45,
        86.35,
        84,
        83,
        80.3,
        80,
        81.4,
        79,
        78,
        78.1,
        74.25,
        73,
        72,
        69.85,
        67,
        64.9,
        62,
        60.5,
        57.2,
        55,
        54.45,
        54.45,
        54,
        55.0,
        58.3,
        60,
        62.7,
        68.75,
        72,
        75.35,
        81.4,
        84,
        86.9,
        90.75,
        92,
        93.5,
        94.6,
        94,
        95.15,
        95.15,
        93,
        91.3,
        95.7,
        94,
        92.4,
        96.8,
        97,
        97.35,
        97.9,
        98,
        98.45,
        99.0,
        96,
        94.6,
        98.45,
        98,
        98.45,
        97.9
    ],
    "y": [
        11.486187845303867,
        9.845303867403315,
        9,
        10,
        10.939226519337016,
        13,
        15.314917127071823,
        11,
        9,
        8.204419889502763,
        7.110497237569061,
        6,
        6,
        6.016574585635359,
        8,
        10.392265193370166,
        6,
        4,
        2.734806629834254,
        1.6408839779005524,
        1,
        1,
        0.5469613259668509,
        0,
        0.0,
        0,
        0,
        0.0,
        0.0,
        0,
        0,
        0.5469613259668509,
        1,
        1.6408839779005524,
        2,
        2,
        3.281767955801105,
        4.922651933701657,
        4,
        5,
        6.56353591160221,
        7,
        9.298342541436464,
        10,
        10,
        11.486187845303867,
        14.767955801104973,
        15,
        16,
        18.049723756906076,
        19,
        21.87845303867403,
        23,
        24,
        25.70718232044199,
        30.082872928176794,
        31,
        32,
        34.4585635359116,
        36,
        39.38121546961326,
        41,
        42,
        44.30386740331492,
        49.773480662983424,
        50,
        52,
        54.69613259668508,
        57,
        59.61878453038674,
        62,
        63,
        64.54143646408839,
        68.9171270718232,
        69,
        71,
        73.29281767955801,
        74,
        76.57458563535911,
        78,
        79,
        80.40331491712708,
        83.13812154696133,
        83,
        84,
        85.87292817679558,
        86,
        88.06077348066299,
        89,
        89,
        90.2486187845304,
        90.79558011049724,
        90,
        91,
        91.34254143646409,
        91,
        91.34254143646409,
        91,
        91,
        91.88950276243094,
        91.88950276243094,
        91,
        92,
        92.43646408839778,
        92,
        92.43646408839778,
        92,
        91,
        91.88950276243094,
        90.79558011049724,
        89,
        89,
        89.15469613259668,
        88,
        87.51381215469613,
        86,
        85,
        85.87292817679558,
        84.77900552486187,
        84,
        85,
        85.32596685082873,
        83,
        82.04419889502762,
        81,
        80,
        80.40331491712708,
        77.66850828729282,
        76,
        76,
        74.38674033149171,
        72,
        70.55801104972376,
        68,
        67.27624309392266,
        63.994475138121544,
        62,
        61.806629834254146,
        60.71270718232044,
        60,
        61.25966850828729,
        62.353591160220994,
        62,
        62.90055248618785,
        62.90055248618785,
        63,
        63.447513812154696,
        62.353591160220994,
        62,
        62.353591160220994,
        61.806629834254146,
        61,
        61.25966850828729,
        61.25966850828729,
        61,
        61.806629834254146,
        63.447513812154696,
        65,
        67.27624309392266,
        70.55801104972376,
        73,
        77.12154696132596,
        81.49723756906077,
        84,
        86.96685082872928,
        91.88950276243094,
        94,
        96.26519337016575,
        97.9060773480663,
        98,
        99.0,
        98.45303867403315,
        98,
        98.45303867403315,
        97.9060773480663
    ]
}