{
    "x": [
        7.2,
        7.8,
        8,
        9.0,
        10.8,
        11,
        12.6,
        13.8,
        15,
        16.2,
        18.6,
        19,
        21.0,
        24.0,
        24,
        25,
        27.6,
        30.0,
        31,
        32.4,
        35.4,
        38,
        41.4,
        40.8,
        42,
        43.2,
        45.6,
        46,
        48.0,
        49,
        50.4,
        52,
        54.0,
        56.4,
        57,
        58.8,
        61.2,
        62,
        63.0,
        65.4,
        66,
        67.2,
        69.0,
        69,
        69,
        70.8,
        73.2,
        74,
        75.6,
        78.6,
        79,
        81.0,
        82.8,
        83,
        84.6,
        86.4,
        87,
        87.6,
        89.4,
        89,
        89,
        90.0,
        91.2,
        91,
        92.4,
        94.2,
        95,
        96.0,
        97.2,
        97,
        98.4,
        99.0,
        98,
        98.4,
        98,
        97.8,
        97,
        97.2,
        97.2,
        96,
        95.4,
        94.8,
        94,
        94.2,
        94.2,
        94,
        94.8,
        94.8,
        94,
        94,
        94.2,
        95.4,
        95,
        94.8,
        95.4,
        95,
        94.8,
        95.4,
        95,
        94.8,
        93.6,
        93,
        92.4,
        90.6,
        89,
        89,
        87.6,
        85.2,
        83,
        82.2,
        79.2,
        77,
        75.6,
        74.4,
        72,
        70.2,
        69.0,
        67,
        66.0,
        65,
        64.2,
        63,
        61.8,
        63.0,
        60,
        57.6,
        54.6,
        53,
        52.2,
        49.2,
        48,
        46.8,
        45.0,
        43,
        42,
        42.6,
        43.8,
        41,
        38.4,
        36.0,
        34,
        33.6,
        31.2,
        30,
        28.8,
        26.4,
        25,
        25.2,
        23.4,
        22,
        22,
        21.6,
        20.4,
        19,
        18.6,
        16.8,
        15,
        14.4,
        12.0,
        11,
        10.2,
        8.4,
        7,
        7.2,
        6,
        5.4,
        4,
        4.2,
        4.2,
        3,
        2.4,
        2.4,
        1,
        0.0,
        0.6
    ],
    "y": [
        5.391089108910891,
        5.881188118811881,
        6,
        6.861386138613861,
        7.841584158415841,
        8,
        9.801980198019802,
        12.742574257425742,
        14,
        15.683168316831683,
        18.133663366336634,
        19,
        21.564356435643564,
        24.504950495049506,
        25,
        26,
        27.935643564356436,
        31.366336633663366,
        32,
        34.306930693069305,
        36.26732673267327,
        36,
        36.26732673267327,
        41.16831683168317,
        42,
        43.618811881188115,
        45.57920792079208,
        46,
        48.02970297029703,
        49,
        49.99009900990099,
        51,
        52.44059405940594,
        54.4009900990099,
        55,
        55.87128712871287,
        57.83168316831683,
        58,
        59.79207920792079,
        62.242574257425744,
        63,
        64.20297029702971,
        66.16336633663366,
        67,
        67,
        68.61386138613861,
        71.06435643564356,
        72,
        74.0049504950495,
        76.45544554455445,
        77,
        78.9059405940594,
        81.35643564356435,
        82,
        83.31683168316832,
        85.27722772277228,
        86,
        86.74752475247524,
        89.1980198019802,
        89,
        90,
        91.64851485148515,
        94.0990099009901,
        95,
        96.05940594059406,
        97.52970297029702,
        98,
        98.50990099009901,
        99.0,
        98,
        98.01980198019803,
        96.05940594059406,
        94,
        93.11881188118812,
        90,
        88.70792079207921,
        85,
        82.33663366336634,
        74.98514851485149,
        70,
        66.16336633663366,
        55.87128712871287,
        51,
        47.04950495049505,
        37.24752475247525,
        32,
        27.935643564356436,
        19.603960396039604,
        16,
        14,
        12.742574257425742,
        6.861386138613861,
        4,
        2.9405940594059405,
        0.9801980198019802,
        0,
        0.0,
        0.4900990099009901,
        0,
        1.4702970297029703,
        2.9405940594059405,
        4,
        5.391089108910891,
        7.841584158415841,
        8,
        9,
        10.292079207920793,
        12.742574257425742,
        14,
        15.683168316831683,
        18.623762376237625,
        19,
        21.074257425742573,
        23.524752475247524,
        24,
        26.465346534653467,
        28.915841584158414,
        29,
        30.876237623762375,
        31,
        32.836633663366335,
        33,
        34.7970297029703,
        34.7970297029703,
        37,
        39.20792079207921,
        41.65841584158416,
        42,
        43.618811881188115,
        46.55940594059406,
        47,
        48.51980198019802,
        50.97029702970297,
        51,
        51,
        52.93069306930693,
        52.93069306930693,
        55,
        57.34158415841584,
        59.79207920792079,
        60,
        61.75247524752475,
        64.20297029702971,
        65,
        66.65346534653466,
        68.61386138613861,
        69,
        70.57425742574257,
        73.02475247524752,
        73,
        73,
        74.4950495049505,
        76.45544554455445,
        77,
        78.9059405940594,
        80.86633663366337,
        81,
        82.82673267326733,
        85.76732673267327,
        86,
        87.72772277227723,
        89.68811881188118,
        90,
        91.64851485148515,
        92,
        92.62871287128714,
        93,
        93.60891089108911,
        94.58910891089108,
        95,
        95.56930693069307,
        96.54950495049505,
        96,
        97.03960396039604,
        98.01980198019803
    ]
}