{
    "x": [
        0.0,
        0.55,
        0,
        1.1,
        1.65,
        2,
        2.75,
        4.4,
        4,
        4.95,
        3.85,
        6,
        9.9,
        12.1,
        13,
        14.85,
        13.75,
        17,
        22.0,
        22.55,
        22,
        23,
        25.3,
        28.05,
        29,
        30.25,
        32.45,
        33,
        34.65,
        37.4,
        38,
        40.15,
        42.35,
        43,
        45.1,
        47.85,
        49,
        50.6,
        52.8,
        53,
        54.45,
        55,
        56.65,
        57,
        58.85,
        61.05,
        61,
        62.7,
        64.9,
        66,
        67.65,
        69.85,
        71,
        72.6,
        74.25,
        75,
        76.45,
        78.1,
        79,
        80.3,
        82.5,
        83,
        83,
        84.7,
        86.9,
        87,
        88.55,
        90.2,
        91,
        92.4,
        99.0,
        97,
        95.7,
        96.8,
        97,
        97.35,
        97.9,
        97,
        97.9,
        97.9,
        97,
        97.9,
        98.45,
        98,
        98,
        99.0,
        99.0,
        98,
        98.45,
        97.9,
        97,
        97.9,
        97.35,
        97,
        96.8,
        97.35,
        96,
        96.25,
        95.7,
        95,
        95.15,
        95.15,
        94,
        94.6,
        96,
        97.9,
        95,
        92.95,
        91.85,
        91,
        90.75,
        89.65,
        88,
        88.0,
        85.25,
        83,
        82.5,
        81.4,
        80,
        79.2,
        75.9,
        74,
        73.15,
        71.5,
        70,
        69,
        68.75,
        67.65,
        66,
        64.35,
        62.15,
        61,
        59.95,
        56.65,
        55,
        54.45,
        51.15,
        50,
        48.95,
        46.75,
        45,
        44.0,
        42.35,
        41,
        40.15,
        37.95,
        36,
        36,
        35.2,
        33.55,
        32,
        31.35,
        29.15,
        27,
        26.4,
        23.65,
        22,
        21.45,
        19.8,
        18,
        17.6,
        16.5,
        15,
        14.85,
        12.65,
        11,
        11.0,
        9,
        8.8,
        7,
        6.6,
        5.5,
        4,
        4.4,
        4.4
    ],
    "y": [
        4.714285714285714,
        4.714285714285714,
        5,
        6.285714285714286,
        7.333333333333333,
        8,
        8.904761904761905,
        10.476190476190476,
        11,
        12.047619047619047,
        13.619047619047619,
        14,
        16.238095238095237,
        18.857142857142858,
        20,
        21.476190476190474,
        22.523809523809526,
        26,
        31.428571428571427,
        28.80952380952381,
        28,
        29,
        30.904761904761905,
        33.0,
        34,
        35.095238095238095,
        37.19047619047619,
        38,
        39.285714285714285,
        41.904761904761905,
        43,
        44.523809523809526,
        47.142857142857146,
        48,
        49.76190476190476,
        51.333333333333336,
        52,
        53.42857142857143,
        55.0,
        56,
        57.095238095238095,
        58,
        59.19047619047619,
        60,
        61.285714285714285,
        62.857142857142854,
        63,
        64.95238095238095,
        67.04761904761905,
        68,
        69.14285714285714,
        71.23809523809524,
        72,
        73.85714285714286,
        76.47619047619048,
        77,
        79.0952380952381,
        81.71428571428571,
        82,
        83.80952380952381,
        85.38095238095238,
        86,
        86,
        86.95238095238095,
        88.0,
        89,
        90.0952380952381,
        91.66666666666667,
        92,
        93.76190476190476,
        93.23809523809524,
        94,
        96.38095238095238,
        97.42857142857143,
        97,
        97.95238095238095,
        97.42857142857143,
        96,
        96.38095238095238,
        93.76190476190476,
        91,
        90.0952380952381,
        85.9047619047619,
        84,
        83,
        80.14285714285714,
        73.85714285714286,
        70,
        67.04761904761905,
        59.19047619047619,
        55,
        50.80952380952381,
        42.42857142857143,
        38,
        34.04761904761905,
        26.19047619047619,
        22,
        18.333333333333332,
        12.571428571428571,
        10,
        8.380952380952381,
        5.238095238095238,
        4,
        3.6666666666666665,
        1,
        0.0,
        2,
        4.190476190476191,
        5.238095238095238,
        6,
        7.333333333333333,
        9.428571428571429,
        10,
        11.0,
        13.095238095238095,
        14,
        15.19047619047619,
        22.0,
        22,
        23.047619047619047,
        20.428571428571427,
        21,
        22.523809523809526,
        24.095238095238095,
        24,
        24,
        25.666666666666668,
        27.761904761904763,
        28,
        29.333333333333332,
        31.428571428571427,
        32,
        33.523809523809526,
        36.142857142857146,
        37,
        38.76190476190476,
        41.38095238095238,
        42,
        44.0,
        46.61904761904762,
        47,
        49.23809523809524,
        51.857142857142854,
        53,
        54.476190476190474,
        57.61904761904762,
        57,
        58,
        60.23809523809524,
        62.857142857142854,
        64,
        65.47619047619048,
        68.61904761904762,
        69,
        71.23809523809524,
        74.38095238095238,
        75,
        77.0,
        79.0952380952381,
        80,
        81.71428571428571,
        83.80952380952381,
        84,
        85.9047619047619,
        88.0,
        89,
        90.61904761904762,
        91,
        93.23809523809524,
        94,
        95.33333333333333,
        97.42857142857143,
        97,
        98.47619047619048,
        99.0
    ]
}