{
    "x": [
        0.0,
        0.0,
        0,
        0,
        0.0,
        0,
        0.0,
        0,
        0,
        0.0,
        0.75,
        0,
        1,
        1.5,
        1,
        2.25,
        3,
        3,
        3.75,
        6.75,
        6,
        7,
        9.0,
        10,
        12.75,
        14,
        14,
        15.75,
        18.75,
        19,
        21,
        23.25,
        25,
        28.5,
        31,
        32,
        34.5,
        40.5,
        41,
        42,
        45.0,
        48,
        51.0,
        53,
        54,
        56.25,
        60.75,
        60,
        61,
        62.25,
        69,
        76.5,
        76,
        75,
        75.75,
        75.75,
        77,
        79,
        84.0,
        85,
        87.75,
        89,
        89,
        90.75,
        93.0,
        93,
        94,
        95.25,
        95,
        96.0,
        96,
        96,
        97.5,
        98.25,
        98,
        98,
        98.25,
        98,
        98.25,
        96,
        94,
        93.75,
        98.25,
        98,
        98,
        99.0,
        98,
        98.25,
        97,
        97,
        97.5,
        95.25,
        96,
        97,
        99.0,
        95,
        91.5,
        89,
        88,
        87.75,
        84.75,
        82,
        81,
        78.0,
        74,
        70.5,
        66,
        63,
        61.5,
        57.75,
        56,
        55,
        54.0,
        53,
        52.5,
        52,
        51,
        51.75,
        51.0,
        51,
        51,
        51.0,
        51,
        51.75,
        52,
        52,
        53.25,
        54.0,
        53,
        53,
        53.25,
        53,
        53.25,
        53,
        53,
        53.25,
        53.25,
        53,
        53,
        53.25,
        53,
        53.25,
        52,
        51,
        51.75,
        51.75,
        51,
        51.0,
        50.25,
        50,
        50.25,
        51.0,
        51,
        51.0,
        51.0,
        51,
        51.0,
        50.25,
        50,
        51.0,
        51.0,
        51,
        51.0,
        51.75,
        51,
        51.75,
        51.75,
        52,
        52.5,
        52.5,
        52,
        52.5,
        53.25,
        53,
        53.25
    ],
    "y": [
        9.51923076923077,
        10.471153846153847,
        10,
        11,
        12.850961538461538,
        13,
        13.802884615384615,
        14,
        14,
        14.278846153846153,
        16.182692307692307,
        16,
        17,
        19.514423076923077,
        21,
        23.798076923076923,
        24,
        25,
        26.177884615384617,
        28.08173076923077,
        28,
        29,
        29.985576923076923,
        31,
        32.84134615384615,
        34,
        34,
        35.69711538461539,
        38.07692307692308,
        38,
        38,
        39.50480769230769,
        40,
        40.93269230769231,
        41,
        41,
        42.36057692307692,
        43.78846153846154,
        43,
        44,
        44.74038461538461,
        44,
        44.74038461538461,
        44,
        44,
        44.26442307692308,
        44.26442307692308,
        44,
        45,
        46.16826923076923,
        44,
        42.83653846153846,
        41,
        40,
        40.93269230769231,
        40.93269230769231,
        39,
        39,
        37.60096153846154,
        36,
        35.69711538461539,
        34,
        33,
        33.31730769230769,
        30.9375,
        29,
        29,
        27.60576923076923,
        26,
        25.22596153846154,
        24,
        23,
        22.846153846153847,
        19.990384615384617,
        18,
        18,
        17.134615384615383,
        15,
        14.278846153846153,
        13,
        12,
        12.375,
        9.51923076923077,
        8,
        8,
        6.663461538461538,
        5,
        4.283653846153846,
        3,
        2,
        2.855769230769231,
        1.9038461538461537,
        1,
        1,
        1.4278846153846154,
        0,
        0.47596153846153844,
        0,
        0,
        0.0,
        0.0,
        0,
        0,
        1.4278846153846154,
        2,
        4.283653846153846,
        6,
        7,
        9.51923076923077,
        16.182692307692307,
        17,
        19,
        23.322115384615383,
        26,
        29.985576923076923,
        32,
        33,
        35.22115384615385,
        39.50480769230769,
        40,
        41,
        43.3125,
        44,
        46.16826923076923,
        47,
        48,
        49.02403846153846,
        50.45192307692308,
        50,
        50,
        50.92788461538461,
        51,
        51.40384615384615,
        51,
        51,
        51.40384615384615,
        51.87980769230769,
        51,
        52,
        52.83173076923077,
        53,
        53.78365384615385,
        54,
        55,
        56.16346153846154,
        58.54326923076923,
        59,
        61.39903846153846,
        63.77884615384615,
        65,
        66.63461538461539,
        69.01442307692308,
        70,
        71.8701923076923,
        74.25,
        75,
        76.15384615384616,
        78.53365384615384,
        79,
        81.38942307692308,
        83.76923076923077,
        84,
        86.14903846153847,
        88.05288461538461,
        89,
        90.90865384615384,
        92.8125,
        94,
        95.1923076923077,
        97.09615384615384,
        97,
        98.04807692307692,
        99.0,
        99,
        99.0
    ]
}