{
    "x": [
        0.0,
        0,
        0.0,
        0,
        0.0,
        0,
        0.66,
        0,
        1.32,
        1.32,
        1,
        1,
        1.32,
        1.98,
        2,
        2,
        3.3,
        5.94,
        6,
        7.92,
        8,
        9.24,
        10,
        12.54,
        13.86,
        14,
        15,
        17.16,
        20.46,
        22,
        22,
        23.76,
        27.72,
        29,
        31.02,
        32,
        34.32,
        36,
        38.28,
        42.24,
        43,
        44,
        46.2,
        50.16,
        52,
        53,
        54.12,
        57.42,
        59,
        60.72,
        63,
        65.34,
        66,
        68.64,
        71.94,
        72,
        74,
        76.56,
        79.86,
        81,
        82,
        83.82,
        85.8,
        87,
        88.44,
        89,
        91.08,
        92,
        93.06,
        97.68,
        96,
        96,
        95.04,
        96.36,
        97,
        98,
        99.0,
        97.02,
        97,
        97.68,
        97,
        97.02,
        96,
        96.36,
        95.7,
        94,
        94,
        93.06,
        91.08,
        88,
        87,
        86.46,
        80.52,
        76,
        73.26,
        69,
        66.66,
        63,
        60.72,
        56.1,
        55,
        55,
        54.12,
        52.8,
        52,
        51,
        51.48,
        51.48,
        51,
        51.48,
        51,
        52.14,
        52,
        52.8,
        52.8,
        52,
        52,
        51.48,
        51.48,
        51,
        51,
        52.14,
        52.14,
        52,
        52.8,
        52,
        52.8,
        52,
        52.8,
        52.14,
        52,
        52,
        53.46,
        53.46,
        53,
        53,
        53.46,
        52.8,
        53,
        53.46,
        53,
        52.8,
        52,
        52.8,
        53.46,
        53,
        53,
        52.8,
        52.8,
        53,
        53,
        53.46,
        54.78,
        54,
        54.78,
        54,
        54.78,
        55,
        56.1,
        54.78,
        54,
        55,
        55.44,
        55.44,
        55,
        55,
        56.1,
        56.76,
        56,
        56.1,
        56,
        57.42,
        57,
        56.76,
        57.42
    ],
    "y": [
        6.798283261802575,
        7,
        7.223175965665236,
        7,
        8.072961373390559,
        8,
        8.49785407725322,
        9,
        10.197424892703863,
        11.472103004291846,
        11,
        12,
        13.59656652360515,
        15.721030042918455,
        16,
        16,
        17.84549356223176,
        19.545064377682404,
        20,
        21.669527896995707,
        22,
        23.793991416309012,
        24,
        25.918454935622318,
        27.61802575107296,
        27,
        28,
        29.742489270386265,
        31.44206008583691,
        32,
        32,
        32.716738197424895,
        34.41630901287554,
        35,
        36.11587982832618,
        36,
        37.39055793991416,
        38,
        38.66523605150215,
        40.36480686695279,
        40,
        40,
        41.21459227467811,
        42.06437768240343,
        42,
        42,
        42.48927038626609,
        42.48927038626609,
        42,
        42.06437768240343,
        42,
        42.06437768240343,
        41,
        41.21459227467811,
        39.51502145922747,
        39,
        39,
        38.66523605150215,
        36.9656652360515,
        35,
        34,
        34.8412017167382,
        32.716738197424895,
        31,
        30.59227467811159,
        29,
        28.042918454935624,
        26,
        25.918454935622318,
        26.34334763948498,
        24,
        23,
        21.244635193133046,
        18.69527896995708,
        19,
        19,
        19.969957081545065,
        13.17167381974249,
        11,
        10.197424892703863,
        9,
        8.072961373390559,
        6,
        5.523605150214593,
        3.8240343347639487,
        2,
        2,
        1.6995708154506437,
        5.523605150214593,
        2,
        1,
        0.0,
        0.8497854077253219,
        2,
        3.3991416309012874,
        5,
        8.072961373390559,
        10,
        13.59656652360515,
        18.27038626609442,
        19,
        20,
        22.94420600858369,
        26.34334763948498,
        28,
        28,
        29.742489270386265,
        31.86695278969957,
        32,
        33.141630901287556,
        33,
        34.41630901287554,
        35,
        35.69098712446352,
        36.9656652360515,
        36,
        37,
        38.24034334763949,
        39.51502145922747,
        40,
        40,
        40.78969957081545,
        42.06437768240343,
        42,
        43.76394849785408,
        44,
        45.46351931330472,
        46,
        47.587982832618025,
        49.287553648068666,
        49,
        50,
        51.836909871244636,
        53.96137339055794,
        55,
        55,
        56.08583690987125,
        57.78540772532189,
        59,
        60.33476394849785,
        61,
        62.45922746781116,
        63,
        64.58369098712447,
        67.13304721030043,
        67,
        68,
        69.25751072961373,
        72.23175965665236,
        73,
        73,
        74.78111587982832,
        77.75536480686695,
        79,
        80.30472103004291,
        81,
        82.42918454935622,
        83,
        84.55364806866953,
        86.25321888412017,
        86,
        87,
        88.37768240343348,
        90.50214592274678,
        91,
        92,
        93.05150214592274,
        94.7510729613734,
        95,
        96.45064377682404,
        97,
        98.15021459227468,
        98,
        98.57510729613733,
        99.0
    ]
}