{
    "x": [
        0.0,
        3.96,
        1,
        0.0,
        0.66,
        0,
        0.66,
        1.32,
        1,
        1,
        1.98,
        3.3,
        3,
        4.62,
        7.26,
        7,
        8.58,
        9,
        11.22,
        12,
        13.86,
        17.16,
        19,
        21.12,
        25.74,
        27,
        28,
        29.04,
        33.0,
        35,
        37.62,
        41.58,
        43,
        44.88,
        49.5,
        50,
        51,
        53.46,
        56.76,
        58,
        60.06,
        63.36,
        64,
        66.0,
        67,
        68.64,
        70,
        71.94,
        75.24,
        76,
        77.88,
        81.18,
        82,
        82,
        83.16,
        85.8,
        87,
        89.1,
        91.08,
        92,
        93.06,
        95.04,
        95,
        95,
        95.7,
        97.02,
        97,
        97.68,
        97.68,
        98,
        98.34,
        98,
        99.0,
        98,
        98.34,
        97.68,
        97,
        97.02,
        96.36,
        97,
        98,
        99.0,
        94.38,
        93,
        93.06,
        92.4,
        89,
        86.46,
        82.5,
        80,
        79,
        76.56,
        69.3,
        65,
        62.04,
        56.1,
        54,
        52.14,
        50,
        48.18,
        47,
        46.2,
        46.2,
        45,
        45.54,
        45.54,
        45,
        45,
        45.54,
        45.54,
        44,
        44.22,
        44.22,
        44,
        44.22,
        44.88,
        44,
        44,
        44.22,
        44.22,
        44,
        44.22,
        43.56,
        43,
        42.9,
        42,
        42.9,
        42,
        42.9,
        42.9,
        42,
        42.9,
        44.22,
        43,
        43,
        43.56,
        44.22,
        44,
        44.88,
        44.88,
        45,
        45.54,
        46.2,
        46,
        46,
        46.2,
        46.2,
        46,
        47.52,
        46.86,
        46,
        46.86,
        47,
        47.52,
        47,
        47.52,
        48.18,
        48,
        48.84,
        48.18,
        48,
        48,
        48.84,
        48.84,
        48,
        48.84,
        48.84,
        48,
        48.84,
        48.84,
        48,
        48.84,
        48.84,
        48,
        48.84
    ],
    "y": [
        8.174311926605505,
        12.261467889908257,
        10,
        9.082568807339449,
        9.990825688073395,
        10,
        11.353211009174313,
        13.169724770642201,
        13,
        14,
        14.986238532110091,
        16.80275229357798,
        18,
        19.527522935779817,
        21.798165137614678,
        23,
        24.522935779816514,
        25,
        27.24770642201835,
        28,
        29.972477064220183,
        33.15137614678899,
        34,
        35.42201834862385,
        37.69266055045872,
        38,
        38,
        39.50917431192661,
        40.87155963302752,
        41,
        42.23394495412844,
        43.142201834862384,
        43,
        43.142201834862384,
        43.596330275229356,
        43,
        43,
        44.05045871559633,
        43.596330275229356,
        43,
        42.68807339449541,
        42.23394495412844,
        41,
        41.325688073394495,
        40,
        40.41743119266055,
        39,
        39.50917431192661,
        38.60091743119266,
        37,
        37.23853211009175,
        35.87614678899082,
        34,
        34,
        34.059633027522935,
        31.788990825688074,
        30,
        29.51834862385321,
        27.701834862385322,
        26,
        24.977064220183486,
        22.706422018348626,
        21,
        21,
        19.98165137614679,
        17.711009174311926,
        16,
        15.894495412844037,
        13.623853211009175,
        12,
        11.807339449541285,
        10,
        9.536697247706423,
        8,
        7.720183486238532,
        6.3577981651376145,
        5,
        4.541284403669724,
        3.1788990825688073,
        4,
        4,
        5.9036697247706424,
        2.270642201834862,
        2,
        2.270642201834862,
        6.8119266055045875,
        4,
        1.3623853211009174,
        0.4541284403669725,
        0,
        0,
        0.0,
        2.270642201834862,
        4,
        5.9036697247706424,
        11.353211009174313,
        14,
        18.165137614678898,
        20,
        23.61467889908257,
        25,
        28.155963302752294,
        31.334862385321102,
        32,
        33.60550458715596,
        35.42201834862385,
        36,
        36,
        36.78440366972477,
        38.14678899082569,
        39,
        39.96330275229358,
        41.325688073394495,
        42,
        42.68807339449541,
        43.596330275229356,
        43,
        44,
        44.5045871559633,
        44.5045871559633,
        44,
        45.41284403669725,
        45.86697247706422,
        46,
        46.77522935779817,
        47,
        48.137614678899084,
        48,
        49.5,
        51.31651376146789,
        51,
        52.678899082568805,
        54.94954128440367,
        55,
        55,
        56.76605504587156,
        59.03669724770642,
        60,
        61.30733944954128,
        63.57798165137615,
        64,
        65.84862385321101,
        67.21100917431193,
        67,
        68,
        69.02752293577981,
        71.29816513761467,
        72,
        73.56880733944953,
        76.29357798165138,
        77,
        79.01834862385321,
        80,
        81.28899082568807,
        82,
        83.55963302752293,
        85.8302752293578,
        86,
        87.64678899082568,
        89.46330275229357,
        90,
        90,
        91.27981651376147,
        93.09633027522936,
        93,
        94.45871559633028,
        95.8211009174312,
        96,
        96.72935779816514,
        97.63761467889908,
        97,
        98.09174311926606,
        98.54587155963303,
        98,
        99.0
    ]
}