{
    "x": [
        0.0,
        0.0,
        0,
        0,
        0.6875,
        0.6875,
        1,
        1,
        2.0625,
        2.75,
        3,
        3,
        4.125,
        6.1875,
        7,
        7,
        8.9375,
        11.0,
        12,
        12,
        13.75,
        16.5,
        18,
        18,
        19.9375,
        24.75,
        26,
        27,
        28.1875,
        33.0,
        35,
        36,
        37.8125,
        42.625,
        45,
        46,
        47.4375,
        51.5625,
        53,
        54,
        55.0,
        59.8125,
        61,
        62,
        63.25,
        67.375,
        69,
        69,
        70.8125,
        72.875,
        74,
        75,
        77.0,
        79.75,
        81,
        81,
        82.5,
        85.9375,
        87,
        88,
        89.375,
        92.125,
        93,
        93,
        94.875,
        96.9375,
        94,
        93,
        92.8125,
        99.0,
        99,
        99,
        99.0,
        99.0,
        98,
        98,
        98.3125,
        96.25,
        95,
        94,
        94.875,
        93.5,
        92,
        92,
        92.125,
        89.375,
        88,
        87,
        86.625,
        80.4375,
        76,
        74,
        72.875,
        63.9375,
        60,
        58,
        57.0625,
        50.1875,
        48,
        47,
        46.75,
        44.0,
        42,
        41,
        41.25,
        41.9375,
        41,
        41,
        41.25,
        40.5625,
        40,
        40,
        40.5625,
        40.5625,
        40,
        40,
        40.5625,
        40.5625,
        40,
        40,
        40.5625,
        40.5625,
        40,
        40,
        41.25,
        42.625,
        42,
        42,
        42.625,
        41.9375,
        42,
        42,
        42.625,
        42.625,
        42,
        42,
        43.3125,
        43.3125,
        42,
        42,
        42.625,
        42.625,
        42,
        42,
        42.625,
        43.3125,
        42,
        42,
        42.625,
        42.625,
        42,
        42,
        42.625,
        42.625,
        42,
        42,
        43.3125,
        43.3125,
        43,
        43,
        44.0,
        44.0,
        44,
        44,
        44.0,
        44.0,
        44,
        44,
        44.0,
        44.0,
        44,
        44.0,
        44.6875,
        44,
        44.0
    ],
    "y": [
        6.4847161572052405,
        7.349344978165939,
        7,
        7,
        8.646288209606986,
        11.240174672489083,
        12,
        12,
        13.40174672489083,
        16.860262008733624,
        18,
        18,
        19.88646288209607,
        22.480349344978166,
        23,
        24,
        25.50655021834061,
        28.100436681222707,
        29,
        30,
        31.12663755458515,
        33.72052401746725,
        35,
        35,
        36.314410480349345,
        38.043668122270745,
        38,
        38,
        39.77292576419214,
        41.069868995633186,
        41,
        41,
        41.93449781659389,
        42.799126637554586,
        43,
        43,
        43.23144104803494,
        43.23144104803494,
        42,
        42,
        42.366812227074234,
        41.50218340611354,
        41,
        40,
        40.63755458515284,
        39.34061135371179,
        38,
        37,
        37.61135371179039,
        35.44978165938865,
        34,
        33,
        33.2882096069869,
        31.12663755458515,
        30,
        29,
        28.965065502183407,
        26.37117903930131,
        25,
        24,
        23.777292576419214,
        21.183406113537117,
        19,
        18,
        18.58951965065502,
        15.563318777292576,
        14,
        13,
        12.537117903930131,
        9.510917030567686,
        8,
        7,
        6.91703056768559,
        5.187772925764192,
        4,
        3,
        3.0262008733624453,
        1.7292576419213974,
        1,
        0,
        0.8646288209606987,
        0.0,
        0,
        0,
        0.0,
        0.0,
        2,
        3,
        4.323144104803493,
        1.296943231441048,
        1,
        1,
        2.1615720524017465,
        9.943231441048034,
        10,
        10,
        10.375545851528384,
        16.427947598253276,
        19,
        20,
        22.048034934497817,
        27.23580786026201,
        29,
        30,
        31.558951965065503,
        35.0174672489083,
        36,
        36,
        37.17903930131004,
        38.90829694323144,
        39,
        39,
        40.20524017467249,
        41.069868995633186,
        41,
        41,
        41.93449781659389,
        43.23144104803494,
        43,
        43,
        44.52838427947598,
        45.82532751091703,
        46,
        46,
        46.68995633187773,
        47.98689956331878,
        48,
        48,
        49.28384279475983,
        50.148471615720524,
        51,
        51,
        51.877729257641924,
        53.17467248908297,
        54,
        54,
        54.903930131004365,
        57.06550218340611,
        57,
        57,
        58.79475982532751,
        60.956331877729255,
        62,
        62,
        63.11790393013101,
        65.7117903930131,
        66,
        66,
        67.87336244541484,
        70.46724890829694,
        71,
        72,
        73.06113537117903,
        75.65502183406113,
        76,
        77,
        78.24890829694323,
        81.27510917030568,
        82,
        83,
        84.30131004366812,
        87.32751091703057,
        88,
        88,
        89.92139737991266,
        92.08296943231441,
        92,
        92,
        93.8122270742358,
        95.5414847161572,
        96,
        96.83842794759825,
        98.1353711790393,
        98,
        99.0
    ]
}