{
    "x": [
        2.64,
        0.0,
        0,
        0,
        0.66,
        0,
        1.32,
        1,
        1,
        1.98,
        3.3,
        3,
        4,
        5.94,
        6,
        7.26,
        8,
        8,
        9.9,
        11.88,
        12,
        13,
        15.18,
        16,
        17.82,
        19,
        19,
        20.46,
        23.76,
        24,
        25,
        27.06,
        28,
        30.36,
        32,
        33,
        34.32,
        38.28,
        38,
        39,
        41.58,
        43,
        44.88,
        46,
        47,
        48.18,
        51.48,
        52,
        53,
        55.44,
        57,
        59.4,
        61,
        62,
        63.36,
        67.32,
        67,
        68,
        70.62,
        72,
        74.58,
        76,
        76,
        77.88,
        81.18,
        81,
        82,
        83.16,
        84,
        85.14,
        86,
        86,
        87.12,
        88.44,
        88,
        88,
        89.1,
        89,
        90.42,
        91,
        91,
        92.4,
        93.06,
        93,
        93,
        93.72,
        96,
        99.0,
        96,
        94,
        93.06,
        92.4,
        91,
        91,
        90.42,
        89,
        89.1,
        88,
        87,
        87.12,
        84.48,
        83,
        82,
        81.18,
        79,
        77.22,
        74,
        72,
        71.94,
        66.66,
        65,
        64,
        62.04,
        59,
        57.42,
        55,
        53,
        52.8,
        50.16,
        49,
        49,
        48.18,
        48,
        48.18,
        47,
        47,
        47.52,
        48.18,
        48,
        48,
        48.18,
        47,
        47.52,
        47,
        47,
        48.18,
        46.86,
        46,
        46.86,
        46.86,
        46,
        46.2,
        46.86,
        46,
        46.86,
        46.86,
        47,
        47.52,
        48.18,
        48,
        48.18,
        48.18,
        48,
        48.18,
        48.18,
        48,
        48.18,
        49.5,
        49,
        49.5,
        49.5,
        49,
        50.16,
        49.5,
        49,
        50.16,
        50.16,
        50,
        50.16,
        50.16,
        50,
        50.82,
        50.82,
        50,
        50.82
    ],
    "y": [
        11.360655737704919,
        9.331967213114755,
        9,
        9,
        10.549180327868852,
        11,
        12.577868852459016,
        13,
        13,
        14.60655737704918,
        17.040983606557376,
        17,
        18,
        19.06967213114754,
        20,
        21.50409836065574,
        22,
        22,
        23.938524590163933,
        26.37295081967213,
        26,
        27,
        28.807377049180328,
        30,
        31.241803278688526,
        32,
        32,
        33.27049180327869,
        35.704918032786885,
        35,
        36,
        38.13934426229508,
        39,
        40.16803278688525,
        41,
        41,
        42.19672131147541,
        43.81967213114754,
        43,
        44,
        45.03688524590164,
        45,
        45.84836065573771,
        46,
        46,
        46.25409836065574,
        46.25409836065574,
        46,
        46,
        45.84836065573771,
        45,
        45.03688524590164,
        44,
        43,
        43.81967213114754,
        42.60245901639344,
        41,
        41,
        40.57377049180328,
        39,
        38.950819672131146,
        37,
        36,
        36.51639344262295,
        34.48770491803279,
        33,
        33,
        32.05327868852459,
        30,
        29.21311475409836,
        27,
        26,
        26.37295081967213,
        23.12704918032787,
        22,
        21,
        20.28688524590164,
        18,
        17.040983606557376,
        15,
        14,
        13.795081967213115,
        11.360655737704919,
        10,
        9,
        8.520491803278688,
        6,
        4.463114754098361,
        4,
        3,
        3.651639344262295,
        2.028688524590164,
        1,
        1,
        0.8114754098360656,
        0,
        0.0,
        0,
        0,
        0.0,
        0.0,
        0,
        0,
        0.8114754098360656,
        1,
        2.028688524590164,
        3,
        3,
        4.057377049180328,
        7.709016393442623,
        8,
        10,
        12.577868852459016,
        15,
        19.06967213114754,
        22,
        23,
        25.9672131147541,
        32.05327868852459,
        33,
        34,
        37.32786885245902,
        39,
        41.385245901639344,
        42,
        42,
        43.81967213114754,
        45.84836065573771,
        45,
        46,
        47.0655737704918,
        47,
        47.877049180327866,
        48,
        48,
        49.09426229508197,
        50.31147540983606,
        50,
        51.528688524590166,
        53.15163934426229,
        53,
        54.77459016393443,
        56.80327868852459,
        57,
        58.42622950819672,
        60.86065573770492,
        61,
        62.88934426229508,
        65.32377049180327,
        66,
        67.35245901639344,
        69.3811475409836,
        70,
        71.81557377049181,
        73.84426229508196,
        75,
        76.27868852459017,
        78.71311475409836,
        79,
        80.74180327868852,
        83.58196721311475,
        85,
        86.42213114754098,
        88.85655737704919,
        90,
        91.69672131147541,
        94.1311475409836,
        95,
        96.15983606557377,
        97.7827868852459,
        98,
        98.59426229508196,
        99.0,
        98,
        98.18852459016394
    ]
}